{"boundaryID": "MLI-ADM0-42903767", "boundaryISO": "MLI", "boundaryType": "ADM0", "boundaryYear": "1993", "boundarySource-1": "From SALB Data, United Nations", "boundarySource-2": "Institut G\u00e9ographique du Mali", "boundaryCanonical": "Republic of Mali", "boundaryLicense": "UN SALB Data License", "licenseDetail": "", "licenseSource": "https//www.unsalb.org/sites/default/files/wysiwyg_uploads/docs_uploads/SALB_DataSpecifications_v2.0_20210601.pdf", "boundarySourceURL": "https//www.unsalb.org/data/mli", "downloadURL": "https://github.com/wmgeolab/geoBoundaries/raw/main/releaseData/gbAuthoritative/MLI_ADM0.zip", "sourceDataUpdateDate": "Jun 11, 2021", "buildUpdateDate": "Aug 27, 2021"}