<metadata xml:lang="en"><Esri><CreaDate>20171020</CreaDate><CreaTime>11082700</CreaTime><ArcGISFormat>1.0</ArcGISFormat><SyncOnce>FALSE</SyncOnce><DataProperties><lineage><Process ToolSource="c:\program files (x86)\arcgis\desktop10.3\ArcToolbox\Toolboxes\Data Management Tools.tbx\CalculateField" Date="20171020" Time="110827">CalculateField CHN_ADM3 Level "ADM3" VB #</Process><Process ToolSource="c:\program files\arcgis\pro\Resources\ArcToolbox\Toolboxes\Data Management Tools.tbx\UpdateSchema" Date="20210803" Time="154855">UpdateSchema "CIMDATA=&lt;CIMStandardDataConnection xsi:type='typens:CIMStandardDataConnection' xmlns:xsi='http://www.w3.org/2001/XMLSchema-instance' xmlns:xs='http://www.w3.org/2001/XMLSchema' xmlns:typens='http://www.esri.com/schemas/ArcGIS/2.8.0'&gt;&lt;WorkspaceConnectionString&gt;DATABASE=H:\GIS\Data\China\geoBoundaries&lt;/WorkspaceConnectionString&gt;&lt;WorkspaceFactory&gt;Shapefile&lt;/WorkspaceFactory&gt;&lt;Dataset&gt;CHN_ADM3.shp&lt;/Dataset&gt;&lt;DatasetType&gt;esriDTFeatureClass&lt;/DatasetType&gt;&lt;/CIMStandardDataConnection&gt;" &lt;operationSequence&gt;&lt;workflow&gt;&lt;AddField&gt;&lt;field_name&gt;Src&lt;/field_name&gt;&lt;field_type&gt;TEXT&lt;/field_type&gt;&lt;field_length&gt;25&lt;/field_length&gt;&lt;field_is_nullable&gt;False&lt;/field_is_nullable&gt;&lt;field_is_required&gt;False&lt;/field_is_required&gt;&lt;/AddField&gt;&lt;/workflow&gt;&lt;/operationSequence&gt;</Process><Process ToolSource="c:\program files\arcgis\pro\Resources\ArcToolbox\toolboxes\Data Management Tools.tbx\CalculateField" Date="20210803" Time="154923">CalculateField CHN_ADM3 Src 'geoBoundaries' "Python 3" # Text NO_ENFORCE_DOMAINS</Process><Process ToolSource="c:\program files\arcgis\pro\Resources\ArcToolbox\toolboxes\Data Management Tools.tbx\Append" Date="20210803" Time="165852">Append CHN_ADM3_Dissolve2 CHN_ADM3 "Use the field map to reconcile field differences" "NAME "NAME" true false false 54 Text 0 0,First,#,F:\gisprojects\chinaADM3\chinaADM3.gdb\CHN_ADM3_Dissolve2,NAME,0,54;Level "Level" true false false 10 Text 0 0,First,#,F:\gisprojects\chinaADM3\chinaADM3.gdb\CHN_ADM3_Dissolve2,Level,0,10;Src "Src" true false false 25 Text 0 0,First,#,F:\gisprojects\chinaADM3\chinaADM3.gdb\CHN_ADM3_Dissolve2,Src,0,25" # #</Process><Process ToolSource="c:\program files\arcgis\pro\Resources\ArcToolbox\toolboxes\Data Management Tools.tbx\Append" Date="20210804" Time="123751">Append CHN_ADM3_Dissolve3 CHN_ADM3 "Use the field map to reconcile field differences" "NAME "NAME" true false false 54 Text 0 0,First,#,F:\gisprojects\chinaADM3\chinaADM3.gdb\CHN_ADM3_Dissolve3,NAME,0,54;Level "Level" true false false 10 Text 0 0,First,#;Src "Src" true false false 25 Text 0 0,First,#" # #</Process><Process ToolSource="c:\program files\arcgis\pro\Resources\ArcToolbox\toolboxes\Data Management Tools.tbx\Append" Date="20210804" Time="124733">Append CHN_ADM3_Merge1_Dissolve CHN_ADM3 "Use the field map to reconcile field differences" "NAME "NAME" true false false 54 Text 0 0,First,#;Level "Level" true false false 10 Text 0 0,First,#;Src "Src" true false false 25 Text 0 0,First,#" # #</Process><Process ToolSource="c:\program files\arcgis\pro\Resources\ArcToolbox\toolboxes\Data Management Tools.tbx\Append" Date="20210804" Time="125121">Append CHN_ADM3_Merge2_Dissolve CHN_ADM3 "Use the field map to reconcile field differences" "NAME "NAME" true false false 54 Text 0 0,First,#,F:\gisprojects\chinaADM3\chinaADM3.gdb\CHN_ADM3_Merge2_Dissolve,NAME,0,54;Level "Level" true false false 10 Text 0 0,First,#;Src "Src" true false false 25 Text 0 0,First,#" # #</Process><Process ToolSource="c:\program files\arcgis\pro\Resources\ArcToolbox\toolboxes\Conversion Tools.tbx\FeatureClassToFeatureClass" Date="20210804" Time="164710">FeatureClassToFeatureClass CHN_ADM3 H:\GIS\Data\geoboundaries CHN_ADM3.shp # "NAME "NAME" true true false 54 Text 0 0,First,#,CHN_ADM3,NAME,0,54;Level "Level" true true false 10 Text 0 0,First,#,CHN_ADM3,Level,0,10;Src "Source" true true false 25 Text 0 0,First,#,CHN_ADM3,Src,0,25" #</Process><Process ToolSource="c:\program files\arcgis\pro\Resources\ArcToolbox\toolboxes\Conversion Tools.tbx\FeatureClassToFeatureClass" Date="20210809" Time="150221">FeatureClassToFeatureClass C:\Users\lee927663\Downloads\CHN_ADM3_updated\CHN_ADM3.shp C:\Users\lee927663\Documents\ArcGIS\Projects\KHM\KHM.gdb CHN_ADM3 # "NAME "NAME" true true false 54 Text 0 0,First,#,C:\Users\lee927663\Downloads\CHN_ADM3_updated\CHN_ADM3.shp,NAME,0,54;Level "Level" true true false 10 Text 0 0,First,#,C:\Users\lee927663\Downloads\CHN_ADM3_updated\CHN_ADM3.shp,Level,0,10;Src "Src" true true false 25 Text 0 0,First,#,C:\Users\lee927663\Downloads\CHN_ADM3_updated\CHN_ADM3.shp,Src,0,25" #</Process><Process ToolSource="c:\program files\arcgis\pro\Resources\ArcToolbox\toolboxes\Data Management Tools.tbx\Rename" Date="20210809" Time="151649">Rename C:\Users\lee927663\Documents\ArcGIS\Projects\KHM\KHM.gdb\CHN_ADM3 C:\Users\lee927663\Documents\ArcGIS\Projects\KHM\KHM.gdb\CHN_ADM3_ FeatureClass</Process><Process ToolSource="c:\program files\arcgis\pro\Resources\ArcToolbox\toolboxes\Conversion Tools.tbx\FeatureClassToFeatureClass" Date="20210809" Time="151750">FeatureClassToFeatureClass C:\Users\lee927663\Documents\ArcGIS\Projects\KHM\KHM.gdb\CHN_ADM3_ C:\Users\lee927663\Documents\ArcGIS\Projects\KHM\KHM.gdb CHN_ADM3 # "NAME "NAME" true true false 54 Text 0 0,First,#,C:\Users\lee927663\Documents\ArcGIS\Projects\KHM\KHM.gdb\CHN_ADM3_,NAME,0,54;Level "Level" true true false 10 Text 0 0,First,#,C:\Users\lee927663\Documents\ArcGIS\Projects\KHM\KHM.gdb\CHN_ADM3_,Level,0,10" #</Process><Process ToolSource="c:\program files\arcgis\pro\Resources\ArcToolbox\toolboxes\Data Management Tools.tbx\CopyFeatures" Date="20210811" Time="093635">CopyFeatures CHN_ADM3 C:\Users\lee927663\Desktop\CHN_ADM3\CHN_ADM3_1.shp # # # #</Process></lineage><itemProps><itemName Sync="TRUE">CHN_ADM3_1</itemName><imsContentType Sync="TRUE">002</imsContentType><itemSize Sync="TRUE">0.000</itemSize><itemLocation><linkage Sync="TRUE">file://\\APACP927663\C$\Users\lee927663\Desktop\CHN_ADM3\CHN_ADM3_1.shp</linkage><protocol Sync="TRUE">Local Area Network</protocol></itemLocation></itemProps><coordRef><type Sync="TRUE">Geographic</type><geogcsn Sync="TRUE">GCS_WGS_1984</geogcsn><csUnits Sync="TRUE">Angular Unit: Degree (0.017453)</csUnits><peXml Sync="TRUE">&lt;GeographicCoordinateSystem xsi:type='typens:GeographicCoordinateSystem' xmlns:xsi='http://www.w3.org/2001/XMLSchema-instance' xmlns:xs='http://www.w3.org/2001/XMLSchema' xmlns:typens='http://www.esri.com/schemas/ArcGIS/2.8.0'&gt;&lt;WKT&gt;GEOGCS[&amp;quot;GCS_WGS_1984&amp;quot;,DATUM[&amp;quot;D_WGS_1984&amp;quot;,SPHEROID[&amp;quot;WGS_1984&amp;quot;,6378137.0,298.257223563]],PRIMEM[&amp;quot;Greenwich&amp;quot;,0.0],UNIT[&amp;quot;Degree&amp;quot;,0.0174532925199433],AUTHORITY[&amp;quot;EPSG&amp;quot;,4326]]&lt;/WKT&gt;&lt;XOrigin&gt;-400&lt;/XOrigin&gt;&lt;YOrigin&gt;-400&lt;/YOrigin&gt;&lt;XYScale&gt;11258999068426.238&lt;/XYScale&gt;&lt;ZOrigin&gt;-100000&lt;/ZOrigin&gt;&lt;ZScale&gt;10000&lt;/ZScale&gt;&lt;MOrigin&gt;-100000&lt;/MOrigin&gt;&lt;MScale&gt;10000&lt;/MScale&gt;&lt;XYTolerance&gt;8.983152841195215e-09&lt;/XYTolerance&gt;&lt;ZTolerance&gt;0.001&lt;/ZTolerance&gt;&lt;MTolerance&gt;0.001&lt;/MTolerance&gt;&lt;HighPrecision&gt;true&lt;/HighPrecision&gt;&lt;LeftLongitude&gt;-180&lt;/LeftLongitude&gt;&lt;WKID&gt;4326&lt;/WKID&gt;&lt;LatestWKID&gt;4326&lt;/LatestWKID&gt;&lt;/GeographicCoordinateSystem&gt;</peXml></coordRef></DataProperties><SyncDate>20210811</SyncDate><SyncTime>09363300</SyncTime><ModDate>20210811</ModDate><ModTime>09363300</ModTime></Esri><dataIdInfo><envirDesc Sync="TRUE">Microsoft Windows 10 Version 10.0 (Build 19043) ; Esri ArcGIS 12.8.0.29751</envirDesc><dataLang><languageCode value="eng" Sync="TRUE"></languageCode><countryCode value="USA" Sync="TRUE"></countryCode></dataLang><idCitation><resTitle Sync="TRUE">CHN_ADM3_1</resTitle><presForm><PresFormCd value="005" Sync="TRUE"></PresFormCd></presForm></idCitation><spatRpType><SpatRepTypCd value="001" Sync="TRUE"></SpatRepTypCd></spatRpType></dataIdInfo><mdLang><languageCode value="eng" Sync="TRUE"></languageCode><countryCode value="USA" Sync="TRUE"></countryCode></mdLang><mdChar><CharSetCd value="004" Sync="TRUE"></CharSetCd></mdChar><distInfo><distFormat><formatName Sync="TRUE">Shapefile</formatName></distFormat><distTranOps><transSize Sync="TRUE">0.000</transSize></distTranOps></distInfo><mdHrLv><ScopeCd value="005" Sync="TRUE"></ScopeCd></mdHrLv><mdHrLvName Sync="TRUE">dataset</mdHrLvName><refSysInfo><RefSystem><refSysID><identCode code="4326" Sync="TRUE"></identCode><idCodeSpace Sync="TRUE">EPSG</idCodeSpace><idVersion Sync="TRUE">6.2(3.0.1)</idVersion></refSysID></RefSystem></refSysInfo><spatRepInfo><VectSpatRep><geometObjs Name="CHN_ADM3_1"><geoObjTyp><GeoObjTypCd value="002" Sync="TRUE"></GeoObjTypCd></geoObjTyp><geoObjCnt Sync="TRUE">0</geoObjCnt></geometObjs><topLvl><TopoLevCd value="001" Sync="TRUE"></TopoLevCd></topLvl></VectSpatRep></spatRepInfo><spdoinfo><ptvctinf><esriterm Name="CHN_ADM3_1"><efeatyp Sync="TRUE">Simple</efeatyp><efeageom code="4" Sync="TRUE"></efeageom><esritopo Sync="TRUE">FALSE</esritopo><efeacnt Sync="TRUE">0</efeacnt><spindex Sync="TRUE">FALSE</spindex><linrefer Sync="TRUE">FALSE</linrefer></esriterm></ptvctinf></spdoinfo><eainfo><detailed Name="CHN_ADM3_1"><enttyp><enttypl Sync="TRUE">CHN_ADM3_1</enttypl><enttypt Sync="TRUE">Feature Class</enttypt><enttypc Sync="TRUE">0</enttypc></enttyp><attr><attrlabl Sync="TRUE">FID</attrlabl><attalias Sync="TRUE">FID</attalias><attrtype Sync="TRUE">OID</attrtype><attwidth Sync="TRUE">4</attwidth><atprecis Sync="TRUE">0</atprecis><attscale Sync="TRUE">0</attscale><attrdef Sync="TRUE">Internal feature number.</attrdef><attrdefs Sync="TRUE">Esri</attrdefs><attrdomv><udom Sync="TRUE">Sequential unique whole numbers that are automatically generated.</udom></attrdomv></attr><attr><attrlabl Sync="TRUE">Shape</attrlabl><attalias Sync="TRUE">Shape</attalias><attrtype Sync="TRUE">Geometry</attrtype><attwidth Sync="TRUE">0</attwidth><atprecis Sync="TRUE">0</atprecis><attscale Sync="TRUE">0</attscale><attrdef Sync="TRUE">Feature geometry.</attrdef><attrdefs Sync="TRUE">Esri</attrdefs><attrdomv><udom Sync="TRUE">Coordinates defining the features.</udom></attrdomv></attr><attr><attrlabl Sync="TRUE">NAME</attrlabl><attalias Sync="TRUE">NAME</attalias><attrtype Sync="TRUE">String</attrtype><attwidth Sync="TRUE">54</attwidth><atprecis Sync="TRUE">0</atprecis><attscale Sync="TRUE">0</attscale></attr><attr><attrlabl Sync="TRUE">Level</attrlabl><attalias Sync="TRUE">Level</attalias><attrtype Sync="TRUE">String</attrtype><attwidth Sync="TRUE">10</attwidth><atprecis Sync="TRUE">0</atprecis><attscale Sync="TRUE">0</attscale></attr><attr><attrlabl Sync="TRUE">Shape_Leng</attrlabl><attalias Sync="TRUE">Shape_Leng</attalias><attrtype Sync="TRUE">Double</attrtype><attwidth Sync="TRUE">19</attwidth><atprecis Sync="TRUE">0</atprecis><attscale Sync="TRUE">0</attscale></attr><attr><attrlabl Sync="TRUE">Shape_Area</attrlabl><attalias Sync="TRUE">Shape_Area</attalias><attrtype Sync="TRUE">Double</attrtype><attwidth Sync="TRUE">19</attwidth><atprecis Sync="TRUE">0</atprecis><attscale Sync="TRUE">0</attscale><attrdef Sync="TRUE">Area of feature in internal units squared.</attrdef><attrdefs Sync="TRUE">Esri</attrdefs><attrdomv><udom Sync="TRUE">Positive real numbers that are automatically generated.</udom></attrdomv></attr></detailed></eainfo><mdDateSt Sync="TRUE">20210811</mdDateSt></metadata>
