{"boundaryID": "GBR-ADM1-79980223", "boundaryISO": "GBR", "boundaryType": "ADM1", "boundaryYear": "2018.0", "boundarySource-1": "Office of National Statistics Geography", "boundarySource-2": "nan", "boundaryCanonical": "", "boundaryLicense": "Open Data Commons Open Database License 1.0", "licenseDetail": "http//www.nationalarchives.gov.uk/doc/open-government-licence/version/3/", "licenseSource": "http//geoportal.statistics.gov.uk/datasets/local-administrative-units-level-1-january-2018-full-extent-boundaries-in-united-kingdom", "boundarySourceURL": "http//geoportal.statistics.gov.uk/datasets/local-administrative-units-level-1-january-2018-full-extent-boundaries-in-united-kingdom", "downloadURL": "https://github.com/wmgeolab/geoBoundaries/raw/main/releaseData/gbOpen/GBR_ADM1.zip", "sourceDataUpdateDate": "Sep 21, 2020", "buildUpdateDate": "May 27, 2021"}