{"boundaryID": "MAR-ADM1-70788906", "boundaryISO": "MAR", "boundaryType": "ADM1", "boundaryYear": "2017", "boundarySource-1": "OpenStreetMap", "boundarySource-2": "Wambacher", "boundaryCanonical": "Region", "boundaryLicense": "Open Data Commons Open Database License 1.0", "licenseDetail": "Open Data Commons Open Database License 1.0", "licenseSource": "https//www.openstreetmap.org/copyright", "boundarySourceURL": "https//wambachers-osm.website/boundaries/", "downloadURL": "https://github.com/wmgeolab/geoBoundaries/raw/main/releaseData/gbOpen/MAR_ADM1.zip", "sourceDataUpdateDate": "Jan 15, 2021", "buildUpdateDate": "Apr 07, 2021"}