<metadata xml:lang="en"><Esri><CreaDate>20210324</CreaDate><CreaTime>10323600</CreaTime><ArcGISFormat>1.0</ArcGISFormat><SyncOnce>FALSE</SyncOnce><DataProperties><lineage><Process ToolSource="c:\program files\arcgis\pro\Resources\ArcToolbox\toolboxes\Data Management Tools.tbx\CopyFeatures" Date="20201023" Time="115819">CopyFeatures AS_Sub_District "D:\Geographic_Data\ArcGISPro\India SubDistricts\India SubDistricts\UpdateSub_District.gdb\AS_Sub_District" # # # #</Process><Process ToolSource="c:\program files\arcgis\pro\Resources\ArcToolbox\toolboxes\Data Management Tools.tbx\UpdateSchema" Date="20201023" Time="115911">UpdateSchema "CIMDATA=&lt;CIMStandardDataConnection xsi:type='typens:CIMStandardDataConnection' xmlns:xsi='http://www.w3.org/2001/XMLSchema-instance' xmlns:xs='http://www.w3.org/2001/XMLSchema' xmlns:typens='http://www.esri.com/schemas/ArcGIS/2.6.0'&gt;&lt;WorkspaceConnectionString&gt;DATABASE=D:\Geographic_Data\ArcGISPro\India SubDistricts\India SubDistricts\UpdateSub_District.gdb&lt;/WorkspaceConnectionString&gt;&lt;WorkspaceFactory&gt;FileGDB&lt;/WorkspaceFactory&gt;&lt;Dataset&gt;AS_Sub_District&lt;/Dataset&gt;&lt;DatasetType&gt;esriDTFeatureClass&lt;/DatasetType&gt;&lt;/CIMStandardDataConnection&gt;" &lt;operationSequence&gt;&lt;workflow&gt;&lt;DeleteField&gt;&lt;field_name&gt;AS_Sub_District_FID_tehsil&lt;/field_name&gt;&lt;field_name&gt;AS_Sub_District_id&lt;/field_name&gt;&lt;field_name&gt;AS_Sub_District_name_tl&lt;/field_name&gt;&lt;field_name&gt;AS_Sub_District_tl_id_11&lt;/field_name&gt;&lt;field_name&gt;AS_Sub_District_tl_id_01&lt;/field_name&gt;&lt;field_name&gt;AS_Sub_District_tl_id_91&lt;/field_name&gt;&lt;field_name&gt;AS_Sub_District_name_di&lt;/field_name&gt;&lt;field_name&gt;AS_Sub_District_p_di_11&lt;/field_name&gt;&lt;field_name&gt;AS_Sub_District_name_st&lt;/field_name&gt;&lt;field_name&gt;AS_Sub_District_p_st_11&lt;/field_name&gt;&lt;field_name&gt;AS_Sub_District_level&lt;/field_name&gt;&lt;field_name&gt;AS_Sub_District_pop_t_11&lt;/field_name&gt;&lt;field_name&gt;AS_Sub_District_pop_t_01&lt;/field_name&gt;&lt;field_name&gt;AS_Sub_District_pop_t_91&lt;/field_name&gt;&lt;field_name&gt;AS_Sub_District_note1991&lt;/field_name&gt;&lt;field_name&gt;AS_Sub_District_note2001&lt;/field_name&gt;&lt;field_name&gt;AS_Sub_District_note2011&lt;/field_name&gt;&lt;field_name&gt;AS_Sub_District_FID_Distri&lt;/field_name&gt;&lt;field_name&gt;AS_Sub_District_name_di_1&lt;/field_name&gt;&lt;field_name&gt;AS_Sub_District_di_id_11&lt;/field_name&gt;&lt;field_name&gt;AS_Sub_District_di_id_01&lt;/field_name&gt;&lt;field_name&gt;AS_Sub_District_di_id_91&lt;/field_name&gt;&lt;field_name&gt;Sheet1__Census_2011_Code&lt;/field_name&gt;&lt;field_name&gt;Sheet1__ObjectID&lt;/field_name&gt;&lt;/DeleteField&gt;&lt;/workflow&gt;&lt;workflow&gt;&lt;AlterField&gt;&lt;field_name&gt;Sheet1__Admin1&lt;/field_name&gt;&lt;new_field_name&gt;Admin1&lt;/new_field_name&gt;&lt;field_type&gt;TEXT&lt;/field_type&gt;&lt;field_is_nullable&gt;True&lt;/field_is_nullable&gt;&lt;clear_field_alias&gt;False&lt;/clear_field_alias&gt;&lt;/AlterField&gt;&lt;/workflow&gt;&lt;workflow&gt;&lt;AlterField&gt;&lt;field_name&gt;Sheet1__Admin1_lo&lt;/field_name&gt;&lt;new_field_name&gt;Admin1_lo&lt;/new_field_name&gt;&lt;field_type&gt;TEXT&lt;/field_type&gt;&lt;field_is_nullable&gt;True&lt;/field_is_nullable&gt;&lt;clear_field_alias&gt;False&lt;/clear_field_alias&gt;&lt;/AlterField&gt;&lt;/workflow&gt;&lt;workflow&gt;&lt;AlterField&gt;&lt;field_name&gt;Sheet1__Admin1_cur&lt;/field_name&gt;&lt;new_field_name&gt;Admin1_cur&lt;/new_field_name&gt;&lt;field_type&gt;TEXT&lt;/field_type&gt;&lt;field_is_nullable&gt;True&lt;/field_is_nullable&gt;&lt;clear_field_alias&gt;False&lt;/clear_field_alias&gt;&lt;/AlterField&gt;&lt;/workflow&gt;&lt;workflow&gt;&lt;AlterField&gt;&lt;field_name&gt;Sheet1__Admin3&lt;/field_name&gt;&lt;new_field_name&gt;Admin3&lt;/new_field_name&gt;&lt;field_type&gt;TEXT&lt;/field_type&gt;&lt;field_is_nullable&gt;True&lt;/field_is_nullable&gt;&lt;clear_field_alias&gt;False&lt;/clear_field_alias&gt;&lt;/AlterField&gt;&lt;/workflow&gt;&lt;workflow&gt;&lt;AlterField&gt;&lt;field_name&gt;Sheet1__Admin3_lo&lt;/field_name&gt;&lt;new_field_name&gt;Admin3_lo&lt;/new_field_name&gt;&lt;field_type&gt;TEXT&lt;/field_type&gt;&lt;field_is_nullable&gt;True&lt;/field_is_nullable&gt;&lt;clear_field_alias&gt;False&lt;/clear_field_alias&gt;&lt;/AlterField&gt;&lt;/workflow&gt;&lt;workflow&gt;&lt;AlterField&gt;&lt;field_name&gt;Sheet1__Admin3_cur&lt;/field_name&gt;&lt;new_field_name&gt;Admin3_cur&lt;/new_field_name&gt;&lt;field_type&gt;TEXT&lt;/field_type&gt;&lt;field_is_nullable&gt;True&lt;/field_is_nullable&gt;&lt;clear_field_alias&gt;False&lt;/clear_field_alias&gt;&lt;/AlterField&gt;&lt;/workflow&gt;&lt;workflow&gt;&lt;AlterField&gt;&lt;field_name&gt;Sheet1__Admin4&lt;/field_name&gt;&lt;new_field_name&gt;Admin4&lt;/new_field_name&gt;&lt;field_type&gt;TEXT&lt;/field_type&gt;&lt;field_is_nullable&gt;True&lt;/field_is_nullable&gt;&lt;clear_field_alias&gt;False&lt;/clear_field_alias&gt;&lt;/AlterField&gt;&lt;/workflow&gt;&lt;workflow&gt;&lt;AlterField&gt;&lt;field_name&gt;Sheet1__Admin4_lo&lt;/field_name&gt;&lt;new_field_name&gt;Admin4_lo&lt;/new_field_name&gt;&lt;field_type&gt;TEXT&lt;/field_type&gt;&lt;field_is_nullable&gt;True&lt;/field_is_nullable&gt;&lt;clear_field_alias&gt;False&lt;/clear_field_alias&gt;&lt;/AlterField&gt;&lt;/workflow&gt;&lt;workflow&gt;&lt;AlterField&gt;&lt;field_name&gt;Sheet1__Admin4_cur&lt;/field_name&gt;&lt;new_field_name&gt;Admin4_cur&lt;/new_field_name&gt;&lt;field_type&gt;TEXT&lt;/field_type&gt;&lt;field_is_nullable&gt;True&lt;/field_is_nullable&gt;&lt;clear_field_alias&gt;False&lt;/clear_field_alias&gt;&lt;/AlterField&gt;&lt;/workflow&gt;&lt;/operationSequence&gt;</Process><Process ToolSource="c:\program files\arcgis\pro\Resources\ArcToolbox\toolboxes\Data Management Tools.tbx\Merge" Date="20201102" Time="155502">Merge 'D:\Geographic_Data\ArcGISPro\India SubDistricts\India SubDistricts\UpdateSub_District.gdb\AS_Sub_District';'D:\Geographic_Data\ArcGISPro\India SubDistricts\India SubDistricts\UpdateSub_District.gdb\AN_Sub_District';'D:\Geographic_Data\ArcGISPro\India SubDistricts\India SubDistricts\UpdateSub_District.gdb\AP_Sub_District';'D:\Geographic_Data\ArcGISPro\India SubDistricts\India SubDistricts\UpdateSub_District.gdb\AR_Sub_District';'D:\Geographic_Data\ArcGISPro\India SubDistricts\India SubDistricts\UpdateSub_District.gdb\BR_Sub_District';'D:\Geographic_Data\ArcGISPro\India SubDistricts\India SubDistricts\UpdateSub_District.gdb\CH_Sub_District';'D:\Geographic_Data\ArcGISPro\India SubDistricts\India SubDistricts\UpdateSub_District.gdb\CT_Sub_District';'D:\Geographic_Data\ArcGISPro\India SubDistricts\India SubDistricts\UpdateSub_District.gdb\DD_Sub_District';'D:\Geographic_Data\ArcGISPro\India SubDistricts\India SubDistricts\UpdateSub_District.gdb\DL_Sub_District';'D:\Geographic_Data\ArcGISPro\India SubDistricts\India SubDistricts\UpdateSub_District.gdb\DN_Sub_District';'D:\Geographic_Data\ArcGISPro\India SubDistricts\India SubDistricts\UpdateSub_District.gdb\GA_Sub_District';'D:\Geographic_Data\ArcGISPro\India SubDistricts\India SubDistricts\UpdateSub_District.gdb\GJ_Sub_District';'D:\Geographic_Data\ArcGISPro\India SubDistricts\India SubDistricts\UpdateSub_District.gdb\HP_Sub_District';'D:\Geographic_Data\ArcGISPro\India SubDistricts\India SubDistricts\UpdateSub_District.gdb\HR_Sub_District';'D:\Geographic_Data\ArcGISPro\India SubDistricts\India SubDistricts\UpdateSub_District.gdb\JH_Sub_District';'D:\Geographic_Data\ArcGISPro\India SubDistricts\India SubDistricts\UpdateSub_District.gdb\JK_Sub_District';'D:\Geographic_Data\ArcGISPro\India SubDistricts\India SubDistricts\UpdateSub_District.gdb\KA_Sub_District';'D:\Geographic_Data\ArcGISPro\India SubDistricts\India SubDistricts\UpdateSub_District.gdb\KL_Sub_District';'D:\Geographic_Data\ArcGISPro\India SubDistricts\India SubDistricts\UpdateSub_District.gdb\LD_Sub_District';'D:\Geographic_Data\ArcGISPro\India SubDistricts\India SubDistricts\UpdateSub_District.gdb\LH_Sub_District';'D:\Geographic_Data\ArcGISPro\India SubDistricts\India SubDistricts\UpdateSub_District.gdb\MH_Sub_District';'D:\Geographic_Data\ArcGISPro\India SubDistricts\India SubDistricts\UpdateSub_District.gdb\ML_Sub_District';'D:\Geographic_Data\ArcGISPro\India SubDistricts\India SubDistricts\UpdateSub_District.gdb\MN_Sub_District';'D:\Geographic_Data\ArcGISPro\India SubDistricts\India SubDistricts\UpdateSub_District.gdb\MP_Sub_District';'D:\Geographic_Data\ArcGISPro\India SubDistricts\India SubDistricts\UpdateSub_District.gdb\MZ_Sub_District';'D:\Geographic_Data\ArcGISPro\India SubDistricts\India SubDistricts\UpdateSub_District.gdb\NL_Sub_District';'D:\Geographic_Data\ArcGISPro\India SubDistricts\India SubDistricts\UpdateSub_District.gdb\OR_Sub_District';'D:\Geographic_Data\ArcGISPro\India SubDistricts\India SubDistricts\UpdateSub_District.gdb\PB_Sub_District';'D:\Geographic_Data\ArcGISPro\India SubDistricts\India SubDistricts\UpdateSub_District.gdb\PY_Sub_District';'D:\Geographic_Data\ArcGISPro\India SubDistricts\India SubDistricts\UpdateSub_District.gdb\RJ_Sub_District';'D:\Geographic_Data\ArcGISPro\India SubDistricts\India SubDistricts\UpdateSub_District.gdb\SK_Sub_District';'D:\Geographic_Data\ArcGISPro\India SubDistricts\India SubDistricts\UpdateSub_District.gdb\TG_Sub_District';'D:\Geographic_Data\ArcGISPro\India SubDistricts\India SubDistricts\UpdateSub_District.gdb\TN_Sub_District';'D:\Geographic_Data\ArcGISPro\India SubDistricts\India SubDistricts\UpdateSub_District.gdb\TR_Sub_District';'D:\Geographic_Data\ArcGISPro\India SubDistricts\India SubDistricts\UpdateSub_District.gdb\UP_Sub_District';'D:\Geographic_Data\ArcGISPro\India SubDistricts\India SubDistricts\UpdateSub_District.gdb\UT_Sub_District';'D:\Geographic_Data\ArcGISPro\India SubDistricts\India SubDistricts\UpdateSub_District.gdb\WB_Sub_District' "D:\Geographic_Data\ArcGISPro\India SubDistricts\India SubDistricts\MyProject.gdb\Sub_District_Merge" "Admin1 "Admin1" true true false 255 Text 0 0,First,#,D:\Geographic_Data\ArcGISPro\India SubDistricts\India SubDistricts\UpdateSub_District.gdb\AS_Sub_District,Admin1,0,255,D:\Geographic_Data\ArcGISPro\India SubDistricts\India SubDistricts\UpdateSub_District.gdb\AN_Sub_District,Admin1,0,255,D:\Geographic_Data\ArcGISPro\India SubDistricts\India SubDistricts\UpdateSub_District.gdb\AP_Sub_District,Admin1,0,255,D:\Geographic_Data\ArcGISPro\India SubDistricts\India SubDistricts\UpdateSub_District.gdb\AR_Sub_District,Admin1,0,255,D:\Geographic_Data\ArcGISPro\India SubDistricts\India SubDistricts\UpdateSub_District.gdb\BR_Sub_District,Admin1,0,255,D:\Geographic_Data\ArcGISPro\India SubDistricts\India SubDistricts\UpdateSub_District.gdb\CH_Sub_District,Admin1,0,255,D:\Geographic_Data\ArcGISPro\India SubDistricts\India SubDistricts\UpdateSub_District.gdb\CT_Sub_District,Admin1,0,255,D:\Geographic_Data\ArcGISPro\India SubDistricts\India SubDistricts\UpdateSub_District.gdb\DD_Sub_District,Admin1,0,255,D:\Geographic_Data\ArcGISPro\India SubDistricts\India SubDistricts\UpdateSub_District.gdb\DL_Sub_District,Admin1,0,255,D:\Geographic_Data\ArcGISPro\India SubDistricts\India SubDistricts\UpdateSub_District.gdb\DN_Sub_District,Admin1,0,255,D:\Geographic_Data\ArcGISPro\India SubDistricts\India SubDistricts\UpdateSub_District.gdb\GA_Sub_District,Admin1,0,255,D:\Geographic_Data\ArcGISPro\India SubDistricts\India SubDistricts\UpdateSub_District.gdb\GJ_Sub_District,Admin1,0,255,D:\Geographic_Data\ArcGISPro\India SubDistricts\India SubDistricts\UpdateSub_District.gdb\HP_Sub_District,Admin1,0,255,D:\Geographic_Data\ArcGISPro\India SubDistricts\India SubDistricts\UpdateSub_District.gdb\HR_Sub_District,Admin1,0,255,D:\Geographic_Data\ArcGISPro\India SubDistricts\India SubDistricts\UpdateSub_District.gdb\JH_Sub_District,Admin1,0,255,D:\Geographic_Data\ArcGISPro\India SubDistricts\India SubDistricts\UpdateSub_District.gdb\JK_Sub_District,Admin1,0,255,D:\Geographic_Data\ArcGISPro\India SubDistricts\India SubDistricts\UpdateSub_District.gdb\KA_Sub_District,Admin1,0,255,D:\Geographic_Data\ArcGISPro\India SubDistricts\India SubDistricts\UpdateSub_District.gdb\KL_Sub_District,Admin1,0,255,D:\Geographic_Data\ArcGISPro\India SubDistricts\India SubDistricts\UpdateSub_District.gdb\LD_Sub_District,Admin1,0,255,D:\Geographic_Data\ArcGISPro\India SubDistricts\India SubDistricts\UpdateSub_District.gdb\LH_Sub_District,Admin1,0,255,D:\Geographic_Data\ArcGISPro\India SubDistricts\India SubDistricts\UpdateSub_District.gdb\MH_Sub_District,Admin1,0,255,D:\Geographic_Data\ArcGISPro\India SubDistricts\India SubDistricts\UpdateSub_District.gdb\ML_Sub_District,Admin1,0,255,D:\Geographic_Data\ArcGISPro\India SubDistricts\India SubDistricts\UpdateSub_District.gdb\MN_Sub_District,Admin1,0,255,D:\Geographic_Data\ArcGISPro\India SubDistricts\India SubDistricts\UpdateSub_District.gdb\MP_Sub_District,Admin1,0,255,D:\Geographic_Data\ArcGISPro\India SubDistricts\India SubDistricts\UpdateSub_District.gdb\MZ_Sub_District,Admin1,0,255,D:\Geographic_Data\ArcGISPro\India SubDistricts\India SubDistricts\UpdateSub_District.gdb\NL_Sub_District,Admin1,0,255,D:\Geographic_Data\ArcGISPro\India SubDistricts\India SubDistricts\UpdateSub_District.gdb\OR_Sub_District,Admin1,0,255,D:\Geographic_Data\ArcGISPro\India SubDistricts\India SubDistricts\UpdateSub_District.gdb\PB_Sub_District,Admin1,0,255,D:\Geographic_Data\ArcGISPro\India SubDistricts\India SubDistricts\UpdateSub_District.gdb\PY_Sub_District,Admin1,0,255,D:\Geographic_Data\ArcGISPro\India SubDistricts\India SubDistricts\UpdateSub_District.gdb\RJ_Sub_District,Admin1,0,255,D:\Geographic_Data\ArcGISPro\India SubDistricts\India SubDistricts\UpdateSub_District.gdb\SK_Sub_District,Admin1,0,255,D:\Geographic_Data\ArcGISPro\India SubDistricts\India SubDistricts\UpdateSub_District.gdb\TG_Sub_District,Admin1,0,255,D:\Geographic_Data\ArcGISPro\India SubDistricts\India SubDistricts\UpdateSub_District.gdb\TN_Sub_District,Admin1,0,255,D:\Geographic_Data\ArcGISPro\India SubDistricts\India SubDistricts\UpdateSub_District.gdb\TR_Sub_District,Admin1,0,255,D:\Geographic_Data\ArcGISPro\India SubDistricts\India SubDistricts\UpdateSub_District.gdb\UP_Sub_District,Admin1,0,255,D:\Geographic_Data\ArcGISPro\India SubDistricts\India SubDistricts\UpdateSub_District.gdb\UT_Sub_District,Admin1,0,255,D:\Geographic_Data\ArcGISPro\India SubDistricts\India SubDistricts\UpdateSub_District.gdb\WB_Sub_District,Admin1,0,255;Admin1_lo "Admin1_lo" true true false 255 Text 0 0,First,#,D:\Geographic_Data\ArcGISPro\India SubDistricts\India SubDistricts\UpdateSub_District.gdb\AS_Sub_District,Admin1_lo,0,255,D:\Geographic_Data\ArcGISPro\India SubDistricts\India SubDistricts\UpdateSub_District.gdb\AN_Sub_District,Admin1_lo,0,255,D:\Geographic_Data\ArcGISPro\India SubDistricts\India SubDistricts\UpdateSub_District.gdb\AP_Sub_District,Admin1_lo,0,255,D:\Geographic_Data\ArcGISPro\India SubDistricts\India SubDistricts\UpdateSub_District.gdb\AR_Sub_District,Admin1_lo,0,255,D:\Geographic_Data\ArcGISPro\India SubDistricts\India SubDistricts\UpdateSub_District.gdb\BR_Sub_District,Admin1_lo,0,255,D:\Geographic_Data\ArcGISPro\India SubDistricts\India SubDistricts\UpdateSub_District.gdb\CH_Sub_District,Admin1_lo,0,255,D:\Geographic_Data\ArcGISPro\India SubDistricts\India SubDistricts\UpdateSub_District.gdb\CT_Sub_District,Admin1_lo,0,255,D:\Geographic_Data\ArcGISPro\India SubDistricts\India SubDistricts\UpdateSub_District.gdb\DD_Sub_District,Admin1_lo,0,255,D:\Geographic_Data\ArcGISPro\India SubDistricts\India SubDistricts\UpdateSub_District.gdb\DL_Sub_District,Admin1_lo,0,255,D:\Geographic_Data\ArcGISPro\India SubDistricts\India SubDistricts\UpdateSub_District.gdb\DN_Sub_District,Admin1_lo,0,255,D:\Geographic_Data\ArcGISPro\India SubDistricts\India SubDistricts\UpdateSub_District.gdb\GA_Sub_District,Admin1_lo,0,255,D:\Geographic_Data\ArcGISPro\India SubDistricts\India SubDistricts\UpdateSub_District.gdb\GJ_Sub_District,Admin1_lo,0,255,D:\Geographic_Data\ArcGISPro\India SubDistricts\India SubDistricts\UpdateSub_District.gdb\HP_Sub_District,Admin1_lo,0,255,D:\Geographic_Data\ArcGISPro\India SubDistricts\India SubDistricts\UpdateSub_District.gdb\HR_Sub_District,Admin1_lo,0,255,D:\Geographic_Data\ArcGISPro\India SubDistricts\India SubDistricts\UpdateSub_District.gdb\JH_Sub_District,Admin1_lo,0,255,D:\Geographic_Data\ArcGISPro\India SubDistricts\India SubDistricts\UpdateSub_District.gdb\JK_Sub_District,Admin1_lo,0,255,D:\Geographic_Data\ArcGISPro\India SubDistricts\India SubDistricts\UpdateSub_District.gdb\KA_Sub_District,Admin1_lo,0,255,D:\Geographic_Data\ArcGISPro\India SubDistricts\India SubDistricts\UpdateSub_District.gdb\KL_Sub_District,Admin1_lo,0,255,D:\Geographic_Data\ArcGISPro\India SubDistricts\India SubDistricts\UpdateSub_District.gdb\LD_Sub_District,Admin1_lo,0,255,D:\Geographic_Data\ArcGISPro\India SubDistricts\India SubDistricts\UpdateSub_District.gdb\LH_Sub_District,Admin1_lo,0,255,D:\Geographic_Data\ArcGISPro\India SubDistricts\India SubDistricts\UpdateSub_District.gdb\MH_Sub_District,Admin1_lo,0,255,D:\Geographic_Data\ArcGISPro\India SubDistricts\India SubDistricts\UpdateSub_District.gdb\ML_Sub_District,Admin1_lo,0,255,D:\Geographic_Data\ArcGISPro\India SubDistricts\India SubDistricts\UpdateSub_District.gdb\MN_Sub_District,Admin1_lo,0,255,D:\Geographic_Data\ArcGISPro\India SubDistricts\India SubDistricts\UpdateSub_District.gdb\MP_Sub_District,Admin1_lo,0,255,D:\Geographic_Data\ArcGISPro\India SubDistricts\India SubDistricts\UpdateSub_District.gdb\MZ_Sub_District,Admin1_lo,0,255,D:\Geographic_Data\ArcGISPro\India SubDistricts\India SubDistricts\UpdateSub_District.gdb\NL_Sub_District,Admin1_lo,0,255,D:\Geographic_Data\ArcGISPro\India SubDistricts\India SubDistricts\UpdateSub_District.gdb\OR_Sub_District,Admin1_lo,0,255,D:\Geographic_Data\ArcGISPro\India SubDistricts\India SubDistricts\UpdateSub_District.gdb\PB_Sub_District,Admin1_lo,0,255,D:\Geographic_Data\ArcGISPro\India SubDistricts\India SubDistricts\UpdateSub_District.gdb\PY_Sub_District,Admin1_lo,0,255,D:\Geographic_Data\ArcGISPro\India SubDistricts\India SubDistricts\UpdateSub_District.gdb\RJ_Sub_District,Admin1_lo,0,255,D:\Geographic_Data\ArcGISPro\India SubDistricts\India SubDistricts\UpdateSub_District.gdb\SK_Sub_District,Admin1_lo,0,255,D:\Geographic_Data\ArcGISPro\India SubDistricts\India SubDistricts\UpdateSub_District.gdb\TG_Sub_District,Admin1_lo,0,255,D:\Geographic_Data\ArcGISPro\India SubDistricts\India SubDistricts\UpdateSub_District.gdb\TN_Sub_District,Admin1_lo,0,255,D:\Geographic_Data\ArcGISPro\India SubDistricts\India SubDistricts\UpdateSub_District.gdb\TR_Sub_District,Admin1_lo,0,255,D:\Geographic_Data\ArcGISPro\India SubDistricts\India SubDistricts\UpdateSub_District.gdb\UP_Sub_District,Admin1_lo,0,255,D:\Geographic_Data\ArcGISPro\India SubDistricts\India SubDistricts\UpdateSub_District.gdb\UT_Sub_District,Admin1_lo,0,255,D:\Geographic_Data\ArcGISPro\India SubDistricts\India SubDistricts\UpdateSub_District.gdb\WB_Sub_District,Admin1_lo,0,255;Admin1_cur "Admin1_cur" true true false 255 Text 0 0,First,#,D:\Geographic_Data\ArcGISPro\India SubDistricts\India SubDistricts\UpdateSub_District.gdb\AS_Sub_District,Admin1_cur,0,255,D:\Geographic_Data\ArcGISPro\India SubDistricts\India SubDistricts\UpdateSub_District.gdb\AN_Sub_District,Admin1_cur,0,255,D:\Geographic_Data\ArcGISPro\India SubDistricts\India SubDistricts\UpdateSub_District.gdb\AP_Sub_District,Admin1_cur,0,255,D:\Geographic_Data\ArcGISPro\India SubDistricts\India SubDistricts\UpdateSub_District.gdb\AR_Sub_District,Admin1_cur,0,255,D:\Geographic_Data\ArcGISPro\India SubDistricts\India SubDistricts\UpdateSub_District.gdb\BR_Sub_District,Admin1_cur,0,255,D:\Geographic_Data\ArcGISPro\India SubDistricts\India SubDistricts\UpdateSub_District.gdb\CH_Sub_District,Admin1_cur,0,255,D:\Geographic_Data\ArcGISPro\India SubDistricts\India SubDistricts\UpdateSub_District.gdb\CT_Sub_District,Admin1_cur,0,255,D:\Geographic_Data\ArcGISPro\India SubDistricts\India SubDistricts\UpdateSub_District.gdb\DD_Sub_District,Admin1_cur,0,255,D:\Geographic_Data\ArcGISPro\India SubDistricts\India SubDistricts\UpdateSub_District.gdb\DL_Sub_District,Admin1_cur,0,255,D:\Geographic_Data\ArcGISPro\India SubDistricts\India SubDistricts\UpdateSub_District.gdb\DN_Sub_District,Admin1_cur,0,255,D:\Geographic_Data\ArcGISPro\India SubDistricts\India SubDistricts\UpdateSub_District.gdb\GA_Sub_District,Admin1_cur,0,255,D:\Geographic_Data\ArcGISPro\India SubDistricts\India SubDistricts\UpdateSub_District.gdb\GJ_Sub_District,Admin1_cur,0,255,D:\Geographic_Data\ArcGISPro\India SubDistricts\India SubDistricts\UpdateSub_District.gdb\HP_Sub_District,Admin1_cur,0,255,D:\Geographic_Data\ArcGISPro\India SubDistricts\India SubDistricts\UpdateSub_District.gdb\HR_Sub_District,Admin1_cur,0,255,D:\Geographic_Data\ArcGISPro\India SubDistricts\India SubDistricts\UpdateSub_District.gdb\JH_Sub_District,Admin1_cur,0,255,D:\Geographic_Data\ArcGISPro\India SubDistricts\India SubDistricts\UpdateSub_District.gdb\JK_Sub_District,Admin1_cur,0,255,D:\Geographic_Data\ArcGISPro\India SubDistricts\India SubDistricts\UpdateSub_District.gdb\KA_Sub_District,Admin1_cur,0,255,D:\Geographic_Data\ArcGISPro\India SubDistricts\India SubDistricts\UpdateSub_District.gdb\KL_Sub_District,Admin1_cur,0,255,D:\Geographic_Data\ArcGISPro\India SubDistricts\India SubDistricts\UpdateSub_District.gdb\LD_Sub_District,Admin1_cur,0,255,D:\Geographic_Data\ArcGISPro\India SubDistricts\India SubDistricts\UpdateSub_District.gdb\LH_Sub_District,Admin1_cur,0,255,D:\Geographic_Data\ArcGISPro\India SubDistricts\India SubDistricts\UpdateSub_District.gdb\MH_Sub_District,Admin1_cur,0,255,D:\Geographic_Data\ArcGISPro\India SubDistricts\India SubDistricts\UpdateSub_District.gdb\ML_Sub_District,Admin1_cur,0,255,D:\Geographic_Data\ArcGISPro\India SubDistricts\India SubDistricts\UpdateSub_District.gdb\MN_Sub_District,Admin1_cur,0,255,D:\Geographic_Data\ArcGISPro\India SubDistricts\India SubDistricts\UpdateSub_District.gdb\MP_Sub_District,Admin1_cur,0,255,D:\Geographic_Data\ArcGISPro\India SubDistricts\India SubDistricts\UpdateSub_District.gdb\MZ_Sub_District,Admin1_cur,0,255,D:\Geographic_Data\ArcGISPro\India SubDistricts\India SubDistricts\UpdateSub_District.gdb\NL_Sub_District,Admin1_cur,0,255,D:\Geographic_Data\ArcGISPro\India SubDistricts\India SubDistricts\UpdateSub_District.gdb\OR_Sub_District,Admin1_cur,0,255,D:\Geographic_Data\ArcGISPro\India SubDistricts\India SubDistricts\UpdateSub_District.gdb\PB_Sub_District,Admin1_cur,0,255,D:\Geographic_Data\ArcGISPro\India SubDistricts\India SubDistricts\UpdateSub_District.gdb\PY_Sub_District,Admin1_cur,0,255,D:\Geographic_Data\ArcGISPro\India SubDistricts\India SubDistricts\UpdateSub_District.gdb\RJ_Sub_District,Admin1_cur,0,255,D:\Geographic_Data\ArcGISPro\India SubDistricts\India SubDistricts\UpdateSub_District.gdb\SK_Sub_District,Admin1_cur,0,255,D:\Geographic_Data\ArcGISPro\India SubDistricts\India SubDistricts\UpdateSub_District.gdb\TG_Sub_District,Admin1_cur,0,255,D:\Geographic_Data\ArcGISPro\India SubDistricts\India SubDistricts\UpdateSub_District.gdb\TN_Sub_District,Admin1_cur,0,255,D:\Geographic_Data\ArcGISPro\India SubDistricts\India SubDistricts\UpdateSub_District.gdb\TR_Sub_District,Admin1_cur,0,255,D:\Geographic_Data\ArcGISPro\India SubDistricts\India SubDistricts\UpdateSub_District.gdb\UP_Sub_District,Admin1_cur,0,255,D:\Geographic_Data\ArcGISPro\India SubDistricts\India SubDistricts\UpdateSub_District.gdb\UT_Sub_District,Admin1_cur,0,255,D:\Geographic_Data\ArcGISPro\India SubDistricts\India SubDistricts\UpdateSub_District.gdb\WB_Sub_District,Admin1_cur,0,255;Admin3 "Admin3" true true false 255 Text 0 0,First,#,D:\Geographic_Data\ArcGISPro\India SubDistricts\India SubDistricts\UpdateSub_District.gdb\AS_Sub_District,Admin3,0,255,D:\Geographic_Data\ArcGISPro\India SubDistricts\India SubDistricts\UpdateSub_District.gdb\AN_Sub_District,Admin3,0,255,D:\Geographic_Data\ArcGISPro\India SubDistricts\India SubDistricts\UpdateSub_District.gdb\AP_Sub_District,Admin3,0,255,D:\Geographic_Data\ArcGISPro\India SubDistricts\India SubDistricts\UpdateSub_District.gdb\AR_Sub_District,Admin3,0,255,D:\Geographic_Data\ArcGISPro\India SubDistricts\India SubDistricts\UpdateSub_District.gdb\BR_Sub_District,Admin3,0,255,D:\Geographic_Data\ArcGISPro\India SubDistricts\India SubDistricts\UpdateSub_District.gdb\CH_Sub_District,Admin3,0,255,D:\Geographic_Data\ArcGISPro\India SubDistricts\India SubDistricts\UpdateSub_District.gdb\CT_Sub_District,Admin3,0,255,D:\Geographic_Data\ArcGISPro\India SubDistricts\India SubDistricts\UpdateSub_District.gdb\DD_Sub_District,Admin3,0,255,D:\Geographic_Data\ArcGISPro\India SubDistricts\India SubDistricts\UpdateSub_District.gdb\DL_Sub_District,Admin3,0,255,D:\Geographic_Data\ArcGISPro\India SubDistricts\India SubDistricts\UpdateSub_District.gdb\DN_Sub_District,Admin3,0,255,D:\Geographic_Data\ArcGISPro\India SubDistricts\India SubDistricts\UpdateSub_District.gdb\GA_Sub_District,Admin3,0,255,D:\Geographic_Data\ArcGISPro\India SubDistricts\India SubDistricts\UpdateSub_District.gdb\GJ_Sub_District,Admin3,0,255,D:\Geographic_Data\ArcGISPro\India SubDistricts\India SubDistricts\UpdateSub_District.gdb\HP_Sub_District,Admin3,0,255,D:\Geographic_Data\ArcGISPro\India SubDistricts\India SubDistricts\UpdateSub_District.gdb\HR_Sub_District,Admin3,0,255,D:\Geographic_Data\ArcGISPro\India SubDistricts\India SubDistricts\UpdateSub_District.gdb\JH_Sub_District,Admin3,0,255,D:\Geographic_Data\ArcGISPro\India SubDistricts\India SubDistricts\UpdateSub_District.gdb\JK_Sub_District,Admin3,0,255,D:\Geographic_Data\ArcGISPro\India SubDistricts\India SubDistricts\UpdateSub_District.gdb\KA_Sub_District,Admin3,0,255,D:\Geographic_Data\ArcGISPro\India SubDistricts\India SubDistricts\UpdateSub_District.gdb\KL_Sub_District,Admin3,0,255,D:\Geographic_Data\ArcGISPro\India SubDistricts\India SubDistricts\UpdateSub_District.gdb\LD_Sub_District,Admin3,0,255,D:\Geographic_Data\ArcGISPro\India SubDistricts\India SubDistricts\UpdateSub_District.gdb\LH_Sub_District,Admin3,0,255,D:\Geographic_Data\ArcGISPro\India SubDistricts\India SubDistricts\UpdateSub_District.gdb\MH_Sub_District,Admin3,0,255,D:\Geographic_Data\ArcGISPro\India SubDistricts\India SubDistricts\UpdateSub_District.gdb\ML_Sub_District,Admin3,0,255,D:\Geographic_Data\ArcGISPro\India SubDistricts\India SubDistricts\UpdateSub_District.gdb\MN_Sub_District,Admin3,0,255,D:\Geographic_Data\ArcGISPro\India SubDistricts\India SubDistricts\UpdateSub_District.gdb\MP_Sub_District,Admin3,0,255,D:\Geographic_Data\ArcGISPro\India SubDistricts\India SubDistricts\UpdateSub_District.gdb\MZ_Sub_District,Admin3,0,255,D:\Geographic_Data\ArcGISPro\India SubDistricts\India SubDistricts\UpdateSub_District.gdb\NL_Sub_District,Admin3,0,255,D:\Geographic_Data\ArcGISPro\India SubDistricts\India SubDistricts\UpdateSub_District.gdb\OR_Sub_District,Admin3,0,255,D:\Geographic_Data\ArcGISPro\India SubDistricts\India SubDistricts\UpdateSub_District.gdb\PB_Sub_District,Admin3,0,255,D:\Geographic_Data\ArcGISPro\India SubDistricts\India SubDistricts\UpdateSub_District.gdb\PY_Sub_District,Admin3,0,255,D:\Geographic_Data\ArcGISPro\India SubDistricts\India SubDistricts\UpdateSub_District.gdb\RJ_Sub_District,Admin3,0,255,D:\Geographic_Data\ArcGISPro\India SubDistricts\India SubDistricts\UpdateSub_District.gdb\SK_Sub_District,Admin3,0,255,D:\Geographic_Data\ArcGISPro\India SubDistricts\India SubDistricts\UpdateSub_District.gdb\TG_Sub_District,Admin3,0,255,D:\Geographic_Data\ArcGISPro\India SubDistricts\India SubDistricts\UpdateSub_District.gdb\TN_Sub_District,Admin3,0,255,D:\Geographic_Data\ArcGISPro\India SubDistricts\India SubDistricts\UpdateSub_District.gdb\TR_Sub_District,Admin3,0,255,D:\Geographic_Data\ArcGISPro\India SubDistricts\India SubDistricts\UpdateSub_District.gdb\UP_Sub_District,Admin3,0,255,D:\Geographic_Data\ArcGISPro\India SubDistricts\India SubDistricts\UpdateSub_District.gdb\UT_Sub_District,Admin3,0,255,D:\Geographic_Data\ArcGISPro\India SubDistricts\India SubDistricts\UpdateSub_District.gdb\WB_Sub_District,Admin3,0,255;Admin3_lo "Admin3_lo" true true false 255 Text 0 0,First,#,D:\Geographic_Data\ArcGISPro\India SubDistricts\India SubDistricts\UpdateSub_District.gdb\AS_Sub_District,Admin3_lo,0,255,D:\Geographic_Data\ArcGISPro\India SubDistricts\India SubDistricts\UpdateSub_District.gdb\AN_Sub_District,Admin3_lo,0,255,D:\Geographic_Data\ArcGISPro\India SubDistricts\India SubDistricts\UpdateSub_District.gdb\AP_Sub_District,Admin3_lo,0,255,D:\Geographic_Data\ArcGISPro\India SubDistricts\India SubDistricts\UpdateSub_District.gdb\AR_Sub_District,Admin3_lo,0,255,D:\Geographic_Data\ArcGISPro\India SubDistricts\India SubDistricts\UpdateSub_District.gdb\BR_Sub_District,Admin3_lo,0,255,D:\Geographic_Data\ArcGISPro\India SubDistricts\India SubDistricts\UpdateSub_District.gdb\CH_Sub_District,Admin3_lo,0,255,D:\Geographic_Data\ArcGISPro\India SubDistricts\India SubDistricts\UpdateSub_District.gdb\CT_Sub_District,Admin3_lo,0,255,D:\Geographic_Data\ArcGISPro\India SubDistricts\India SubDistricts\UpdateSub_District.gdb\DD_Sub_District,Admin3_lo,0,255,D:\Geographic_Data\ArcGISPro\India SubDistricts\India SubDistricts\UpdateSub_District.gdb\DL_Sub_District,Admin3_lo,0,255,D:\Geographic_Data\ArcGISPro\India SubDistricts\India SubDistricts\UpdateSub_District.gdb\DN_Sub_District,Admin3_lo,0,255,D:\Geographic_Data\ArcGISPro\India SubDistricts\India SubDistricts\UpdateSub_District.gdb\GA_Sub_District,Admin3_lo,0,255,D:\Geographic_Data\ArcGISPro\India SubDistricts\India SubDistricts\UpdateSub_District.gdb\GJ_Sub_District,Admin3_lo,0,255,D:\Geographic_Data\ArcGISPro\India SubDistricts\India SubDistricts\UpdateSub_District.gdb\HP_Sub_District,Admin3_lo,0,255,D:\Geographic_Data\ArcGISPro\India SubDistricts\India SubDistricts\UpdateSub_District.gdb\HR_Sub_District,Admin3_lo,-1,-1,D:\Geographic_Data\ArcGISPro\India SubDistricts\India SubDistricts\UpdateSub_District.gdb\JH_Sub_District,Admin3_lo,0,255,D:\Geographic_Data\ArcGISPro\India SubDistricts\India SubDistricts\UpdateSub_District.gdb\JK_Sub_District,Admin3_lo,0,255,D:\Geographic_Data\ArcGISPro\India SubDistricts\India SubDistricts\UpdateSub_District.gdb\KA_Sub_District,Admin3_lo,0,255,D:\Geographic_Data\ArcGISPro\India SubDistricts\India SubDistricts\UpdateSub_District.gdb\KL_Sub_District,Admin3_lo,0,255,D:\Geographic_Data\ArcGISPro\India SubDistricts\India SubDistricts\UpdateSub_District.gdb\LD_Sub_District,Admin3_lo,0,255,D:\Geographic_Data\ArcGISPro\India SubDistricts\India SubDistricts\UpdateSub_District.gdb\LH_Sub_District,Admin3_lo,0,255,D:\Geographic_Data\ArcGISPro\India SubDistricts\India SubDistricts\UpdateSub_District.gdb\MH_Sub_District,Admin3_lo,0,255,D:\Geographic_Data\ArcGISPro\India SubDistricts\India SubDistricts\UpdateSub_District.gdb\ML_Sub_District,Admin3_lo,0,255,D:\Geographic_Data\ArcGISPro\India SubDistricts\India SubDistricts\UpdateSub_District.gdb\MN_Sub_District,Admin3_lo,0,255,D:\Geographic_Data\ArcGISPro\India SubDistricts\India SubDistricts\UpdateSub_District.gdb\MP_Sub_District,Admin3_lo,0,255,D:\Geographic_Data\ArcGISPro\India SubDistricts\India SubDistricts\UpdateSub_District.gdb\MZ_Sub_District,Admin3_lo,0,255,D:\Geographic_Data\ArcGISPro\India SubDistricts\India SubDistricts\UpdateSub_District.gdb\NL_Sub_District,Admin3_lo,0,255,D:\Geographic_Data\ArcGISPro\India SubDistricts\India SubDistricts\UpdateSub_District.gdb\OR_Sub_District,Admin3_lo,0,255,D:\Geographic_Data\ArcGISPro\India SubDistricts\India SubDistricts\UpdateSub_District.gdb\PB_Sub_District,Admin3_lo,0,255,D:\Geographic_Data\ArcGISPro\India SubDistricts\India SubDistricts\UpdateSub_District.gdb\PY_Sub_District,Admin3_lo,0,255,D:\Geographic_Data\ArcGISPro\India SubDistricts\India SubDistricts\UpdateSub_District.gdb\RJ_Sub_District,Admin3_lo,0,255,D:\Geographic_Data\ArcGISPro\India SubDistricts\India SubDistricts\UpdateSub_District.gdb\SK_Sub_District,Admin3_lo,0,255,D:\Geographic_Data\ArcGISPro\India SubDistricts\India SubDistricts\UpdateSub_District.gdb\TG_Sub_District,Admin3_lo,0,255,D:\Geographic_Data\ArcGISPro\India SubDistricts\India SubDistricts\UpdateSub_District.gdb\TN_Sub_District,Admin3_lo,0,255,D:\Geographic_Data\ArcGISPro\India SubDistricts\India SubDistricts\UpdateSub_District.gdb\TR_Sub_District,Admin3_lo,0,255,D:\Geographic_Data\ArcGISPro\India SubDistricts\India SubDistricts\UpdateSub_District.gdb\UP_Sub_District,Admin3_lo,0,255,D:\Geographic_Data\ArcGISPro\India SubDistricts\India SubDistricts\UpdateSub_District.gdb\UT_Sub_District,Admin3_lo,0,255,D:\Geographic_Data\ArcGISPro\India SubDistricts\India SubDistricts\UpdateSub_District.gdb\WB_Sub_District,Admin3_lo,0,255;Admin3_cur "Admin3_cur" true true false 255 Text 0 0,First,#,D:\Geographic_Data\ArcGISPro\India SubDistricts\India SubDistricts\UpdateSub_District.gdb\AS_Sub_District,Admin3_cur,0,255,D:\Geographic_Data\ArcGISPro\India SubDistricts\India SubDistricts\UpdateSub_District.gdb\AN_Sub_District,Admin3_cur,0,255,D:\Geographic_Data\ArcGISPro\India SubDistricts\India SubDistricts\UpdateSub_District.gdb\AP_Sub_District,Admin3_cur,0,255,D:\Geographic_Data\ArcGISPro\India SubDistricts\India SubDistricts\UpdateSub_District.gdb\AR_Sub_District,Admin3_cur,0,255,D:\Geographic_Data\ArcGISPro\India SubDistricts\India SubDistricts\UpdateSub_District.gdb\BR_Sub_District,Admin3_cur,0,255,D:\Geographic_Data\ArcGISPro\India SubDistricts\India SubDistricts\UpdateSub_District.gdb\CH_Sub_District,Admin3_cur,0,255,D:\Geographic_Data\ArcGISPro\India SubDistricts\India SubDistricts\UpdateSub_District.gdb\CT_Sub_District,Admin3_cur,0,255,D:\Geographic_Data\ArcGISPro\India SubDistricts\India SubDistricts\UpdateSub_District.gdb\DD_Sub_District,Admin3_cur,0,255,D:\Geographic_Data\ArcGISPro\India SubDistricts\India SubDistricts\UpdateSub_District.gdb\DL_Sub_District,Admin3_cur,0,255,D:\Geographic_Data\ArcGISPro\India SubDistricts\India SubDistricts\UpdateSub_District.gdb\DN_Sub_District,Admin3_cur,0,255,D:\Geographic_Data\ArcGISPro\India SubDistricts\India SubDistricts\UpdateSub_District.gdb\GA_Sub_District,Admin3_cur,0,255,D:\Geographic_Data\ArcGISPro\India SubDistricts\India SubDistricts\UpdateSub_District.gdb\GJ_Sub_District,Admin3_cur,0,255,D:\Geographic_Data\ArcGISPro\India SubDistricts\India SubDistricts\UpdateSub_District.gdb\HP_Sub_District,Admin3_cur,0,255,D:\Geographic_Data\ArcGISPro\India SubDistricts\India SubDistricts\UpdateSub_District.gdb\HR_Sub_District,Admin3_cur,0,255,D:\Geographic_Data\ArcGISPro\India SubDistricts\India SubDistricts\UpdateSub_District.gdb\JH_Sub_District,Admin3_cur,0,255,D:\Geographic_Data\ArcGISPro\India SubDistricts\India SubDistricts\UpdateSub_District.gdb\JK_Sub_District,Admin3_cur,0,255,D:\Geographic_Data\ArcGISPro\India SubDistricts\India SubDistricts\UpdateSub_District.gdb\KA_Sub_District,Admin3_cur,0,255,D:\Geographic_Data\ArcGISPro\India SubDistricts\India SubDistricts\UpdateSub_District.gdb\KL_Sub_District,Admin3_cur,0,255,D:\Geographic_Data\ArcGISPro\India SubDistricts\India SubDistricts\UpdateSub_District.gdb\LD_Sub_District,Admin3_cur,0,255,D:\Geographic_Data\ArcGISPro\India SubDistricts\India SubDistricts\UpdateSub_District.gdb\LH_Sub_District,Admin3_cur,0,255,D:\Geographic_Data\ArcGISPro\India SubDistricts\India SubDistricts\UpdateSub_District.gdb\MH_Sub_District,Admin3_cur,0,255,D:\Geographic_Data\ArcGISPro\India SubDistricts\India SubDistricts\UpdateSub_District.gdb\ML_Sub_District,Admin3_cur,0,255,D:\Geographic_Data\ArcGISPro\India SubDistricts\India SubDistricts\UpdateSub_District.gdb\MN_Sub_District,Admin3_cur,0,255,D:\Geographic_Data\ArcGISPro\India SubDistricts\India SubDistricts\UpdateSub_District.gdb\MP_Sub_District,Admin3_cur,0,255,D:\Geographic_Data\ArcGISPro\India SubDistricts\India SubDistricts\UpdateSub_District.gdb\MZ_Sub_District,Admin3_cur,0,255,D:\Geographic_Data\ArcGISPro\India SubDistricts\India SubDistricts\UpdateSub_District.gdb\NL_Sub_District,Admin3_cur,0,255,D:\Geographic_Data\ArcGISPro\India SubDistricts\India SubDistricts\UpdateSub_District.gdb\OR_Sub_District,Admin3_cur,0,255,D:\Geographic_Data\ArcGISPro\India SubDistricts\India SubDistricts\UpdateSub_District.gdb\PB_Sub_District,Admin3_cur,0,255,D:\Geographic_Data\ArcGISPro\India SubDistricts\India SubDistricts\UpdateSub_District.gdb\PY_Sub_District,Admin3_cur,0,255,D:\Geographic_Data\ArcGISPro\India SubDistricts\India SubDistricts\UpdateSub_District.gdb\RJ_Sub_District,Admin3_cur,0,255,D:\Geographic_Data\ArcGISPro\India SubDistricts\India SubDistricts\UpdateSub_District.gdb\SK_Sub_District,Admin3_cur,0,255,D:\Geographic_Data\ArcGISPro\India SubDistricts\India SubDistricts\UpdateSub_District.gdb\TG_Sub_District,Admin3_cur,0,255,D:\Geographic_Data\ArcGISPro\India SubDistricts\India SubDistricts\UpdateSub_District.gdb\TN_Sub_District,Admin3_cur,0,255,D:\Geographic_Data\ArcGISPro\India SubDistricts\India SubDistricts\UpdateSub_District.gdb\TR_Sub_District,Admin3_cur,0,255,D:\Geographic_Data\ArcGISPro\India SubDistricts\India SubDistricts\UpdateSub_District.gdb\UP_Sub_District,Admin3_cur,0,255,D:\Geographic_Data\ArcGISPro\India SubDistricts\India SubDistricts\UpdateSub_District.gdb\UT_Sub_District,Admin3_cur,0,255,D:\Geographic_Data\ArcGISPro\India SubDistricts\India SubDistricts\UpdateSub_District.gdb\WB_Sub_District,Admin3_cur,0,255;Admin4 "Admin4" true true false 255 Text 0 0,First,#,D:\Geographic_Data\ArcGISPro\India SubDistricts\India SubDistricts\UpdateSub_District.gdb\AS_Sub_District,Admin4,0,255,D:\Geographic_Data\ArcGISPro\India SubDistricts\India SubDistricts\UpdateSub_District.gdb\AN_Sub_District,Admin4,0,255,D:\Geographic_Data\ArcGISPro\India SubDistricts\India SubDistricts\UpdateSub_District.gdb\AP_Sub_District,Admin4,0,255,D:\Geographic_Data\ArcGISPro\India SubDistricts\India SubDistricts\UpdateSub_District.gdb\AR_Sub_District,Admin4,0,255,D:\Geographic_Data\ArcGISPro\India SubDistricts\India SubDistricts\UpdateSub_District.gdb\BR_Sub_District,Admin4,0,255,D:\Geographic_Data\ArcGISPro\India SubDistricts\India SubDistricts\UpdateSub_District.gdb\CH_Sub_District,Admin4,0,255,D:\Geographic_Data\ArcGISPro\India SubDistricts\India SubDistricts\UpdateSub_District.gdb\CT_Sub_District,Admin4,0,255,D:\Geographic_Data\ArcGISPro\India SubDistricts\India SubDistricts\UpdateSub_District.gdb\DD_Sub_District,Admin4,0,255,D:\Geographic_Data\ArcGISPro\India SubDistricts\India SubDistricts\UpdateSub_District.gdb\DL_Sub_District,Admin4,0,255,D:\Geographic_Data\ArcGISPro\India SubDistricts\India SubDistricts\UpdateSub_District.gdb\DN_Sub_District,Admin4,0,255,D:\Geographic_Data\ArcGISPro\India SubDistricts\India SubDistricts\UpdateSub_District.gdb\GA_Sub_District,Admin4,0,255,D:\Geographic_Data\ArcGISPro\India SubDistricts\India SubDistricts\UpdateSub_District.gdb\GJ_Sub_District,Admin4,0,255,D:\Geographic_Data\ArcGISPro\India SubDistricts\India SubDistricts\UpdateSub_District.gdb\HP_Sub_District,Admin4,0,255,D:\Geographic_Data\ArcGISPro\India SubDistricts\India SubDistricts\UpdateSub_District.gdb\HR_Sub_District,Admin4,0,255,D:\Geographic_Data\ArcGISPro\India SubDistricts\India SubDistricts\UpdateSub_District.gdb\JH_Sub_District,Admin4,0,255,D:\Geographic_Data\ArcGISPro\India SubDistricts\India SubDistricts\UpdateSub_District.gdb\JK_Sub_District,Admin4,0,255,D:\Geographic_Data\ArcGISPro\India SubDistricts\India SubDistricts\UpdateSub_District.gdb\KA_Sub_District,Admin4,0,255,D:\Geographic_Data\ArcGISPro\India SubDistricts\India SubDistricts\UpdateSub_District.gdb\KL_Sub_District,Admin4,0,255,D:\Geographic_Data\ArcGISPro\India SubDistricts\India SubDistricts\UpdateSub_District.gdb\LD_Sub_District,Admin4,0,255,D:\Geographic_Data\ArcGISPro\India SubDistricts\India SubDistricts\UpdateSub_District.gdb\LH_Sub_District,Admin4,0,255,D:\Geographic_Data\ArcGISPro\India SubDistricts\India SubDistricts\UpdateSub_District.gdb\MH_Sub_District,Admin4,0,255,D:\Geographic_Data\ArcGISPro\India SubDistricts\India SubDistricts\UpdateSub_District.gdb\ML_Sub_District,Admin4,0,255,D:\Geographic_Data\ArcGISPro\India SubDistricts\India SubDistricts\UpdateSub_District.gdb\MN_Sub_District,Admin4,0,255,D:\Geographic_Data\ArcGISPro\India SubDistricts\India SubDistricts\UpdateSub_District.gdb\MP_Sub_District,Admin4,0,255,D:\Geographic_Data\ArcGISPro\India SubDistricts\India SubDistricts\UpdateSub_District.gdb\MZ_Sub_District,Admin4,0,255,D:\Geographic_Data\ArcGISPro\India SubDistricts\India SubDistricts\UpdateSub_District.gdb\NL_Sub_District,Admin4,0,255,D:\Geographic_Data\ArcGISPro\India SubDistricts\India SubDistricts\UpdateSub_District.gdb\OR_Sub_District,Admin4,0,255,D:\Geographic_Data\ArcGISPro\India SubDistricts\India SubDistricts\UpdateSub_District.gdb\PB_Sub_District,Admin4,0,255,D:\Geographic_Data\ArcGISPro\India SubDistricts\India SubDistricts\UpdateSub_District.gdb\PY_Sub_District,Admin4,0,255,D:\Geographic_Data\ArcGISPro\India SubDistricts\India SubDistricts\UpdateSub_District.gdb\RJ_Sub_District,Admin4,0,255,D:\Geographic_Data\ArcGISPro\India SubDistricts\India SubDistricts\UpdateSub_District.gdb\SK_Sub_District,Admin4,0,255,D:\Geographic_Data\ArcGISPro\India SubDistricts\India SubDistricts\UpdateSub_District.gdb\TG_Sub_District,Admin4,0,255,D:\Geographic_Data\ArcGISPro\India SubDistricts\India SubDistricts\UpdateSub_District.gdb\TN_Sub_District,Admin4,0,255,D:\Geographic_Data\ArcGISPro\India SubDistricts\India SubDistricts\UpdateSub_District.gdb\TR_Sub_District,Admin4,0,255,D:\Geographic_Data\ArcGISPro\India SubDistricts\India SubDistricts\UpdateSub_District.gdb\UP_Sub_District,Admin4,0,255,D:\Geographic_Data\ArcGISPro\India SubDistricts\India SubDistricts\UpdateSub_District.gdb\UT_Sub_District,Admin4,0,255,D:\Geographic_Data\ArcGISPro\India SubDistricts\India SubDistricts\UpdateSub_District.gdb\WB_Sub_District,Admin4,0,255;Admin4_lo "Admin4_lo" true true false 255 Text 0 0,First,#,D:\Geographic_Data\ArcGISPro\India SubDistricts\India SubDistricts\UpdateSub_District.gdb\AS_Sub_District,Admin4_lo,0,255,D:\Geographic_Data\ArcGISPro\India SubDistricts\India SubDistricts\UpdateSub_District.gdb\AN_Sub_District,Admin4_lo,0,255,D:\Geographic_Data\ArcGISPro\India SubDistricts\India SubDistricts\UpdateSub_District.gdb\AP_Sub_District,Admin4_lo,0,255,D:\Geographic_Data\ArcGISPro\India SubDistricts\India SubDistricts\UpdateSub_District.gdb\AR_Sub_District,Admin4_lo,0,255,D:\Geographic_Data\ArcGISPro\India SubDistricts\India SubDistricts\UpdateSub_District.gdb\BR_Sub_District,Admin4_lo,0,255,D:\Geographic_Data\ArcGISPro\India SubDistricts\India SubDistricts\UpdateSub_District.gdb\CH_Sub_District,Admin4_lo,0,255,D:\Geographic_Data\ArcGISPro\India SubDistricts\India SubDistricts\UpdateSub_District.gdb\CT_Sub_District,Admin4_lo,0,255,D:\Geographic_Data\ArcGISPro\India SubDistricts\India SubDistricts\UpdateSub_District.gdb\DD_Sub_District,Admin4_lo,0,255,D:\Geographic_Data\ArcGISPro\India SubDistricts\India SubDistricts\UpdateSub_District.gdb\DL_Sub_District,Admin4_lo,0,255,D:\Geographic_Data\ArcGISPro\India SubDistricts\India SubDistricts\UpdateSub_District.gdb\DN_Sub_District,Admin4_lo,0,255,D:\Geographic_Data\ArcGISPro\India SubDistricts\India SubDistricts\UpdateSub_District.gdb\GA_Sub_District,Admin4_lo,0,255,D:\Geographic_Data\ArcGISPro\India SubDistricts\India SubDistricts\UpdateSub_District.gdb\GJ_Sub_District,Admin4_lo,0,255,D:\Geographic_Data\ArcGISPro\India SubDistricts\India SubDistricts\UpdateSub_District.gdb\HP_Sub_District,Admin4_lo,0,255,D:\Geographic_Data\ArcGISPro\India SubDistricts\India SubDistricts\UpdateSub_District.gdb\HR_Sub_District,Admin4_lo,0,255,D:\Geographic_Data\ArcGISPro\India SubDistricts\India SubDistricts\UpdateSub_District.gdb\JH_Sub_District,Admin4_lo,0,255,D:\Geographic_Data\ArcGISPro\India SubDistricts\India SubDistricts\UpdateSub_District.gdb\JK_Sub_District,Admin4_lo,0,255,D:\Geographic_Data\ArcGISPro\India SubDistricts\India SubDistricts\UpdateSub_District.gdb\KA_Sub_District,Admin4_lo,0,255,D:\Geographic_Data\ArcGISPro\India SubDistricts\India SubDistricts\UpdateSub_District.gdb\KL_Sub_District,Admin4_lo,0,255,D:\Geographic_Data\ArcGISPro\India SubDistricts\India SubDistricts\UpdateSub_District.gdb\LD_Sub_District,Admin4_lo,0,255,D:\Geographic_Data\ArcGISPro\India SubDistricts\India SubDistricts\UpdateSub_District.gdb\LH_Sub_District,Admin4_lo,0,255,D:\Geographic_Data\ArcGISPro\India SubDistricts\India SubDistricts\UpdateSub_District.gdb\MH_Sub_District,Admin4_lo,0,255,D:\Geographic_Data\ArcGISPro\India SubDistricts\India SubDistricts\UpdateSub_District.gdb\ML_Sub_District,Admin4_lo,0,255,D:\Geographic_Data\ArcGISPro\India SubDistricts\India SubDistricts\UpdateSub_District.gdb\MN_Sub_District,Admin4_lo,0,255,D:\Geographic_Data\ArcGISPro\India SubDistricts\India SubDistricts\UpdateSub_District.gdb\MP_Sub_District,Admin4_lo,0,255,D:\Geographic_Data\ArcGISPro\India SubDistricts\India SubDistricts\UpdateSub_District.gdb\MZ_Sub_District,Admin4_lo,0,255,D:\Geographic_Data\ArcGISPro\India SubDistricts\India SubDistricts\UpdateSub_District.gdb\NL_Sub_District,Admin4_lo,0,255,D:\Geographic_Data\ArcGISPro\India SubDistricts\India SubDistricts\UpdateSub_District.gdb\OR_Sub_District,Admin4_lo,0,255,D:\Geographic_Data\ArcGISPro\India SubDistricts\India SubDistricts\UpdateSub_District.gdb\PB_Sub_District,Admin4_lo,0,255,D:\Geographic_Data\ArcGISPro\India SubDistricts\India SubDistricts\UpdateSub_District.gdb\PY_Sub_District,Admin4_lo,0,255,D:\Geographic_Data\ArcGISPro\India SubDistricts\India SubDistricts\UpdateSub_District.gdb\RJ_Sub_District,Admin4_lo,0,255,D:\Geographic_Data\ArcGISPro\India SubDistricts\India SubDistricts\UpdateSub_District.gdb\SK_Sub_District,Admin4_lo,0,255,D:\Geographic_Data\ArcGISPro\India SubDistricts\India SubDistricts\UpdateSub_District.gdb\TG_Sub_District,Admin4_lo,0,255,D:\Geographic_Data\ArcGISPro\India SubDistricts\India SubDistricts\UpdateSub_District.gdb\TN_Sub_District,Admin4_lo,0,255,D:\Geographic_Data\ArcGISPro\India SubDistricts\India SubDistricts\UpdateSub_District.gdb\TR_Sub_District,Admin4_lo,0,255,D:\Geographic_Data\ArcGISPro\India SubDistricts\India SubDistricts\UpdateSub_District.gdb\UP_Sub_District,Admin4_lo,0,255,D:\Geographic_Data\ArcGISPro\India SubDistricts\India SubDistricts\UpdateSub_District.gdb\UT_Sub_District,Admin4_lo,0,255,D:\Geographic_Data\ArcGISPro\India SubDistricts\India SubDistricts\UpdateSub_District.gdb\WB_Sub_District,Admin4_lo,0,255;Admin4_cur "Admin4_cur" true true false 255 Text 0 0,First,#,D:\Geographic_Data\ArcGISPro\India SubDistricts\India SubDistricts\UpdateSub_District.gdb\AS_Sub_District,Admin4_cur,0,255,D:\Geographic_Data\ArcGISPro\India SubDistricts\India SubDistricts\UpdateSub_District.gdb\AN_Sub_District,Admin4_cur,0,255,D:\Geographic_Data\ArcGISPro\India SubDistricts\India SubDistricts\UpdateSub_District.gdb\AP_Sub_District,Admin4_cur,0,255,D:\Geographic_Data\ArcGISPro\India SubDistricts\India SubDistricts\UpdateSub_District.gdb\AR_Sub_District,Admin4_cur,0,255,D:\Geographic_Data\ArcGISPro\India SubDistricts\India SubDistricts\UpdateSub_District.gdb\BR_Sub_District,Admin4_cur,0,255,D:\Geographic_Data\ArcGISPro\India SubDistricts\India SubDistricts\UpdateSub_District.gdb\CH_Sub_District,Admin4_cur,0,255,D:\Geographic_Data\ArcGISPro\India SubDistricts\India SubDistricts\UpdateSub_District.gdb\CT_Sub_District,Admin4_cur,0,255,D:\Geographic_Data\ArcGISPro\India SubDistricts\India SubDistricts\UpdateSub_District.gdb\DD_Sub_District,Admin4_cur,0,255,D:\Geographic_Data\ArcGISPro\India SubDistricts\India SubDistricts\UpdateSub_District.gdb\DL_Sub_District,Admin4_cur,0,255,D:\Geographic_Data\ArcGISPro\India SubDistricts\India SubDistricts\UpdateSub_District.gdb\DN_Sub_District,Admin4_cur,0,255,D:\Geographic_Data\ArcGISPro\India SubDistricts\India SubDistricts\UpdateSub_District.gdb\GA_Sub_District,Admin4_cur,0,255,D:\Geographic_Data\ArcGISPro\India SubDistricts\India SubDistricts\UpdateSub_District.gdb\GJ_Sub_District,Admin4_cur,0,255,D:\Geographic_Data\ArcGISPro\India SubDistricts\India SubDistricts\UpdateSub_District.gdb\HP_Sub_District,Admin4_cur,0,255,D:\Geographic_Data\ArcGISPro\India SubDistricts\India SubDistricts\UpdateSub_District.gdb\HR_Sub_District,Admin4_cur,0,255,D:\Geographic_Data\ArcGISPro\India SubDistricts\India SubDistricts\UpdateSub_District.gdb\JH_Sub_District,Admin4_cur,0,255,D:\Geographic_Data\ArcGISPro\India SubDistricts\India SubDistricts\UpdateSub_District.gdb\JK_Sub_District,Admin4_cur,0,255,D:\Geographic_Data\ArcGISPro\India SubDistricts\India SubDistricts\UpdateSub_District.gdb\KA_Sub_District,Admin4_cur,0,255,D:\Geographic_Data\ArcGISPro\India SubDistricts\India SubDistricts\UpdateSub_District.gdb\KL_Sub_District,Admin4_cur,0,255,D:\Geographic_Data\ArcGISPro\India SubDistricts\India SubDistricts\UpdateSub_District.gdb\LD_Sub_District,Admin4_cur,0,255,D:\Geographic_Data\ArcGISPro\India SubDistricts\India SubDistricts\UpdateSub_District.gdb\LH_Sub_District,Admin4_cur,0,255,D:\Geographic_Data\ArcGISPro\India SubDistricts\India SubDistricts\UpdateSub_District.gdb\MH_Sub_District,Admin4_cur,0,255,D:\Geographic_Data\ArcGISPro\India SubDistricts\India SubDistricts\UpdateSub_District.gdb\ML_Sub_District,Admin4_cur,0,255,D:\Geographic_Data\ArcGISPro\India SubDistricts\India SubDistricts\UpdateSub_District.gdb\MN_Sub_District,Admin4_cur,0,255,D:\Geographic_Data\ArcGISPro\India SubDistricts\India SubDistricts\UpdateSub_District.gdb\MP_Sub_District,Admin4_cur,0,255,D:\Geographic_Data\ArcGISPro\India SubDistricts\India SubDistricts\UpdateSub_District.gdb\MZ_Sub_District,Admin4_cur,0,255,D:\Geographic_Data\ArcGISPro\India SubDistricts\India SubDistricts\UpdateSub_District.gdb\NL_Sub_District,Admin4_cur,0,255,D:\Geographic_Data\ArcGISPro\India SubDistricts\India SubDistricts\UpdateSub_District.gdb\OR_Sub_District,Admin4_cur,0,255,D:\Geographic_Data\ArcGISPro\India SubDistricts\India SubDistricts\UpdateSub_District.gdb\PB_Sub_District,Admin4_cur,0,255,D:\Geographic_Data\ArcGISPro\India SubDistricts\India SubDistricts\UpdateSub_District.gdb\PY_Sub_District,Admin4_cur,0,255,D:\Geographic_Data\ArcGISPro\India SubDistricts\India SubDistricts\UpdateSub_District.gdb\RJ_Sub_District,Admin4_cur,0,255,D:\Geographic_Data\ArcGISPro\India SubDistricts\India SubDistricts\UpdateSub_District.gdb\SK_Sub_District,Admin4_cur,0,255,D:\Geographic_Data\ArcGISPro\India SubDistricts\India SubDistricts\UpdateSub_District.gdb\TG_Sub_District,Admin4_cur,0,255,D:\Geographic_Data\ArcGISPro\India SubDistricts\India SubDistricts\UpdateSub_District.gdb\TN_Sub_District,Admin4_cur,0,255,D:\Geographic_Data\ArcGISPro\India SubDistricts\India SubDistricts\UpdateSub_District.gdb\TR_Sub_District,Admin4_cur,0,255,D:\Geographic_Data\ArcGISPro\India SubDistricts\India SubDistricts\UpdateSub_District.gdb\UP_Sub_District,Admin4_cur,0,255,D:\Geographic_Data\ArcGISPro\India SubDistricts\India SubDistricts\UpdateSub_District.gdb\UT_Sub_District,Admin4_cur,0,255,D:\Geographic_Data\ArcGISPro\India SubDistricts\India SubDistricts\UpdateSub_District.gdb\WB_Sub_District,Admin4_cur,0,255;Shape_Length "Shape_Length" false true true 8 Double 0 0,First,#,D:\Geographic_Data\ArcGISPro\India SubDistricts\India SubDistricts\UpdateSub_District.gdb\AS_Sub_District,Shape_Length,-1,-1,D:\Geographic_Data\ArcGISPro\India SubDistricts\India SubDistricts\UpdateSub_District.gdb\AN_Sub_District,Shape_Length,-1,-1,D:\Geographic_Data\ArcGISPro\India SubDistricts\India SubDistricts\UpdateSub_District.gdb\AP_Sub_District,Shape_Length,-1,-1,D:\Geographic_Data\ArcGISPro\India SubDistricts\India SubDistricts\UpdateSub_District.gdb\AR_Sub_District,Shape_Length,-1,-1,D:\Geographic_Data\ArcGISPro\India SubDistricts\India SubDistricts\UpdateSub_District.gdb\BR_Sub_District,Shape_Length,-1,-1,D:\Geographic_Data\ArcGISPro\India SubDistricts\India SubDistricts\UpdateSub_District.gdb\CH_Sub_District,Shape_Length,-1,-1,D:\Geographic_Data\ArcGISPro\India SubDistricts\India SubDistricts\UpdateSub_District.gdb\CT_Sub_District,Shape_Length,-1,-1,D:\Geographic_Data\ArcGISPro\India SubDistricts\India SubDistricts\UpdateSub_District.gdb\DD_Sub_District,Shape_Length,-1,-1,D:\Geographic_Data\ArcGISPro\India SubDistricts\India SubDistricts\UpdateSub_District.gdb\DL_Sub_District,Shape_Length,-1,-1,D:\Geographic_Data\ArcGISPro\India SubDistricts\India SubDistricts\UpdateSub_District.gdb\DN_Sub_District,Shape_Length,-1,-1,D:\Geographic_Data\ArcGISPro\India SubDistricts\India SubDistricts\UpdateSub_District.gdb\GA_Sub_District,Shape_Length,-1,-1,D:\Geographic_Data\ArcGISPro\India SubDistricts\India SubDistricts\UpdateSub_District.gdb\GJ_Sub_District,Shape_Length,-1,-1,D:\Geographic_Data\ArcGISPro\India SubDistricts\India SubDistricts\UpdateSub_District.gdb\HP_Sub_District,Shape_Length,-1,-1,D:\Geographic_Data\ArcGISPro\India SubDistricts\India SubDistricts\UpdateSub_District.gdb\HR_Sub_District,Shape_Length,-1,-1,D:\Geographic_Data\ArcGISPro\India SubDistricts\India SubDistricts\UpdateSub_District.gdb\JH_Sub_District,Shape_Length,-1,-1,D:\Geographic_Data\ArcGISPro\India SubDistricts\India SubDistricts\UpdateSub_District.gdb\JK_Sub_District,Shape_Length,-1,-1,D:\Geographic_Data\ArcGISPro\India SubDistricts\India SubDistricts\UpdateSub_District.gdb\KA_Sub_District,Shape_Length,-1,-1,D:\Geographic_Data\ArcGISPro\India SubDistricts\India SubDistricts\UpdateSub_District.gdb\KL_Sub_District,Shape_Length,-1,-1,D:\Geographic_Data\ArcGISPro\India SubDistricts\India SubDistricts\UpdateSub_District.gdb\LD_Sub_District,Shape_Length,-1,-1,D:\Geographic_Data\ArcGISPro\India SubDistricts\India SubDistricts\UpdateSub_District.gdb\LH_Sub_District,Shape_Length,-1,-1,D:\Geographic_Data\ArcGISPro\India SubDistricts\India SubDistricts\UpdateSub_District.gdb\MH_Sub_District,Shape_Length,-1,-1,D:\Geographic_Data\ArcGISPro\India SubDistricts\India SubDistricts\UpdateSub_District.gdb\ML_Sub_District,Shape_Length,-1,-1,D:\Geographic_Data\ArcGISPro\India SubDistricts\India SubDistricts\UpdateSub_District.gdb\MN_Sub_District,Shape_Length,-1,-1,D:\Geographic_Data\ArcGISPro\India SubDistricts\India SubDistricts\UpdateSub_District.gdb\MP_Sub_District,Shape_Length,-1,-1,D:\Geographic_Data\ArcGISPro\India SubDistricts\India SubDistricts\UpdateSub_District.gdb\MZ_Sub_District,Shape_Length,-1,-1,D:\Geographic_Data\ArcGISPro\India SubDistricts\India SubDistricts\UpdateSub_District.gdb\NL_Sub_District,Shape_Length,-1,-1,D:\Geographic_Data\ArcGISPro\India SubDistricts\India SubDistricts\UpdateSub_District.gdb\OR_Sub_District,Shape_Length,-1,-1,D:\Geographic_Data\ArcGISPro\India SubDistricts\India SubDistricts\UpdateSub_District.gdb\PB_Sub_District,Shape_Length,-1,-1,D:\Geographic_Data\ArcGISPro\India SubDistricts\India SubDistricts\UpdateSub_District.gdb\PY_Sub_District,Shape_Length,-1,-1,D:\Geographic_Data\ArcGISPro\India SubDistricts\India SubDistricts\UpdateSub_District.gdb\RJ_Sub_District,Shape_Length,-1,-1,D:\Geographic_Data\ArcGISPro\India SubDistricts\India SubDistricts\UpdateSub_District.gdb\SK_Sub_District,Shape_Length,-1,-1,D:\Geographic_Data\ArcGISPro\India SubDistricts\India SubDistricts\UpdateSub_District.gdb\TG_Sub_District,Shape_Length,-1,-1,D:\Geographic_Data\ArcGISPro\India SubDistricts\India SubDistricts\UpdateSub_District.gdb\TN_Sub_District,Shape_Length,-1,-1,D:\Geographic_Data\ArcGISPro\India SubDistricts\India SubDistricts\UpdateSub_District.gdb\TR_Sub_District,Shape_Length,-1,-1,D:\Geographic_Data\ArcGISPro\India SubDistricts\India SubDistricts\UpdateSub_District.gdb\UP_Sub_District,Shape_Length,-1,-1,D:\Geographic_Data\ArcGISPro\India SubDistricts\India SubDistricts\UpdateSub_District.gdb\UT_Sub_District,Shape_Length,-1,-1,D:\Geographic_Data\ArcGISPro\India SubDistricts\India SubDistricts\UpdateSub_District.gdb\WB_Sub_District,Shape_Length,-1,-1;Shape_Area "Shape_Area" false true true 8 Double 0 0,First,#,D:\Geographic_Data\ArcGISPro\India SubDistricts\India SubDistricts\UpdateSub_District.gdb\AS_Sub_District,Shape_Area,-1,-1,D:\Geographic_Data\ArcGISPro\India SubDistricts\India SubDistricts\UpdateSub_District.gdb\AN_Sub_District,Shape_Area,-1,-1,D:\Geographic_Data\ArcGISPro\India SubDistricts\India SubDistricts\UpdateSub_District.gdb\AP_Sub_District,Shape_Area,-1,-1,D:\Geographic_Data\ArcGISPro\India SubDistricts\India SubDistricts\UpdateSub_District.gdb\AR_Sub_District,Shape_Area,-1,-1,D:\Geographic_Data\ArcGISPro\India SubDistricts\India SubDistricts\UpdateSub_District.gdb\BR_Sub_District,Shape_Area,-1,-1,D:\Geographic_Data\ArcGISPro\India SubDistricts\India SubDistricts\UpdateSub_District.gdb\CH_Sub_District,Shape_Area,-1,-1,D:\Geographic_Data\ArcGISPro\India SubDistricts\India SubDistricts\UpdateSub_District.gdb\CT_Sub_District,Shape_Area,-1,-1,D:\Geographic_Data\ArcGISPro\India SubDistricts\India SubDistricts\UpdateSub_District.gdb\DD_Sub_District,Shape_Area,-1,-1,D:\Geographic_Data\ArcGISPro\India SubDistricts\India SubDistricts\UpdateSub_District.gdb\DL_Sub_District,Shape_Area,-1,-1,D:\Geographic_Data\ArcGISPro\India SubDistricts\India SubDistricts\UpdateSub_District.gdb\DN_Sub_District,Shape_Area,-1,-1,D:\Geographic_Data\ArcGISPro\India SubDistricts\India SubDistricts\UpdateSub_District.gdb\GA_Sub_District,Shape_Area,-1,-1,D:\Geographic_Data\ArcGISPro\India SubDistricts\India SubDistricts\UpdateSub_District.gdb\GJ_Sub_District,Shape_Area,-1,-1,D:\Geographic_Data\ArcGISPro\India SubDistricts\India SubDistricts\UpdateSub_District.gdb\HP_Sub_District,Shape_Area,-1,-1,D:\Geographic_Data\ArcGISPro\India SubDistricts\India SubDistricts\UpdateSub_District.gdb\HR_Sub_District,Shape_Area,-1,-1,D:\Geographic_Data\ArcGISPro\India SubDistricts\India SubDistricts\UpdateSub_District.gdb\JH_Sub_District,Shape_Area,-1,-1,D:\Geographic_Data\ArcGISPro\India SubDistricts\India SubDistricts\UpdateSub_District.gdb\JK_Sub_District,Shape_Area,-1,-1,D:\Geographic_Data\ArcGISPro\India SubDistricts\India SubDistricts\UpdateSub_District.gdb\KA_Sub_District,Shape_Area,-1,-1,D:\Geographic_Data\ArcGISPro\India SubDistricts\India SubDistricts\UpdateSub_District.gdb\KL_Sub_District,Shape_Area,-1,-1,D:\Geographic_Data\ArcGISPro\India SubDistricts\India SubDistricts\UpdateSub_District.gdb\LD_Sub_District,Shape_Area,-1,-1,D:\Geographic_Data\ArcGISPro\India SubDistricts\India SubDistricts\UpdateSub_District.gdb\LH_Sub_District,Shape_Area,-1,-1,D:\Geographic_Data\ArcGISPro\India SubDistricts\India SubDistricts\UpdateSub_District.gdb\MH_Sub_District,Shape_Area,-1,-1,D:\Geographic_Data\ArcGISPro\India SubDistricts\India SubDistricts\UpdateSub_District.gdb\ML_Sub_District,Shape_Area,-1,-1,D:\Geographic_Data\ArcGISPro\India SubDistricts\India SubDistricts\UpdateSub_District.gdb\MN_Sub_District,Shape_Area,-1,-1,D:\Geographic_Data\ArcGISPro\India SubDistricts\India SubDistricts\UpdateSub_District.gdb\MP_Sub_District,Shape_Area,-1,-1,D:\Geographic_Data\ArcGISPro\India SubDistricts\India SubDistricts\UpdateSub_District.gdb\MZ_Sub_District,Shape_Area,-1,-1,D:\Geographic_Data\ArcGISPro\India SubDistricts\India SubDistricts\UpdateSub_District.gdb\NL_Sub_District,Shape_Area,-1,-1,D:\Geographic_Data\ArcGISPro\India SubDistricts\India SubDistricts\UpdateSub_District.gdb\OR_Sub_District,Shape_Area,-1,-1,D:\Geographic_Data\ArcGISPro\India SubDistricts\India SubDistricts\UpdateSub_District.gdb\PB_Sub_District,Shape_Area,-1,-1,D:\Geographic_Data\ArcGISPro\India SubDistricts\India SubDistricts\UpdateSub_District.gdb\PY_Sub_District,Shape_Area,-1,-1,D:\Geographic_Data\ArcGISPro\India SubDistricts\India SubDistricts\UpdateSub_District.gdb\RJ_Sub_District,Shape_Area,-1,-1,D:\Geographic_Data\ArcGISPro\India SubDistricts\India SubDistricts\UpdateSub_District.gdb\SK_Sub_District,Shape_Area,-1,-1,D:\Geographic_Data\ArcGISPro\India SubDistricts\India SubDistricts\UpdateSub_District.gdb\TG_Sub_District,Shape_Area,-1,-1,D:\Geographic_Data\ArcGISPro\India SubDistricts\India SubDistricts\UpdateSub_District.gdb\TN_Sub_District,Shape_Area,-1,-1,D:\Geographic_Data\ArcGISPro\India SubDistricts\India SubDistricts\UpdateSub_District.gdb\TR_Sub_District,Shape_Area,-1,-1,D:\Geographic_Data\ArcGISPro\India SubDistricts\India SubDistricts\UpdateSub_District.gdb\UP_Sub_District,Shape_Area,-1,-1,D:\Geographic_Data\ArcGISPro\India SubDistricts\India SubDistricts\UpdateSub_District.gdb\UT_Sub_District,Shape_Area,-1,-1,D:\Geographic_Data\ArcGISPro\India SubDistricts\India SubDistricts\UpdateSub_District.gdb\WB_Sub_District,Shape_Area,-1,-1;Census "Census 2011 Code" true true false 255 Text 0 0,First,#,D:\Geographic_Data\ArcGISPro\India SubDistricts\India SubDistricts\UpdateSub_District.gdb\AP_Sub_District,Census,0,255" NO_SOURCE_INFO</Process><Process ToolSource="c:\program files\arcgis\pro\Resources\ArcToolbox\toolboxes\Data Management Tools.tbx\DeleteField" Date="20201102" Time="155517">DeleteField Sub_District_Merge Census</Process><Process ToolSource="c:\program files\arcgis\pro\Resources\ArcToolbox\toolboxes\Data Management Tools.tbx\CopyFeatures" Date="20210324" Time="103034">CopyFeatures IND_Admin4_Current "D:\Geographic_Data\ArcGISPro\India SubDistricts\India SubDistricts\MyProject.gdb\IND_Admin4_Current" # # # #</Process><Process ToolSource="c:\program files\arcgis\pro\Resources\ArcToolbox\toolboxes\Data Management Tools.tbx\CopyFeatures" Date="20210501" Time="202040">CopyFeatures IND_Admin4_Current "C:\Users\shann\OneDrive - TaEthni OÜ\Documents\ArcGIS\Projects\GeoBoundaries\GeoBoundaries.gdb\IND_Admin4_Current" # # # #</Process><Process ToolSource="c:\program files\arcgis\pro\Resources\ArcToolbox\toolboxes\Data Management Tools.tbx\Rename" Date="20210501" Time="202119">Rename "C:\Users\shann\OneDrive - TaEthni OÜ\Documents\ArcGIS\Projects\GeoBoundaries\GeoBoundaries.gdb\IND_Admin4_Current" "C:\Users\shann\OneDrive - TaEthni OÜ\Documents\ArcGIS\Projects\GeoBoundaries\GeoBoundaries.gdb\IND_ADM3" FeatureClass</Process><Process ToolSource="c:\program files\arcgis\pro\Resources\ArcToolbox\toolboxes\Data Management Tools.tbx\UpdateSchema" Date="20210501" Time="202416">UpdateSchema "CIMDATA=&lt;CIMStandardDataConnection xsi:type='typens:CIMStandardDataConnection' xmlns:xsi='http://www.w3.org/2001/XMLSchema-instance' xmlns:xs='http://www.w3.org/2001/XMLSchema' xmlns:typens='http://www.esri.com/schemas/ArcGIS/2.7.0'&gt;&lt;WorkspaceConnectionString&gt;DATABASE=C:\Users\shann\OneDrive - TaEthni OÜ\Documents\ArcGIS\Projects\GeoBoundaries\GeoBoundaries.gdb&lt;/WorkspaceConnectionString&gt;&lt;WorkspaceFactory&gt;FileGDB&lt;/WorkspaceFactory&gt;&lt;Dataset&gt;IND_ADM3&lt;/Dataset&gt;&lt;DatasetType&gt;esriDTFeatureClass&lt;/DatasetType&gt;&lt;/CIMStandardDataConnection&gt;" &lt;operationSequence&gt;&lt;workflow&gt;&lt;AddField&gt;&lt;field_name&gt;Name&lt;/field_name&gt;&lt;field_type&gt;TEXT&lt;/field_type&gt;&lt;field_length&gt;255&lt;/field_length&gt;&lt;field_alias&gt;Name&lt;/field_alias&gt;&lt;field_is_nullable&gt;True&lt;/field_is_nullable&gt;&lt;field_is_required&gt;False&lt;/field_is_required&gt;&lt;/AddField&gt;&lt;/workflow&gt;&lt;workflow&gt;&lt;AddField&gt;&lt;field_name&gt;Level&lt;/field_name&gt;&lt;field_type&gt;TEXT&lt;/field_type&gt;&lt;field_length&gt;255&lt;/field_length&gt;&lt;field_alias&gt;Level&lt;/field_alias&gt;&lt;field_is_nullable&gt;True&lt;/field_is_nullable&gt;&lt;field_is_required&gt;False&lt;/field_is_required&gt;&lt;/AddField&gt;&lt;/workflow&gt;&lt;/operationSequence&gt;</Process><Process ToolSource="c:\program files\arcgis\pro\Resources\ArcToolbox\toolboxes\Data Management Tools.tbx\CalculateField" Date="20210501" Time="202525">CalculateField IND_ADM3 Name !Admin4! "Python 3" # Text</Process><Process ToolSource="c:\program files\arcgis\pro\Resources\ArcToolbox\toolboxes\Data Management Tools.tbx\CalculateField" Date="20210501" Time="202559">CalculateField IND_ADM3 Level 'ADM3' "Python 3" # Text</Process><Process ToolSource="c:\program files\arcgis\pro\Resources\ArcToolbox\toolboxes\Data Management Tools.tbx\Rename" Date="20210501" Time="214207">Rename "C:\Users\shann\OneDrive - TaEthni OÜ\Documents\ArcGIS\Projects\GeoBoundaries\GeoBoundaries.gdb\IND_ADM3" "C:\Users\shann\OneDrive - TaEthni OÜ\Documents\ArcGIS\Projects\GeoBoundaries\GeoBoundaries.gdb\IND_ADM3before" FeatureClass</Process><Process ToolSource="c:\program files\arcgis\pro\Resources\ArcToolbox\toolboxes\Data Management Tools.tbx\UpdateSchema" Date="20210501" Time="214657">UpdateSchema "CIMDATA=&lt;CIMStandardDataConnection xsi:type='typens:CIMStandardDataConnection' xmlns:xsi='http://www.w3.org/2001/XMLSchema-instance' xmlns:xs='http://www.w3.org/2001/XMLSchema' xmlns:typens='http://www.esri.com/schemas/ArcGIS/2.7.0'&gt;&lt;WorkspaceConnectionString&gt;DATABASE=C:\Users\shann\OneDrive - TaEthni OÜ\Documents\ArcGIS\Projects\GeoBoundaries\GeoBoundaries.gdb&lt;/WorkspaceConnectionString&gt;&lt;WorkspaceFactory&gt;FileGDB&lt;/WorkspaceFactory&gt;&lt;Dataset&gt;IND_ADM3before&lt;/Dataset&gt;&lt;DatasetType&gt;esriDTFeatureClass&lt;/DatasetType&gt;&lt;/CIMStandardDataConnection&gt;" &lt;operationSequence&gt;&lt;workflow&gt;&lt;DeleteField&gt;&lt;field_name&gt;Admin1&lt;/field_name&gt;&lt;field_name&gt;Admin1_lo&lt;/field_name&gt;&lt;field_name&gt;Admin1_cur&lt;/field_name&gt;&lt;field_name&gt;Admin3&lt;/field_name&gt;&lt;field_name&gt;Admin3_lo&lt;/field_name&gt;&lt;field_name&gt;Admin3_cur&lt;/field_name&gt;&lt;field_name&gt;Admin4&lt;/field_name&gt;&lt;field_name&gt;Admin4_lo&lt;/field_name&gt;&lt;field_name&gt;Admin4_cur&lt;/field_name&gt;&lt;/DeleteField&gt;&lt;/workflow&gt;&lt;/operationSequence&gt;</Process><Process ToolSource="c:\program files\arcgis\pro\Resources\ArcToolbox\toolboxes\Data Management Tools.tbx\CopyFeatures" Date="20210501" Time="224858">CopyFeatures IND_ADM3before "C:\Users\shann\OneDrive - TaEthni OÜ\Desktop\IND_shps\IND_ADM3before.shp" # # # #</Process></lineage><itemProps><itemName Sync="TRUE">IND_ADM3before</itemName><imsContentType Sync="TRUE">002</imsContentType><itemLocation><linkage Sync="TRUE">file://\\TAETHNI-SURFACE\C$\Users\shann\OneDrive - TaEthni OÜ\Desktop\IND_shps\IND_ADM3before.shp</linkage><protocol Sync="TRUE">Local Area Network</protocol></itemLocation><itemSize Sync="TRUE">0.000</itemSize></itemProps><coordRef><type Sync="TRUE">Geographic</type><geogcsn Sync="TRUE">GCS_WGS_1984</geogcsn><csUnits Sync="TRUE">Angular Unit: Degree (0.017453)</csUnits><peXml Sync="TRUE">&lt;GeographicCoordinateSystem xsi:type='typens:GeographicCoordinateSystem' xmlns:xsi='http://www.w3.org/2001/XMLSchema-instance' xmlns:xs='http://www.w3.org/2001/XMLSchema' xmlns:typens='http://www.esri.com/schemas/ArcGIS/2.7.0'&gt;&lt;WKT&gt;GEOGCS[&amp;quot;GCS_WGS_1984&amp;quot;,DATUM[&amp;quot;D_WGS_1984&amp;quot;,SPHEROID[&amp;quot;WGS_1984&amp;quot;,6378137.0,298.257223563]],PRIMEM[&amp;quot;Greenwich&amp;quot;,0.0],UNIT[&amp;quot;Degree&amp;quot;,0.0174532925199433],AUTHORITY[&amp;quot;EPSG&amp;quot;,4326]]&lt;/WKT&gt;&lt;XOrigin&gt;-400&lt;/XOrigin&gt;&lt;YOrigin&gt;-400&lt;/YOrigin&gt;&lt;XYScale&gt;11258999068426.238&lt;/XYScale&gt;&lt;ZOrigin&gt;-100000&lt;/ZOrigin&gt;&lt;ZScale&gt;10000&lt;/ZScale&gt;&lt;MOrigin&gt;-100000&lt;/MOrigin&gt;&lt;MScale&gt;10000&lt;/MScale&gt;&lt;XYTolerance&gt;8.983152841195215e-09&lt;/XYTolerance&gt;&lt;ZTolerance&gt;0.001&lt;/ZTolerance&gt;&lt;MTolerance&gt;0.001&lt;/MTolerance&gt;&lt;HighPrecision&gt;true&lt;/HighPrecision&gt;&lt;LeftLongitude&gt;-180&lt;/LeftLongitude&gt;&lt;WKID&gt;4326&lt;/WKID&gt;&lt;LatestWKID&gt;4326&lt;/LatestWKID&gt;&lt;/GeographicCoordinateSystem&gt;</peXml></coordRef><LayerFile>{"type":"CIMLayerDocument","version":"2.7.0","build":26828,"layers":["CIMPATH=map/ind_adm3before2.xml"],"layerDefinitions":[{"type":"CIMFeatureLayer","name":"IND_ADM3before","uRI":"CIMPATH=map/ind_adm3before2.xml","sourceModifiedTime":{"type":"TimeInstant"},"useSourceMetadata":true,"description":"IND_ADM3before","layerElevation":{"type":"CIMLayerElevationSurface","mapElevationID":"{FB01947E-E89D-4D86-9551-6F46151A5A5B}"},"expanded":true,"layerType":"Operational","showLegends":true,"visibility":true,"displayCacheType":"Permanent","maxDisplayCacheAge":5,"showPopups":true,"serviceLayerID":-1,"refreshRate":-1,"refreshRateUnit":"esriTimeUnitsSeconds","blendingMode":"Alpha","autoGenerateFeatureTemplates":true,"featureElevationExpression":"0","featureTable":{"type":"CIMFeatureTable","displayField":"Name","editable":true,"dataConnection":{"type":"CIMStandardDataConnection","workspaceConnectionString":"DATABASE=..\\..\\..\\..\\OneDrive - TaEthni OÜ\\Desktop\\IND_shps","workspaceFactory":"Shapefile","dataset":"IND_ADM3before","datasetType":"esriDTFeatureClass"},"studyAreaSpatialRel":"esriSpatialRelUndefined","searchOrder":"esriSearchOrderSpatial"},"htmlPopupEnabled":true,"selectable":true,"featureCacheType":"Session","displayFiltersType":"ByScale","featureBlendingMode":"Alpha","labelClasses":[{"type":"CIMLabelClass","expressionTitle":"Custom","expression":"$feature.Name","expressionEngine":"Arcade","featuresToLabel":"AllVisibleFeatures","maplexLabelPlacementProperties":{"type":"CIMMaplexLabelPlacementProperties","featureType":"Polygon","avoidPolygonHoles":true,"canOverrunFeature":true,"canPlaceLabelOutsidePolygon":true,"canRemoveOverlappingLabel":true,"canStackLabel":true,"connectionType":"Unambiguous","constrainOffset":"NoConstraint","contourAlignmentType":"Page","contourLadderType":"Straight","contourMaximumAngle":90,"enableConnection":true,"featureWeight":0,"fontHeightReductionLimit":4,"fontHeightReductionStep":0.5,"fontWidthReductionLimit":90,"fontWidthReductionStep":5,"graticuleAlignmentType":"Straight","keyNumberGroupName":"Default","labelBuffer":15,"labelLargestPolygon":true,"labelPriority":-1,"labelStackingProperties":{"type":"CIMMaplexLabelStackingProperties","stackAlignment":"ChooseBest","maximumNumberOfLines":3,"minimumNumberOfCharsPerLine":3,"maximumNumberOfCharsPerLine":24,"separators":[{"type":"CIMMaplexStackingSeparator","separator":" ","splitAfter":true},{"type":"CIMMaplexStackingSeparator","separator":",","visible":true,"splitAfter":true}]},"lineFeatureType":"General","linePlacementMethod":"OffsetCurvedFromLine","maximumLabelOverrun":80,"maximumLabelOverrunUnit":"Point","minimumFeatureSizeUnit":"Map","multiPartOption":"OneLabelPerPart","offsetAlongLineProperties":{"type":"CIMMaplexOffsetAlongLineProperties","placementMethod":"BestPositionAlongLine","labelAnchorPoint":"CenterOfLabel","distanceUnit":"Percentage","useLineDirection":true},"pointExternalZonePriorities":{"type":"CIMMaplexExternalZonePriorities","aboveLeft":4,"aboveCenter":2,"aboveRight":1,"centerRight":3,"belowRight":5,"belowCenter":7,"belowLeft":8,"centerLeft":6},"pointPlacementMethod":"AroundPoint","polygonAnchorPointType":"GeometricCenter","polygonBoundaryWeight":0,"polygonExternalZones":{"type":"CIMMaplexExternalZonePriorities","aboveLeft":4,"aboveCenter":2,"aboveRight":1,"centerRight":3,"belowRight":5,"belowCenter":7,"belowLeft":8,"centerLeft":6},"polygonFeatureType":"General","polygonInternalZones":{"type":"CIMMaplexInternalZonePriorities","center":1},"polygonPlacementMethod":"HorizontalInPolygon","primaryOffset":1,"primaryOffsetUnit":"Point","removeExtraWhiteSpace":true,"repetitionIntervalUnit":"Point","rotationProperties":{"type":"CIMMaplexRotationProperties","rotationType":"Arithmetic","alignmentType":"Straight"},"secondaryOffset":100,"strategyPriorities":{"type":"CIMMaplexStrategyPriorities","stacking":1,"overrun":2,"fontCompression":3,"fontReduction":4,"abbreviation":5},"thinningDistanceUnit":"Point","truncationMarkerCharacter":".","truncationMinimumLength":1,"truncationPreferredCharacters":"aeiou","truncationExcludedCharacters":"0123456789","polygonAnchorPointPerimeterInsetUnit":"Point"},"name":"Class 1","priority":-1,"standardLabelPlacementProperties":{"type":"CIMStandardLabelPlacementProperties","featureType":"Line","featureWeight":"None","labelWeight":"High","numLabelsOption":"OneLabelPerName","lineLabelPosition":{"type":"CIMStandardLineLabelPosition","above":true,"inLine":true,"parallel":true},"lineLabelPriorities":{"type":"CIMStandardLineLabelPriorities","aboveStart":3,"aboveAlong":3,"aboveEnd":3,"centerStart":3,"centerAlong":3,"centerEnd":3,"belowStart":3,"belowAlong":3,"belowEnd":3},"pointPlacementMethod":"AroundPoint","pointPlacementPriorities":{"type":"CIMStandardPointPlacementPriorities","aboveLeft":2,"aboveCenter":2,"aboveRight":1,"centerLeft":3,"centerRight":2,"belowLeft":3,"belowCenter":3,"belowRight":2},"rotationType":"Arithmetic","polygonPlacementMethod":"AlwaysHorizontal"},"textSymbol":{"type":"CIMSymbolReference","symbol":{"type":"CIMTextSymbol","blockProgression":"TTB","depth3D":1,"extrapolateBaselines":true,"fontEffects":"Normal","fontEncoding":"Unicode","fontFamilyName":"Tahoma","fontStyleName":"Regular","fontType":"Unspecified","haloSize":1,"height":10,"hinting":"Default","horizontalAlignment":"Left","kerning":true,"letterWidth":100,"ligatures":true,"lineGapType":"ExtraLeading","symbol":{"type":"CIMPolygonSymbol","symbolLayers":[{"type":"CIMSolidFill","enable":true,"color":{"type":"CIMRGBColor","values":[0,0,0,100]}}]},"textCase":"Normal","textDirection":"LTR","verticalAlignment":"Bottom","verticalGlyphOrientation":"Right","wordSpacing":100,"billboardMode3D":"FaceNearPlane"}},"useCodedValue":true,"visibility":true,"iD":-1}],"renderer":{"type":"CIMSimpleRenderer","patch":"Default","symbol":{"type":"CIMSymbolReference","symbol":{"type":"CIMPolygonSymbol","symbolLayers":[{"type":"CIMSolidStroke","enable":true,"capStyle":"Round","joinStyle":"Round","lineStyle3D":"Strip","miterLimit":10,"width":0.69999999999999996,"color":{"type":"CIMRGBColor","values":[110,110,110,100]}},{"type":"CIMSolidFill","enable":true,"color":{"type":"CIMRGBColor","values":[245.050000000000011,252.449999999999989,212.06,100]}}]}}},"scaleSymbols":true,"snappable":true}]}</LayerFile></DataProperties><SyncDate>20210501</SyncDate><SyncTime>22485800</SyncTime><ModDate>20210501</ModDate><ModTime>22485800</ModTime></Esri><dataIdInfo><envirDesc Sync="TRUE">Microsoft Windows 10 Version 10.0 (Build 19042) ; Esri ArcGIS 12.7.3.26828</envirDesc><dataLang><languageCode value="eng" Sync="TRUE"></languageCode><countryCode value="USA" Sync="TRUE"></countryCode></dataLang><idCitation><resTitle Sync="TRUE">IND_ADM3before</resTitle><presForm><PresFormCd value="005" Sync="TRUE"></PresFormCd></presForm></idCitation><spatRpType><SpatRepTypCd value="001" Sync="TRUE"></SpatRepTypCd></spatRpType></dataIdInfo><mdLang><languageCode value="eng" Sync="TRUE"></languageCode><countryCode value="USA" Sync="TRUE"></countryCode></mdLang><distInfo><distFormat><formatName Sync="TRUE">Shapefile</formatName></distFormat><distTranOps><transSize Sync="TRUE">0.000</transSize></distTranOps></distInfo><mdHrLv><ScopeCd value="005" Sync="TRUE"></ScopeCd></mdHrLv><mdHrLvName Sync="TRUE">dataset</mdHrLvName><refSysInfo><RefSystem><refSysID><identCode code="4326" Sync="TRUE"></identCode><idCodeSpace Sync="TRUE">EPSG</idCodeSpace><idVersion Sync="TRUE">6.2(3.0.1)</idVersion></refSysID></RefSystem></refSysInfo><spatRepInfo><VectSpatRep><geometObjs Name="IND_ADM3before"><geoObjTyp><GeoObjTypCd value="002" Sync="TRUE"></GeoObjTypCd></geoObjTyp><geoObjCnt Sync="TRUE">0</geoObjCnt></geometObjs><topLvl><TopoLevCd value="001" Sync="TRUE"></TopoLevCd></topLvl></VectSpatRep></spatRepInfo><spdoinfo><ptvctinf><esriterm Name="IND_ADM3before"><efeatyp Sync="TRUE">Simple</efeatyp><efeageom code="4" Sync="TRUE"></efeageom><esritopo Sync="TRUE">FALSE</esritopo><efeacnt Sync="TRUE">0</efeacnt><spindex Sync="TRUE">FALSE</spindex><linrefer Sync="TRUE">FALSE</linrefer></esriterm></ptvctinf></spdoinfo><eainfo><detailed Name="IND_ADM3before"><enttyp><enttypl Sync="TRUE">IND_ADM3before</enttypl><enttypt Sync="TRUE">Feature Class</enttypt><enttypc Sync="TRUE">0</enttypc></enttyp><attr><attrlabl Sync="TRUE">FID</attrlabl><attalias Sync="TRUE">FID</attalias><attrtype Sync="TRUE">OID</attrtype><attwidth Sync="TRUE">4</attwidth><atprecis Sync="TRUE">0</atprecis><attscale Sync="TRUE">0</attscale><attrdef Sync="TRUE">Internal feature number.</attrdef><attrdefs Sync="TRUE">Esri</attrdefs><attrdomv><udom Sync="TRUE">Sequential unique whole numbers that are automatically generated.</udom></attrdomv></attr><attr><attrlabl Sync="TRUE">Shape</attrlabl><attalias Sync="TRUE">Shape</attalias><attrtype Sync="TRUE">Geometry</attrtype><attwidth Sync="TRUE">0</attwidth><atprecis Sync="TRUE">0</atprecis><attscale Sync="TRUE">0</attscale><attrdef Sync="TRUE">Feature geometry.</attrdef><attrdefs Sync="TRUE">Esri</attrdefs><attrdomv><udom Sync="TRUE">Coordinates defining the features.</udom></attrdomv></attr><attr><attrlabl Sync="TRUE">Shape_Leng</attrlabl><attalias Sync="TRUE">Shape_Leng</attalias><attrtype Sync="TRUE">Double</attrtype><attwidth Sync="TRUE">19</attwidth><atprecis Sync="TRUE">0</atprecis><attscale Sync="TRUE">0</attscale></attr><attr><attrlabl Sync="TRUE">Shape_Area</attrlabl><attalias Sync="TRUE">Shape_Area</attalias><attrtype Sync="TRUE">Double</attrtype><attwidth Sync="TRUE">19</attwidth><atprecis Sync="TRUE">0</atprecis><attscale Sync="TRUE">0</attscale><attrdef Sync="TRUE">Area of feature in internal units squared.</attrdef><attrdefs Sync="TRUE">Esri</attrdefs><attrdomv><udom Sync="TRUE">Positive real numbers that are automatically generated.</udom></attrdomv></attr><attr><attrlabl Sync="TRUE">Name</attrlabl><attalias Sync="TRUE">Name</attalias><attrtype Sync="TRUE">String</attrtype><attwidth Sync="TRUE">254</attwidth><atprecis Sync="TRUE">0</atprecis><attscale Sync="TRUE">0</attscale></attr><attr><attrlabl Sync="TRUE">Level</attrlabl><attalias Sync="TRUE">Level</attalias><attrtype Sync="TRUE">String</attrtype><attwidth Sync="TRUE">254</attwidth><atprecis Sync="TRUE">0</atprecis><attscale Sync="TRUE">0</attscale></attr></detailed></eainfo><mdDateSt Sync="TRUE">20210501</mdDateSt></metadata>
