<metadata xml:lang="en"><Esri><CreaDate>20211107</CreaDate><CreaTime>20461700</CreaTime><ArcGISFormat>1.0</ArcGISFormat><SyncOnce>FALSE</SyncOnce><DataProperties><itemProps><itemName Sync="TRUE">DNK_ADM0</itemName><imsContentType Sync="TRUE">002</imsContentType><itemSize Sync="TRUE">0.000</itemSize><itemLocation><linkage Sync="TRUE">file://\\AC-FHHGK93-DSMI\C$\Users\cmrivera\Desktop\DNK_ADM0\DNK_ADM0.shp</linkage><protocol Sync="TRUE">Local Area Network</protocol></itemLocation></itemProps><coordRef><type Sync="TRUE">Geographic</type><geogcsn Sync="TRUE">GCS_WGS_1984</geogcsn><csUnits Sync="TRUE">Angular Unit: Degree (0.017453)</csUnits><peXml Sync="TRUE">&lt;GeographicCoordinateSystem xsi:type='typens:GeographicCoordinateSystem' xmlns:xsi='http://www.w3.org/2001/XMLSchema-instance' xmlns:xs='http://www.w3.org/2001/XMLSchema' xmlns:typens='http://www.esri.com/schemas/ArcGIS/2.7.0'&gt;&lt;WKT&gt;GEOGCS[&amp;quot;GCS_WGS_1984&amp;quot;,DATUM[&amp;quot;D_WGS_1984&amp;quot;,SPHEROID[&amp;quot;WGS_1984&amp;quot;,6378137.0,298.257223563]],PRIMEM[&amp;quot;Greenwich&amp;quot;,0.0],UNIT[&amp;quot;Degree&amp;quot;,0.0174532925199433],AUTHORITY[&amp;quot;EPSG&amp;quot;,4326]]&lt;/WKT&gt;&lt;XOrigin&gt;-400&lt;/XOrigin&gt;&lt;YOrigin&gt;-400&lt;/YOrigin&gt;&lt;XYScale&gt;11258999068426.238&lt;/XYScale&gt;&lt;ZOrigin&gt;-100000&lt;/ZOrigin&gt;&lt;ZScale&gt;10000&lt;/ZScale&gt;&lt;MOrigin&gt;-100000&lt;/MOrigin&gt;&lt;MScale&gt;10000&lt;/MScale&gt;&lt;XYTolerance&gt;8.983152841195215e-09&lt;/XYTolerance&gt;&lt;ZTolerance&gt;0.001&lt;/ZTolerance&gt;&lt;MTolerance&gt;0.001&lt;/MTolerance&gt;&lt;HighPrecision&gt;true&lt;/HighPrecision&gt;&lt;LeftLongitude&gt;-180&lt;/LeftLongitude&gt;&lt;WKID&gt;4326&lt;/WKID&gt;&lt;LatestWKID&gt;4326&lt;/LatestWKID&gt;&lt;/GeographicCoordinateSystem&gt;</peXml></coordRef><lineage><Process ToolSource="c:\program files\arcgis\pro\Resources\ArcToolbox\toolboxes\Conversion Tools.tbx\FeatureClassToFeatureClass" Date="20211107" Time="204505">FeatureClassToFeatureClass ne_10m_admin_0_sovereignty C:\Users\cmrivera\Desktop\denmark denmark.shp # "featurecla "featurecla" true true false 19 Text 0 0,First,#,ne_10m_admin_0_sovereignty,featurecla,0,19;scalerank "scalerank" true true false 1 Short 0 1,First,#,ne_10m_admin_0_sovereignty,scalerank,-1,-1;LABELRANK "LABELRANK" true true false 1 Short 0 1,First,#,ne_10m_admin_0_sovereignty,LABELRANK,-1,-1;SOVEREIGNT "SOVEREIGNT" true true false 32 Text 0 0,First,#,ne_10m_admin_0_sovereignty,SOVEREIGNT,0,32;SOV_A3 "SOV_A3" true true false 3 Text 0 0,First,#,ne_10m_admin_0_sovereignty,SOV_A3,0,3;ADM0_DIF "ADM0_DIF" true true false 1 Short 0 1,First,#,ne_10m_admin_0_sovereignty,ADM0_DIF,-1,-1;LEVEL "LEVEL" true true false 1 Short 0 1,First,#,ne_10m_admin_0_sovereignty,LEVEL,-1,-1;TYPE "TYPE" true true false 17 Text 0 0,First,#,ne_10m_admin_0_sovereignty,TYPE,0,17;ADMIN "ADMIN" true true false 32 Text 0 0,First,#,ne_10m_admin_0_sovereignty,ADMIN,0,32;ADM0_A3 "ADM0_A3" true true false 3 Text 0 0,First,#,ne_10m_admin_0_sovereignty,ADM0_A3,0,3;GEOU_DIF "GEOU_DIF" true true false 1 Short 0 1,First,#,ne_10m_admin_0_sovereignty,GEOU_DIF,-1,-1;GEOUNIT "GEOUNIT" true true false 32 Text 0 0,First,#,ne_10m_admin_0_sovereignty,GEOUNIT,0,32;GU_A3 "GU_A3" true true false 3 Text 0 0,First,#,ne_10m_admin_0_sovereignty,GU_A3,0,3;SU_DIF "SU_DIF" true true false 1 Short 0 1,First,#,ne_10m_admin_0_sovereignty,SU_DIF,-1,-1;SUBUNIT "SUBUNIT" true true false 32 Text 0 0,First,#,ne_10m_admin_0_sovereignty,SUBUNIT,0,32;SU_A3 "SU_A3" true true false 3 Text 0 0,First,#,ne_10m_admin_0_sovereignty,SU_A3,0,3;BRK_DIFF "BRK_DIFF" true true false 1 Short 0 1,First,#,ne_10m_admin_0_sovereignty,BRK_DIFF,-1,-1;NAME "NAME" true true false 24 Text 0 0,First,#,ne_10m_admin_0_sovereignty,NAME,0,24;NAME_LONG "NAME_LONG" true true false 32 Text 0 0,First,#,ne_10m_admin_0_sovereignty,NAME_LONG,0,32;BRK_A3 "BRK_A3" true true false 3 Text 0 0,First,#,ne_10m_admin_0_sovereignty,BRK_A3,0,3;BRK_NAME "BRK_NAME" true true false 32 Text 0 0,First,#,ne_10m_admin_0_sovereignty,BRK_NAME,0,32;BRK_GROUP "BRK_GROUP" true true false 17 Text 0 0,First,#,ne_10m_admin_0_sovereignty,BRK_GROUP,0,17;ABBREV "ABBREV" true true false 11 Text 0 0,First,#,ne_10m_admin_0_sovereignty,ABBREV,0,11;POSTAL "POSTAL" true true false 4 Text 0 0,First,#,ne_10m_admin_0_sovereignty,POSTAL,0,4;FORMAL_EN "FORMAL_EN" true true false 52 Text 0 0,First,#,ne_10m_admin_0_sovereignty,FORMAL_EN,0,52;FORMAL_FR "FORMAL_FR" true true false 35 Text 0 0,First,#,ne_10m_admin_0_sovereignty,FORMAL_FR,0,35;NAME_CIAWF "NAME_CIAWF" true true false 33 Text 0 0,First,#,ne_10m_admin_0_sovereignty,NAME_CIAWF,0,33;NOTE_ADM0 "NOTE_ADM0" true true false 16 Text 0 0,First,#,ne_10m_admin_0_sovereignty,NOTE_ADM0,0,16;NOTE_BRK "NOTE_BRK" true true false 63 Text 0 0,First,#,ne_10m_admin_0_sovereignty,NOTE_BRK,0,63;NAME_SORT "NAME_SORT" true true false 31 Text 0 0,First,#,ne_10m_admin_0_sovereignty,NAME_SORT,0,31;NAME_ALT "NAME_ALT" true true false 19 Text 0 0,First,#,ne_10m_admin_0_sovereignty,NAME_ALT,0,19;MAPCOLOR7 "MAPCOLOR7" true true false 1 Short 0 1,First,#,ne_10m_admin_0_sovereignty,MAPCOLOR7,-1,-1;MAPCOLOR8 "MAPCOLOR8" true true false 1 Short 0 1,First,#,ne_10m_admin_0_sovereignty,MAPCOLOR8,-1,-1;MAPCOLOR9 "MAPCOLOR9" true true false 1 Short 0 1,First,#,ne_10m_admin_0_sovereignty,MAPCOLOR9,-1,-1;MAPCOLOR13 "MAPCOLOR13" true true false 3 Short 0 3,First,#,ne_10m_admin_0_sovereignty,MAPCOLOR13,-1,-1;POP_EST "POP_EST" true true false 10 Long 0 10,First,#,ne_10m_admin_0_sovereignty,POP_EST,-1,-1;POP_RANK "POP_RANK" true true false 2 Short 0 2,First,#,ne_10m_admin_0_sovereignty,POP_RANK,-1,-1;GDP_MD_EST "GDP_MD_EST" true true false 11 Double 2 10,First,#,ne_10m_admin_0_sovereignty,GDP_MD_EST,-1,-1;POP_YEAR "POP_YEAR" true true false 4 Short 0 4,First,#,ne_10m_admin_0_sovereignty,POP_YEAR,-1,-1;LASTCENSUS "LASTCENSUS" true true false 4 Short 0 4,First,#,ne_10m_admin_0_sovereignty,LASTCENSUS,-1,-1;GDP_YEAR "GDP_YEAR" true true false 4 Short 0 4,First,#,ne_10m_admin_0_sovereignty,GDP_YEAR,-1,-1;ECONOMY "ECONOMY" true true false 26 Text 0 0,First,#,ne_10m_admin_0_sovereignty,ECONOMY,0,26;INCOME_GRP "INCOME_GRP" true true false 23 Text 0 0,First,#,ne_10m_admin_0_sovereignty,INCOME_GRP,0,23;WIKIPEDIA "WIKIPEDIA" true true false 3 Short 0 3,First,#,ne_10m_admin_0_sovereignty,WIKIPEDIA,-1,-1;FIPS_10_ "FIPS_10_" true true false 3 Text 0 0,First,#,ne_10m_admin_0_sovereignty,FIPS_10_,0,3;ISO_A2 "ISO_A2" true true false 3 Text 0 0,First,#,ne_10m_admin_0_sovereignty,ISO_A2,0,3;ISO_A3 "ISO_A3" true true false 3 Text 0 0,First,#,ne_10m_admin_0_sovereignty,ISO_A3,0,3;ISO_A3_EH "ISO_A3_EH" true true false 3 Text 0 0,First,#,ne_10m_admin_0_sovereignty,ISO_A3_EH,0,3;ISO_N3 "ISO_N3" true true false 3 Text 0 0,First,#,ne_10m_admin_0_sovereignty,ISO_N3,0,3;UN_A3 "UN_A3" true true false 4 Text 0 0,First,#,ne_10m_admin_0_sovereignty,UN_A3,0,4;WB_A2 "WB_A2" true true false 3 Text 0 0,First,#,ne_10m_admin_0_sovereignty,WB_A2,0,3;WB_A3 "WB_A3" true true false 3 Text 0 0,First,#,ne_10m_admin_0_sovereignty,WB_A3,0,3;WOE_ID "WOE_ID" true true false 8 Long 0 8,First,#,ne_10m_admin_0_sovereignty,WOE_ID,-1,-1;WOE_ID_EH "WOE_ID_EH" true true false 8 Long 0 8,First,#,ne_10m_admin_0_sovereignty,WOE_ID_EH,-1,-1;WOE_NOTE "WOE_NOTE" true true false 99 Text 0 0,First,#,ne_10m_admin_0_sovereignty,WOE_NOTE,0,99;ADM0_A3_IS "ADM0_A3_IS" true true false 3 Text 0 0,First,#,ne_10m_admin_0_sovereignty,ADM0_A3_IS,0,3;ADM0_A3_US "ADM0_A3_US" true true false 3 Text 0 0,First,#,ne_10m_admin_0_sovereignty,ADM0_A3_US,0,3;ADM0_A3_UN "ADM0_A3_UN" true true false 3 Short 0 3,First,#,ne_10m_admin_0_sovereignty,ADM0_A3_UN,-1,-1;ADM0_A3_WB "ADM0_A3_WB" true true false 3 Short 0 3,First,#,ne_10m_admin_0_sovereignty,ADM0_A3_WB,-1,-1;CONTINENT "CONTINENT" true true false 23 Text 0 0,First,#,ne_10m_admin_0_sovereignty,CONTINENT,0,23;REGION_UN "REGION_UN" true true false 10 Text 0 0,First,#,ne_10m_admin_0_sovereignty,REGION_UN,0,10;SUBREGION "SUBREGION" true true false 25 Text 0 0,First,#,ne_10m_admin_0_sovereignty,SUBREGION,0,25;REGION_WB "REGION_WB" true true false 26 Text 0 0,First,#,ne_10m_admin_0_sovereignty,REGION_WB,0,26;NAME_LEN "NAME_LEN" true true false 2 Short 0 2,First,#,ne_10m_admin_0_sovereignty,NAME_LEN,-1,-1;LONG_LEN "LONG_LEN" true true false 2 Short 0 2,First,#,ne_10m_admin_0_sovereignty,LONG_LEN,-1,-1;ABBREV_LEN "ABBREV_LEN" true true false 2 Short 0 2,First,#,ne_10m_admin_0_sovereignty,ABBREV_LEN,-1,-1;TINY "TINY" true true false 3 Short 0 3,First,#,ne_10m_admin_0_sovereignty,TINY,-1,-1;HOMEPART "HOMEPART" true true false 3 Short 0 3,First,#,ne_10m_admin_0_sovereignty,HOMEPART,-1,-1;MIN_ZOOM "MIN_ZOOM" true true false 3 Float 1 2,First,#,ne_10m_admin_0_sovereignty,MIN_ZOOM,-1,-1;MIN_LABEL "MIN_LABEL" true true false 5 Float 1 4,First,#,ne_10m_admin_0_sovereignty,MIN_LABEL,-1,-1;MAX_LABEL "MAX_LABEL" true true false 5 Float 1 4,First,#,ne_10m_admin_0_sovereignty,MAX_LABEL,-1,-1;NE_ID "NE_ID" true true false 10 Long 0 10,First,#,ne_10m_admin_0_sovereignty,NE_ID,-1,-1;WIKIDATAID "WIKIDATAID" true true false 8 Text 0 0,First,#,ne_10m_admin_0_sovereignty,WIKIDATAID,0,8;NAME_AR "NAME_AR" true true false 67 Text 0 0,First,#,ne_10m_admin_0_sovereignty,NAME_AR,0,67;NAME_BN "NAME_BN" true true false 106 Text 0 0,First,#,ne_10m_admin_0_sovereignty,NAME_BN,0,106;NAME_DE "NAME_DE" true true false 30 Text 0 0,First,#,ne_10m_admin_0_sovereignty,NAME_DE,0,30;NAME_EN "NAME_EN" true true false 36 Text 0 0,First,#,ne_10m_admin_0_sovereignty,NAME_EN,0,36;NAME_ES "NAME_ES" true true false 36 Text 0 0,First,#,ne_10m_admin_0_sovereignty,NAME_ES,0,36;NAME_FR "NAME_FR" true true false 34 Text 0 0,First,#,ne_10m_admin_0_sovereignty,NAME_FR,0,34;NAME_EL "NAME_EL" true true false 88 Text 0 0,First,#,ne_10m_admin_0_sovereignty,NAME_EL,0,88;NAME_HI "NAME_HI" true true false 84 Text 0 0,First,#,ne_10m_admin_0_sovereignty,NAME_HI,0,84;NAME_HU "NAME_HU" true true false 38 Text 0 0,First,#,ne_10m_admin_0_sovereignty,NAME_HU,0,38;NAME_ID "NAME_ID" true true false 36 Text 0 0,First,#,ne_10m_admin_0_sovereignty,NAME_ID,0,36;NAME_IT "NAME_IT" true true false 32 Text 0 0,First,#,ne_10m_admin_0_sovereignty,NAME_IT,0,32;NAME_JA "NAME_JA" true true false 48 Text 0 0,First,#,ne_10m_admin_0_sovereignty,NAME_JA,0,48;NAME_KO "NAME_KO" true true false 33 Text 0 0,First,#,ne_10m_admin_0_sovereignty,NAME_KO,0,33;NAME_NL "NAME_NL" true true false 30 Text 0 0,First,#,ne_10m_admin_0_sovereignty,NAME_NL,0,30;NAME_PL "NAME_PL" true true false 38 Text 0 0,First,#,ne_10m_admin_0_sovereignty,NAME_PL,0,38;NAME_PT "NAME_PT" true true false 35 Text 0 0,First,#,ne_10m_admin_0_sovereignty,NAME_PT,0,35;NAME_RU "NAME_RU" true true false 85 Text 0 0,First,#,ne_10m_admin_0_sovereignty,NAME_RU,0,85;NAME_SV "NAME_SV" true true false 30 Text 0 0,First,#,ne_10m_admin_0_sovereignty,NAME_SV,0,30;NAME_TR "NAME_TR" true true false 32 Text 0 0,First,#,ne_10m_admin_0_sovereignty,NAME_TR,0,32;NAME_VI "NAME_VI" true true false 53 Text 0 0,First,#,ne_10m_admin_0_sovereignty,NAME_VI,0,53;NAME_ZH "NAME_ZH" true true false 33 Text 0 0,First,#,ne_10m_admin_0_sovereignty,NAME_ZH,0,33" #</Process><Process ToolSource="c:\program files\arcgis\pro\Resources\ArcToolbox\toolboxes\Data Management Tools.tbx\Project" Date="20211107" Time="204617">Project denmark C:\Users\cmrivera\AppData\Local\Temp\ArcGISProTemp7220\6355368a-7346-4bc0-a054-187951b0ccc1\Default.gdb\denmark_Project GEOGCS['GCS_WGS_1984',DATUM['D_WGS_1984',SPHEROID['WGS_1984',6378137.0,298.257223563]],PRIMEM['Greenwich',0.0],UNIT['Degree',0.0174532925199433]] # GEOGCS['GCS_WGS_1984',DATUM['D_WGS_1984',SPHEROID['WGS_1984',6378137.0,298.257223563]],PRIMEM['Greenwich',0.0],UNIT['Degree',0.0174532925199433]] NO_PRESERVE_SHAPE # NO_VERTICAL</Process><Process ToolSource="c:\program files\arcgis\pro\Resources\ArcToolbox\toolboxes\Data Management Tools.tbx\UpdateSchema" Date="20211107" Time="204724">UpdateSchema "CIMDATA=&lt;CIMStandardDataConnection xsi:type='typens:CIMStandardDataConnection' xmlns:xsi='http://www.w3.org/2001/XMLSchema-instance' xmlns:xs='http://www.w3.org/2001/XMLSchema' xmlns:typens='http://www.esri.com/schemas/ArcGIS/2.7.0'&gt;&lt;WorkspaceConnectionString&gt;DATABASE=C:\Users\cmrivera\AppData\Local\Temp\ArcGISProTemp7220\6355368a-7346-4bc0-a054-187951b0ccc1\Default.gdb&lt;/WorkspaceConnectionString&gt;&lt;WorkspaceFactory&gt;FileGDB&lt;/WorkspaceFactory&gt;&lt;Dataset&gt;denmark_Project&lt;/Dataset&gt;&lt;DatasetType&gt;esriDTFeatureClass&lt;/DatasetType&gt;&lt;/CIMStandardDataConnection&gt;" &lt;operationSequence&gt;&lt;workflow&gt;&lt;DeleteField&gt;&lt;field_name&gt;featurecla&lt;/field_name&gt;&lt;field_name&gt;scalerank&lt;/field_name&gt;&lt;field_name&gt;LABELRANK&lt;/field_name&gt;&lt;field_name&gt;SOV_A3&lt;/field_name&gt;&lt;field_name&gt;ADM0_DIF&lt;/field_name&gt;&lt;field_name&gt;LEVEL&lt;/field_name&gt;&lt;field_name&gt;TYPE&lt;/field_name&gt;&lt;field_name&gt;ADMIN&lt;/field_name&gt;&lt;field_name&gt;ADM0_A3&lt;/field_name&gt;&lt;field_name&gt;GEOU_DIF&lt;/field_name&gt;&lt;field_name&gt;GEOUNIT&lt;/field_name&gt;&lt;field_name&gt;GU_A3&lt;/field_name&gt;&lt;field_name&gt;SU_DIF&lt;/field_name&gt;&lt;field_name&gt;SUBUNIT&lt;/field_name&gt;&lt;field_name&gt;SU_A3&lt;/field_name&gt;&lt;field_name&gt;BRK_DIFF&lt;/field_name&gt;&lt;field_name&gt;NAME&lt;/field_name&gt;&lt;field_name&gt;NAME_LONG&lt;/field_name&gt;&lt;field_name&gt;BRK_A3&lt;/field_name&gt;&lt;field_name&gt;BRK_NAME&lt;/field_name&gt;&lt;field_name&gt;BRK_GROUP&lt;/field_name&gt;&lt;field_name&gt;ABBREV&lt;/field_name&gt;&lt;field_name&gt;POSTAL&lt;/field_name&gt;&lt;field_name&gt;FORMAL_EN&lt;/field_name&gt;&lt;field_name&gt;FORMAL_FR&lt;/field_name&gt;&lt;field_name&gt;NAME_CIAWF&lt;/field_name&gt;&lt;field_name&gt;NOTE_ADM0&lt;/field_name&gt;&lt;field_name&gt;NOTE_BRK&lt;/field_name&gt;&lt;field_name&gt;NAME_SORT&lt;/field_name&gt;&lt;field_name&gt;NAME_ALT&lt;/field_name&gt;&lt;field_name&gt;MAPCOLOR7&lt;/field_name&gt;&lt;field_name&gt;MAPCOLOR8&lt;/field_name&gt;&lt;field_name&gt;MAPCOLOR9&lt;/field_name&gt;&lt;field_name&gt;MAPCOLOR13&lt;/field_name&gt;&lt;field_name&gt;POP_EST&lt;/field_name&gt;&lt;field_name&gt;POP_RANK&lt;/field_name&gt;&lt;field_name&gt;GDP_MD_EST&lt;/field_name&gt;&lt;field_name&gt;POP_YEAR&lt;/field_name&gt;&lt;field_name&gt;LASTCENSUS&lt;/field_name&gt;&lt;field_name&gt;GDP_YEAR&lt;/field_name&gt;&lt;field_name&gt;ECONOMY&lt;/field_name&gt;&lt;field_name&gt;INCOME_GRP&lt;/field_name&gt;&lt;field_name&gt;WIKIPEDIA&lt;/field_name&gt;&lt;field_name&gt;FIPS_10_&lt;/field_name&gt;&lt;field_name&gt;ISO_A2&lt;/field_name&gt;&lt;field_name&gt;ISO_A3&lt;/field_name&gt;&lt;field_name&gt;ISO_A3_EH&lt;/field_name&gt;&lt;field_name&gt;ISO_N3&lt;/field_name&gt;&lt;field_name&gt;UN_A3&lt;/field_name&gt;&lt;field_name&gt;WB_A2&lt;/field_name&gt;&lt;field_name&gt;WB_A3&lt;/field_name&gt;&lt;field_name&gt;WOE_ID&lt;/field_name&gt;&lt;field_name&gt;WOE_ID_EH&lt;/field_name&gt;&lt;field_name&gt;WOE_NOTE&lt;/field_name&gt;&lt;field_name&gt;ADM0_A3_IS&lt;/field_name&gt;&lt;field_name&gt;ADM0_A3_US&lt;/field_name&gt;&lt;field_name&gt;ADM0_A3_UN&lt;/field_name&gt;&lt;field_name&gt;ADM0_A3_WB&lt;/field_name&gt;&lt;field_name&gt;CONTINENT&lt;/field_name&gt;&lt;field_name&gt;REGION_UN&lt;/field_name&gt;&lt;field_name&gt;SUBREGION&lt;/field_name&gt;&lt;field_name&gt;REGION_WB&lt;/field_name&gt;&lt;field_name&gt;NAME_LEN&lt;/field_name&gt;&lt;field_name&gt;LONG_LEN&lt;/field_name&gt;&lt;field_name&gt;ABBREV_LEN&lt;/field_name&gt;&lt;field_name&gt;TINY&lt;/field_name&gt;&lt;field_name&gt;HOMEPART&lt;/field_name&gt;&lt;field_name&gt;MIN_ZOOM&lt;/field_name&gt;&lt;field_name&gt;MIN_LABEL&lt;/field_name&gt;&lt;field_name&gt;MAX_LABEL&lt;/field_name&gt;&lt;field_name&gt;NE_ID&lt;/field_name&gt;&lt;field_name&gt;WIKIDATAID&lt;/field_name&gt;&lt;field_name&gt;NAME_AR&lt;/field_name&gt;&lt;field_name&gt;NAME_BN&lt;/field_name&gt;&lt;field_name&gt;NAME_DE&lt;/field_name&gt;&lt;field_name&gt;NAME_EN&lt;/field_name&gt;&lt;field_name&gt;NAME_ES&lt;/field_name&gt;&lt;field_name&gt;NAME_FR&lt;/field_name&gt;&lt;field_name&gt;NAME_EL&lt;/field_name&gt;&lt;field_name&gt;NAME_HI&lt;/field_name&gt;&lt;field_name&gt;NAME_HU&lt;/field_name&gt;&lt;field_name&gt;NAME_ID&lt;/field_name&gt;&lt;field_name&gt;NAME_IT&lt;/field_name&gt;&lt;field_name&gt;NAME_JA&lt;/field_name&gt;&lt;field_name&gt;NAME_KO&lt;/field_name&gt;&lt;field_name&gt;NAME_NL&lt;/field_name&gt;&lt;field_name&gt;NAME_PL&lt;/field_name&gt;&lt;field_name&gt;NAME_PT&lt;/field_name&gt;&lt;field_name&gt;NAME_RU&lt;/field_name&gt;&lt;field_name&gt;NAME_SV&lt;/field_name&gt;&lt;field_name&gt;NAME_TR&lt;/field_name&gt;&lt;field_name&gt;NAME_VI&lt;/field_name&gt;&lt;field_name&gt;NAME_ZH&lt;/field_name&gt;&lt;/DeleteField&gt;&lt;/workflow&gt;&lt;/operationSequence&gt;</Process><Process ToolSource="c:\program files\arcgis\pro\Resources\ArcToolbox\toolboxes\Data Management Tools.tbx\UpdateSchema" Date="20211107" Time="204750">UpdateSchema "CIMDATA=&lt;CIMStandardDataConnection xsi:type='typens:CIMStandardDataConnection' xmlns:xsi='http://www.w3.org/2001/XMLSchema-instance' xmlns:xs='http://www.w3.org/2001/XMLSchema' xmlns:typens='http://www.esri.com/schemas/ArcGIS/2.7.0'&gt;&lt;WorkspaceConnectionString&gt;DATABASE=C:\Users\cmrivera\AppData\Local\Temp\ArcGISProTemp7220\6355368a-7346-4bc0-a054-187951b0ccc1\Default.gdb&lt;/WorkspaceConnectionString&gt;&lt;WorkspaceFactory&gt;FileGDB&lt;/WorkspaceFactory&gt;&lt;Dataset&gt;denmark_Project&lt;/Dataset&gt;&lt;DatasetType&gt;esriDTFeatureClass&lt;/DatasetType&gt;&lt;/CIMStandardDataConnection&gt;" &lt;operationSequence&gt;&lt;workflow&gt;&lt;AddField&gt;&lt;field_name&gt;Level&lt;/field_name&gt;&lt;field_type&gt;TEXT&lt;/field_type&gt;&lt;field_length&gt;25&lt;/field_length&gt;&lt;field_alias&gt;Level&lt;/field_alias&gt;&lt;field_is_nullable&gt;True&lt;/field_is_nullable&gt;&lt;field_is_required&gt;False&lt;/field_is_required&gt;&lt;/AddField&gt;&lt;/workflow&gt;&lt;workflow&gt;&lt;AddField&gt;&lt;field_name&gt;ISO_Code&lt;/field_name&gt;&lt;field_type&gt;TEXT&lt;/field_type&gt;&lt;field_length&gt;25&lt;/field_length&gt;&lt;field_alias&gt;ISO_Code&lt;/field_alias&gt;&lt;field_is_nullable&gt;True&lt;/field_is_nullable&gt;&lt;field_is_required&gt;False&lt;/field_is_required&gt;&lt;/AddField&gt;&lt;/workflow&gt;&lt;/operationSequence&gt;</Process><Process ToolSource="c:\program files\arcgis\pro\Resources\ArcToolbox\toolboxes\Data Management Tools.tbx\UpdateSchema" Date="20211107" Time="204805">UpdateSchema "CIMDATA=&lt;CIMStandardDataConnection xsi:type='typens:CIMStandardDataConnection' xmlns:xsi='http://www.w3.org/2001/XMLSchema-instance' xmlns:xs='http://www.w3.org/2001/XMLSchema' xmlns:typens='http://www.esri.com/schemas/ArcGIS/2.7.0'&gt;&lt;WorkspaceConnectionString&gt;DATABASE=C:\Users\cmrivera\AppData\Local\Temp\ArcGISProTemp7220\6355368a-7346-4bc0-a054-187951b0ccc1\Default.gdb&lt;/WorkspaceConnectionString&gt;&lt;WorkspaceFactory&gt;FileGDB&lt;/WorkspaceFactory&gt;&lt;Dataset&gt;denmark_Project&lt;/Dataset&gt;&lt;DatasetType&gt;esriDTFeatureClass&lt;/DatasetType&gt;&lt;/CIMStandardDataConnection&gt;" &lt;operationSequence&gt;&lt;workflow&gt;&lt;AlterField&gt;&lt;field_name&gt;SOVEREIGNT&lt;/field_name&gt;&lt;new_field_name&gt;Name&lt;/new_field_name&gt;&lt;field_type&gt;TEXT&lt;/field_type&gt;&lt;field_is_nullable&gt;True&lt;/field_is_nullable&gt;&lt;clear_field_alias&gt;False&lt;/clear_field_alias&gt;&lt;/AlterField&gt;&lt;/workflow&gt;&lt;/operationSequence&gt;</Process><Process ToolSource="c:\program files\arcgis\pro\Resources\ArcToolbox\toolboxes\Conversion Tools.tbx\FeatureClassToFeatureClass" Date="20211107" Time="204909">FeatureClassToFeatureClass denmark_Project C:\Users\cmrivera\Desktop\DNK_ADM0 DNK_ADM0.shp # "Name "Name" true true false 32 Text 0 0,First,#,denmark_Project,Name,0,32;Shape_Length "Shape_Length" false true true 8 Double 0 0,First,#,denmark_Project,Shape_Length,-1,-1;Shape_Area "Shape_Area" false true true 8 Double 0 0,First,#,denmark_Project,Shape_Area,-1,-1;Level "Level" true true false 25 Text 0 0,First,#,denmark_Project,Level,0,25;ISO_Code "ISO_Code" true true false 25 Text 0 0,First,#,denmark_Project,ISO_Code,0,25" #</Process></lineage><LayerFile>{"type":"CIMLayerDocument","version":"2.7.0","build":26828,"layers":["CIMPATH=map/dnk_adm0.xml"],"layerDefinitions":[{"type":"CIMFeatureLayer","name":"DNK_ADM0","uRI":"CIMPATH=map/dnk_adm0.xml","sourceModifiedTime":{"type":"TimeInstant"},"useSourceMetadata":true,"description":"DNK_ADM0","layerElevation":{"type":"CIMLayerElevationSurface","mapElevationID":"{C6E4F77D-D908-4BF2-AB00-87CEE2A52B50}"},"expanded":true,"layerType":"Operational","showLegends":true,"visibility":true,"displayCacheType":"Permanent","maxDisplayCacheAge":5,"showPopups":true,"serviceLayerID":-1,"refreshRate":-1,"refreshRateUnit":"esriTimeUnitsSeconds","blendingMode":"Alpha","autoGenerateFeatureTemplates":true,"featureElevationExpression":"0","featureTable":{"type":"CIMFeatureTable","displayField":"Name","editable":true,"dataConnection":{"type":"CIMStandardDataConnection","workspaceConnectionString":"DATABASE=..\\..\\..\\..\\Desktop\\DNK_ADM0","workspaceFactory":"Shapefile","dataset":"DNK_ADM0","datasetType":"esriDTFeatureClass"},"studyAreaSpatialRel":"esriSpatialRelUndefined","searchOrder":"esriSearchOrderSpatial"},"htmlPopupEnabled":true,"selectable":true,"featureCacheType":"Session","displayFiltersType":"ByScale","featureBlendingMode":"Alpha","labelClasses":[{"type":"CIMLabelClass","expressionTitle":"Custom","expression":"$feature.NAME","expressionEngine":"Arcade","featuresToLabel":"AllVisibleFeatures","maplexLabelPlacementProperties":{"type":"CIMMaplexLabelPlacementProperties","featureType":"Polygon","avoidPolygonHoles":true,"canOverrunFeature":true,"canPlaceLabelOutsidePolygon":true,"canRemoveOverlappingLabel":true,"canStackLabel":true,"connectionType":"Unambiguous","constrainOffset":"NoConstraint","contourAlignmentType":"Page","contourLadderType":"Straight","contourMaximumAngle":90,"enableConnection":true,"featureWeight":0,"fontHeightReductionLimit":4,"fontHeightReductionStep":0.5,"fontWidthReductionLimit":90,"fontWidthReductionStep":5,"graticuleAlignmentType":"Straight","keyNumberGroupName":"Default","labelBuffer":15,"labelLargestPolygon":true,"labelPriority":-1,"labelStackingProperties":{"type":"CIMMaplexLabelStackingProperties","stackAlignment":"ChooseBest","maximumNumberOfLines":3,"minimumNumberOfCharsPerLine":3,"maximumNumberOfCharsPerLine":24,"separators":[{"type":"CIMMaplexStackingSeparator","separator":" ","splitAfter":true},{"type":"CIMMaplexStackingSeparator","separator":",","visible":true,"splitAfter":true}]},"lineFeatureType":"General","linePlacementMethod":"OffsetCurvedFromLine","maximumLabelOverrun":80,"maximumLabelOverrunUnit":"Point","minimumFeatureSizeUnit":"Map","multiPartOption":"OneLabelPerPart","offsetAlongLineProperties":{"type":"CIMMaplexOffsetAlongLineProperties","placementMethod":"BestPositionAlongLine","labelAnchorPoint":"CenterOfLabel","distanceUnit":"Percentage","useLineDirection":true},"pointExternalZonePriorities":{"type":"CIMMaplexExternalZonePriorities","aboveLeft":4,"aboveCenter":2,"aboveRight":1,"centerRight":3,"belowRight":5,"belowCenter":7,"belowLeft":8,"centerLeft":6},"pointPlacementMethod":"AroundPoint","polygonAnchorPointType":"GeometricCenter","polygonBoundaryWeight":0,"polygonExternalZones":{"type":"CIMMaplexExternalZonePriorities","aboveLeft":4,"aboveCenter":2,"aboveRight":1,"centerRight":3,"belowRight":5,"belowCenter":7,"belowLeft":8,"centerLeft":6},"polygonFeatureType":"General","polygonInternalZones":{"type":"CIMMaplexInternalZonePriorities","center":1},"polygonPlacementMethod":"HorizontalInPolygon","primaryOffset":1,"primaryOffsetUnit":"Point","removeExtraWhiteSpace":true,"repetitionIntervalUnit":"Point","rotationProperties":{"type":"CIMMaplexRotationProperties","rotationType":"Arithmetic","alignmentType":"Straight"},"secondaryOffset":100,"strategyPriorities":{"type":"CIMMaplexStrategyPriorities","stacking":1,"overrun":2,"fontCompression":3,"fontReduction":4,"abbreviation":5},"thinningDistanceUnit":"Point","truncationMarkerCharacter":".","truncationMinimumLength":1,"truncationPreferredCharacters":"aeiou","truncationExcludedCharacters":"0123456789","polygonAnchorPointPerimeterInsetUnit":"Point"},"name":"Class 1","priority":-1,"standardLabelPlacementProperties":{"type":"CIMStandardLabelPlacementProperties","featureType":"Line","featureWeight":"None","labelWeight":"High","numLabelsOption":"OneLabelPerName","lineLabelPosition":{"type":"CIMStandardLineLabelPosition","above":true,"inLine":true,"parallel":true},"lineLabelPriorities":{"type":"CIMStandardLineLabelPriorities","aboveStart":3,"aboveAlong":3,"aboveEnd":3,"centerStart":3,"centerAlong":3,"centerEnd":3,"belowStart":3,"belowAlong":3,"belowEnd":3},"pointPlacementMethod":"AroundPoint","pointPlacementPriorities":{"type":"CIMStandardPointPlacementPriorities","aboveLeft":2,"aboveCenter":2,"aboveRight":1,"centerLeft":3,"centerRight":2,"belowLeft":3,"belowCenter":3,"belowRight":2},"rotationType":"Arithmetic","polygonPlacementMethod":"AlwaysHorizontal"},"textSymbol":{"type":"CIMSymbolReference","symbol":{"type":"CIMTextSymbol","blockProgression":"TTB","depth3D":1,"extrapolateBaselines":true,"fontEffects":"Normal","fontEncoding":"Unicode","fontFamilyName":"Tahoma","fontStyleName":"Regular","fontType":"Unspecified","haloSize":1,"height":10,"hinting":"Default","horizontalAlignment":"Left","kerning":true,"letterWidth":100,"ligatures":true,"lineGapType":"ExtraLeading","symbol":{"type":"CIMPolygonSymbol","symbolLayers":[{"type":"CIMSolidFill","enable":true,"color":{"type":"CIMRGBColor","values":[0,0,0,100]}}]},"textCase":"Normal","textDirection":"LTR","verticalAlignment":"Bottom","verticalGlyphOrientation":"Right","wordSpacing":100,"billboardMode3D":"FaceNearPlane"}},"useCodedValue":true,"visibility":true,"iD":-1}],"renderer":{"type":"CIMSimpleRenderer","patch":"Default","symbol":{"type":"CIMSymbolReference","symbol":{"type":"CIMPolygonSymbol","symbolLayers":[{"type":"CIMSolidStroke","enable":true,"capStyle":"Round","joinStyle":"Round","lineStyle3D":"Strip","miterLimit":10,"width":0.69999999999999996,"color":{"type":"CIMRGBColor","values":[110,110,110,100]}},{"type":"CIMSolidFill","enable":true,"color":{"type":"CIMRGBColor","values":[252.449999999999989,179.240000000000009,247.569999999999993,100]}}]}}},"scaleSymbols":true,"snappable":true}]}</LayerFile></DataProperties><SyncDate>20211107</SyncDate><SyncTime>20490900</SyncTime><ModDate>20211107</ModDate><ModTime>20490900</ModTime></Esri><dataIdInfo><envirDesc Sync="TRUE">Microsoft Windows 10 Version 10.0 (Build 19042) ; Esri ArcGIS 12.7.0.26828</envirDesc><dataLang><languageCode value="eng" Sync="TRUE"></languageCode><countryCode value="USA" Sync="TRUE"></countryCode></dataLang><idCitation><resTitle Sync="TRUE">DNK_ADM0</resTitle><presForm><PresFormCd value="005" Sync="TRUE"></PresFormCd></presForm></idCitation><spatRpType><SpatRepTypCd value="001" Sync="TRUE"></SpatRepTypCd></spatRpType></dataIdInfo><mdLang><languageCode value="eng" Sync="TRUE"></languageCode><countryCode value="USA" Sync="TRUE"></countryCode></mdLang><mdChar><CharSetCd value="004" Sync="TRUE"></CharSetCd></mdChar><distInfo><distFormat><formatName Sync="TRUE">Shapefile</formatName></distFormat><distTranOps><transSize Sync="TRUE">0.000</transSize></distTranOps></distInfo><mdHrLv><ScopeCd value="005" Sync="TRUE"></ScopeCd></mdHrLv><mdHrLvName Sync="TRUE">dataset</mdHrLvName><refSysInfo><RefSystem><refSysID><identCode code="4326" Sync="TRUE"></identCode><idCodeSpace Sync="TRUE">EPSG</idCodeSpace><idVersion Sync="TRUE">6.2(3.0.1)</idVersion></refSysID></RefSystem></refSysInfo><spatRepInfo><VectSpatRep><geometObjs Name="DNK_ADM0"><geoObjTyp><GeoObjTypCd value="002" Sync="TRUE"></GeoObjTypCd></geoObjTyp><geoObjCnt Sync="TRUE">0</geoObjCnt></geometObjs><topLvl><TopoLevCd value="001" Sync="TRUE"></TopoLevCd></topLvl></VectSpatRep></spatRepInfo><spdoinfo><ptvctinf><esriterm Name="DNK_ADM0"><efeatyp Sync="TRUE">Simple</efeatyp><efeageom code="4" Sync="TRUE"></efeageom><esritopo Sync="TRUE">FALSE</esritopo><efeacnt Sync="TRUE">0</efeacnt><spindex Sync="TRUE">FALSE</spindex><linrefer Sync="TRUE">FALSE</linrefer></esriterm></ptvctinf></spdoinfo><eainfo><detailed Name="DNK_ADM0"><enttyp><enttypl Sync="TRUE">DNK_ADM0</enttypl><enttypt Sync="TRUE">Feature Class</enttypt><enttypc Sync="TRUE">0</enttypc></enttyp><attr><attrlabl Sync="TRUE">FID</attrlabl><attalias Sync="TRUE">FID</attalias><attrtype Sync="TRUE">OID</attrtype><attwidth Sync="TRUE">4</attwidth><atprecis Sync="TRUE">0</atprecis><attscale Sync="TRUE">0</attscale><attrdef Sync="TRUE">Internal feature number.</attrdef><attrdefs Sync="TRUE">Esri</attrdefs><attrdomv><udom Sync="TRUE">Sequential unique whole numbers that are automatically generated.</udom></attrdomv></attr><attr><attrlabl Sync="TRUE">Shape</attrlabl><attalias Sync="TRUE">Shape</attalias><attrtype Sync="TRUE">Geometry</attrtype><attwidth Sync="TRUE">0</attwidth><atprecis Sync="TRUE">0</atprecis><attscale Sync="TRUE">0</attscale><attrdef Sync="TRUE">Feature geometry.</attrdef><attrdefs Sync="TRUE">Esri</attrdefs><attrdomv><udom Sync="TRUE">Coordinates defining the features.</udom></attrdomv></attr><attr><attrlabl Sync="TRUE">LEVEL</attrlabl><attalias Sync="TRUE">Level</attalias><attrtype Sync="TRUE">String</attrtype><attwidth Sync="TRUE">25</attwidth><atprecis Sync="TRUE">0</atprecis><attscale Sync="TRUE">0</attscale></attr><attr><attrlabl Sync="TRUE">Shape_Leng</attrlabl><attalias Sync="TRUE">Shape_Leng</attalias><attrtype Sync="TRUE">Double</attrtype><attwidth Sync="TRUE">19</attwidth><atprecis Sync="TRUE">0</atprecis><attscale Sync="TRUE">0</attscale></attr><attr><attrlabl Sync="TRUE">Shape_Area</attrlabl><attalias Sync="TRUE">Shape_Area</attalias><attrtype Sync="TRUE">Double</attrtype><attwidth Sync="TRUE">19</attwidth><atprecis Sync="TRUE">0</atprecis><attscale Sync="TRUE">0</attscale><attrdef Sync="TRUE">Area of feature in internal units squared.</attrdef><attrdefs Sync="TRUE">Esri</attrdefs><attrdomv><udom Sync="TRUE">Positive real numbers that are automatically generated.</udom></attrdomv></attr><attr><attrlabl Sync="TRUE">NAME</attrlabl><attalias Sync="TRUE">Name</attalias><attrtype Sync="TRUE">String</attrtype><attwidth Sync="TRUE">32</attwidth><atprecis Sync="TRUE">0</atprecis><attscale Sync="TRUE">0</attscale></attr><attr><attrlabl Sync="TRUE">ISO_Code</attrlabl><attalias Sync="TRUE">ISO_Code</attalias><attrtype Sync="TRUE">String</attrtype><attwidth Sync="TRUE">25</attwidth><atprecis Sync="TRUE">0</atprecis><attscale Sync="TRUE">0</attscale></attr></detailed></eainfo><mdDateSt Sync="TRUE">20211107</mdDateSt></metadata>
