{"boundaryID": "PHL-ADM0-9978648", "boundaryISO": "PHL", "boundaryType": "ADM0", "boundaryYear": "28-10-2013 to 13-10-2017", "boundarySource-1": "From SALB Data, United Nations", "boundarySource-2": "National Mapping & Resource Information Agency", "boundaryCanonical": "the Republic of the Philippines", "boundaryLicense": "UN SALB Data License", "licenseDetail": "", "licenseSource": "https//www.unsalb.org/sites/default/files/wysiwyg_uploads/docs_uploads/SALB_DataSpecifications_v2.0_20210601.pdf", "boundarySourceURL": "https//www.unsalb.org/data/phl", "downloadURL": "https://github.com/wmgeolab/geoBoundaries/raw/main/releaseData/gbAuthoritative/PHL_ADM0.zip", "sourceDataUpdateDate": "Feb 08, 2022", "buildUpdateDate": "Mar 11, 2022"}