{"boundaryID": "LVA-ADM1-48973626", "boundaryISO": "LVA", "boundaryType": "ADM1", "boundaryYear": "2010.0", "boundarySource-1": "Wikipedia", "boundarySource-2": "nan", "boundaryCanonical": "", "boundaryLicense": "Public Domain", "licenseDetail": "nan", "licenseSource": "https//commons.wikimedia.org/wiki/File", "boundarySourceURL": "https//commons.wikimedia.org/wiki/File", "downloadURL": "https://github.com/wmgeolab/geoBoundaries/raw/main/releaseData/gbOpen/LVA_ADM1.zip", "sourceDataUpdateDate": "Sep 25, 2020", "buildUpdateDate": "Jun 11, 2021"}