<?xml version="1.0" encoding="UTF-8"?>
<metadata xml:lang="en"><Esri><CreaDate>20171006</CreaDate><CreaTime>14512900</CreaTime><ArcGISFormat>1.0</ArcGISFormat><SyncOnce>TRUE</SyncOnce><DataProperties><lineage><Process ToolSource="c:\program files (x86)\arcgis\desktop10.3\ArcToolbox\Toolboxes\Data Management Tools.tbx\CalculateField" Date="20171006" Time="145129">CalculateField ZWE_ADM2 Name [DIST_NM_LA] VB #</Process><Process ToolSource="c:\program files (x86)\arcgis\desktop10.3\ArcToolbox\Toolboxes\Data Management Tools.tbx\CalculateField" Date="20171006" Time="145143">CalculateField ZWE_ADM2 Level "ADM2" VB #</Process></lineage></DataProperties></Esri></metadata>
