{"boundaryID": "ZMB-ADM0-84671224", "boundaryISO": "ZMB", "boundaryType": "ADM0", "boundaryYear": "2020", "boundarySource-1": "Disaster Management and Mitigation Unit (DMMU) Zambia", "boundarySource-2": "OCHA ROSEA", "boundaryCanonical": "Country", "boundaryLicense": "Creative Commons Attribution 3.0 Intergovernmental Organisations (CC BY 3.0 IGO)", "licenseDetail": "", "licenseSource": "https//data.humdata.org/dataset/zambia-administrative-boundaries-level-1-provinces-and-level-2-districts-with-census-2010-population", "boundarySourceURL": "https//data.humdata.org/dataset/zambia-administrative-boundaries-level-1-provinces-and-level-2-districts-with-census-2010-population", "downloadURL": "https://github.com/wmgeolab/geoBoundaries/raw/main/releaseData/gbOpen/ZMB_ADM0.zip", "sourceDataUpdateDate": "Sep 08, 2021", "buildUpdateDate": "Sep 14, 2021"}