{"boundaryID": "DOM-ADM2-62336421", "boundaryISO": "DOM", "boundaryType": "ADM2", "boundaryYear": "2017", "boundarySource-1": "OpenStreetMap", "boundarySource-2": "Wambacher", "boundaryCanonical": "Municipios", "boundaryLicense": "Open Data Commons Open Database License 1.0", "licenseDetail": "Open Data Commons Open Database License 1.0", "licenseSource": "https//www.openstreetmap.org/copyright", "boundarySourceURL": "https//wambachers-osm.website/boundaries/", "downloadURL": "https://github.com/wmgeolab/geoBoundaries/raw/main/releaseData/gbOpen/DOM_ADM2.zip", "sourceDataUpdateDate": "Dec 28, 2020", "buildUpdateDate": "Aug 25, 2021"}