{"boundaryID": "USA-ADM1-74948055", "boundaryISO": "USA", "boundaryType": "ADM1", "boundaryYear": "2017.0", "boundarySource-1": "US Census", "boundarySource-2": "nan", "boundaryCanonical": "", "boundaryLicense": "Open Data Commons Open Database License 1.0", "licenseDetail": "nan", "licenseSource": "https//www.census.gov/about/policies/open-gov/open-data.html", "boundarySourceURL": "https//www.census.gov/geographies/mapping-files/time-series/geo/carto-boundary-file.html", "downloadURL": "https://github.com/wmgeolab/geoBoundaries/raw/main/releaseData/gbOpen/USA_ADM1.zip", "sourceDataUpdateDate": "Sep 25, 2020", "buildUpdateDate": "Jul 10, 2021"}