{"boundaryID": "MLI-ADM1-43340185", "boundaryISO": "MLI", "boundaryType": "ADM1", "boundaryYear": "1993", "boundarySource-1": "From SALB Data, United Nations", "boundarySource-2": "Institut G\u00e9ographique du Mali", "boundaryCanonical": "R\u00e9gions", "boundaryLicense": "UN SALB Data License", "licenseDetail": "", "licenseSource": "https//www.unsalb.org/sites/default/files/wysiwyg_uploads/docs_uploads/SALB_DataSpecifications_v2.0_20210601.pdf", "boundarySourceURL": "https//www.unsalb.org/data/mli", "downloadURL": "https://github.com/wmgeolab/geoBoundaries/raw/main/releaseData/gbAuthoritative/MLI_ADM1.zip", "sourceDataUpdateDate": "Jun 11, 2021", "buildUpdateDate": "Jul 09, 2021"}