{"boundaryID": "IRN-ADM1-17685810", "boundaryISO": "IRN", "boundaryType": "ADM1", "boundaryYear": "2017.0", "boundarySource-1": "OpenStreetMap", "boundarySource-2": "Wambacher", "boundaryCanonical": "ost\u0101nh\u0101 / provinces", "boundaryLicense": "Open Data Commons Open Database License 1.0", "licenseDetail": "Open Data Commons Open Database License 1.0", "licenseSource": "https//www.openstreetmap.org/copyright", "boundarySourceURL": "https//wambachers-osm.website/boundaries/", "downloadURL": "https://github.com/wmgeolab/geoBoundaries/raw/main/releaseData/gbOpen/IRN_ADM1.zip", "sourceDataUpdateDate": "Feb 10, 2021", "buildUpdateDate": "Jun 11, 2021"}