<?xml version="1.0" encoding="UTF-8"?>
<metadata xml:lang="en"><Esri><CreaDate>20180124</CreaDate><CreaTime>22525200</CreaTime><ArcGISFormat>1.0</ArcGISFormat><SyncOnce>FALSE</SyncOnce><DataProperties><itemProps><itemName Sync="TRUE">ura_region</itemName><imsContentType Sync="TRUE">002</imsContentType><itemLocation><linkage Sync="TRUE">file://\\DESKTOP-E47SFQ4\C$\Users\lnsei\Desktop\AidData\singapore\ura_region.shp</linkage><protocol Sync="TRUE">Local Area Network</protocol></itemLocation><itemSize Sync="TRUE">0.000</itemSize></itemProps><coordRef><type Sync="TRUE">Projected</type><geogcsn Sync="TRUE">SVY21[WGS84]</geogcsn><csUnits Sync="TRUE">Linear Unit: Meter (1.000000)</csUnits><projcsn Sync="TRUE">SVY21</projcsn><peXml Sync="TRUE">&lt;ProjectedCoordinateSystem xsi:type='typens:ProjectedCoordinateSystem' xmlns:xsi='http://www.w3.org/2001/XMLSchema-instance' xmlns:xs='http://www.w3.org/2001/XMLSchema' xmlns:typens='http://www.esri.com/schemas/ArcGIS/10.3'&gt;&lt;WKT&gt;PROJCS[&amp;quot;SVY21&amp;quot;,GEOGCS[&amp;quot;SVY21[WGS84]&amp;quot;,DATUM[&amp;quot;D_WGS_1984&amp;quot;,SPHEROID[&amp;quot;WGS_1984&amp;quot;,6378137.0,298.257223563]],PRIMEM[&amp;quot;Greenwich&amp;quot;,0.0],UNIT[&amp;quot;Degree&amp;quot;,0.0174532925199433]],PROJECTION[&amp;quot;Transverse_Mercator&amp;quot;],PARAMETER[&amp;quot;False_Easting&amp;quot;,28001.642],PARAMETER[&amp;quot;False_Northing&amp;quot;,38744.572],PARAMETER[&amp;quot;Central_Meridian&amp;quot;,103.8333333333333],PARAMETER[&amp;quot;Scale_Factor&amp;quot;,1.0],PARAMETER[&amp;quot;Latitude_Of_Origin&amp;quot;,1.366666666666667],UNIT[&amp;quot;Meter&amp;quot;,1.0]]&lt;/WKT&gt;&lt;XOrigin&gt;-5595200&lt;/XOrigin&gt;&lt;YOrigin&gt;-10114500&lt;/YOrigin&gt;&lt;XYScale&gt;450265407.00157917&lt;/XYScale&gt;&lt;ZOrigin&gt;-100000&lt;/ZOrigin&gt;&lt;ZScale&gt;10000&lt;/ZScale&gt;&lt;MOrigin&gt;-100000&lt;/MOrigin&gt;&lt;MScale&gt;10000&lt;/MScale&gt;&lt;XYTolerance&gt;0.001&lt;/XYTolerance&gt;&lt;ZTolerance&gt;0.001&lt;/ZTolerance&gt;&lt;MTolerance&gt;0.001&lt;/MTolerance&gt;&lt;HighPrecision&gt;true&lt;/HighPrecision&gt;&lt;/ProjectedCoordinateSystem&gt;</peXml></coordRef><lineage><Process ToolSource="d:\program files (x86)\arcgis\desktop10.1\ArcToolbox\Toolboxes\Conversion Tools.tbx\FeatureClassToFeatureClass" Date="20160517" Time="081908">FeatureClassToFeatureClass GPL0 E:\IMAP\Config\IMAP_AD.sde\IMAP_AD.AgencyData MP14_SUBZONE_NO_SEA_PL # "SUBZONE_NO "Subzone Number" true true false 2 Short 0 0 ,First,#,E:\IMAP\BatchJob\GeoSps to OneMap\Output\MP14_SUBZONE_NO_SEA_PL.gdb\MP14_SUBZONE_NO_SEA_PL,SUBZONE_NO,-1,-1;SUBZONE_N "Subzone Name" true true false 30 Text 0 0 ,First,#,E:\IMAP\BatchJob\GeoSps to OneMap\Output\MP14_SUBZONE_NO_SEA_PL.gdb\MP14_SUBZONE_NO_SEA_PL,SUBZONE_N,-1,-1;SUBZONE_C "Subzone Code" true true false 6 Text 0 0 ,First,#,E:\IMAP\BatchJob\GeoSps to OneMap\Output\MP14_SUBZONE_NO_SEA_PL.gdb\MP14_SUBZONE_NO_SEA_PL,SUBZONE_C,-1,-1;CA_IND "Central Area Indicator" true true false 1 Text 0 0 ,First,#,E:\IMAP\BatchJob\GeoSps to OneMap\Output\MP14_SUBZONE_NO_SEA_PL.gdb\MP14_SUBZONE_NO_SEA_PL,CA_IND,-1,-1;PLN_AREA_N "Planning Area Name" true true false 30 Text 0 0 ,First,#,E:\IMAP\BatchJob\GeoSps to OneMap\Output\MP14_SUBZONE_NO_SEA_PL.gdb\MP14_SUBZONE_NO_SEA_PL,PLN_AREA_N,-1,-1;PLN_AREA_C "Planning Area Code" true true false 2 Text 0 0 ,First,#,E:\IMAP\BatchJob\GeoSps to OneMap\Output\MP14_SUBZONE_NO_SEA_PL.gdb\MP14_SUBZONE_NO_SEA_PL,PLN_AREA_C,-1,-1;REGION_N "Region Name" true true false 30 Text 0 0 ,First,#,E:\IMAP\BatchJob\GeoSps to OneMap\Output\MP14_SUBZONE_NO_SEA_PL.gdb\MP14_SUBZONE_NO_SEA_PL,REGION_N,-1,-1;REGION_C "Region Code" true true false 3 Text 0 0 ,First,#,E:\IMAP\BatchJob\GeoSps to OneMap\Output\MP14_SUBZONE_NO_SEA_PL.gdb\MP14_SUBZONE_NO_SEA_PL,REGION_C,-1,-1;INC_CRC "INC_CRC" true true false 50 Text 0 0 ,First,#,E:\IMAP\BatchJob\GeoSps to OneMap\Output\MP14_SUBZONE_NO_SEA_PL.gdb\MP14_SUBZONE_NO_SEA_PL,INC_CRC,-1,-1;FMEL_UPD_D "FMEL_UPD_D" true true false 8 Date 0 0 ,First,#,E:\IMAP\BatchJob\GeoSps to OneMap\Output\MP14_SUBZONE_NO_SEA_PL.gdb\MP14_SUBZONE_NO_SEA_PL,FMEL_UPD_D,-1,-1;SHAPE_Length "SHAPE_Length" false true true 8 Double 0 0 ,First,#,E:\IMAP\BatchJob\GeoSps to OneMap\Output\MP14_SUBZONE_NO_SEA_PL.gdb\MP14_SUBZONE_NO_SEA_PL,SHAPE_Length,-1,-1;SHAPE_Area "SHAPE_Area" false true true 8 Double 0 0 ,First,#,E:\IMAP\BatchJob\GeoSps to OneMap\Output\MP14_SUBZONE_NO_SEA_PL.gdb\MP14_SUBZONE_NO_SEA_PL,SHAPE_Area,-1,-1;X_ADDR "X_ADDR" true true false 8 Double 0 0 ,First,#,E:\IMAP\BatchJob\GeoSps to OneMap\Output\MP14_SUBZONE_NO_SEA_PL.gdb\MP14_SUBZONE_NO_SEA_PL,X_ADDR,-1,-1;Y_ADDR "Y_ADDR" true true false 8 Double 0 0 ,First,#,E:\IMAP\BatchJob\GeoSps to OneMap\Output\MP14_SUBZONE_NO_SEA_PL.gdb\MP14_SUBZONE_NO_SEA_PL,Y_ADDR,-1,-1" #</Process><Process ToolSource="d:\program files (x86)\arcgis\desktop10.1\ArcToolbox\Toolboxes\Data Management Tools.tbx\CopyFeatures" Date="20160602" Time="123233">CopyFeatures GPL0 E:\iMap\BatchJob\OneMaptoDGS\MDB2\MP14_SUBZONE_NO_SEA_PL.mdb\MP14_SUBZONE_NO_SEA_PL # 0 0 0</Process><Process ToolSource="c:\program files (x86)\arcgis\desktop10.3\ArcToolbox\Toolboxes\Data Management Tools.tbx\CalculateField" Date="20171025" Time="155341">CalculateField SGP_ADM1 Name [REGION_N] VB #</Process><Process ToolSource="c:\program files (x86)\arcgis\desktop10.3\ArcToolbox\Toolboxes\Data Management Tools.tbx\CalculateField" Date="20171025" Time="155541">CalculateField SGP_ADM1 Level "ADM1" VB #</Process><Process ToolSource="c:\program files (x86)\arcgis\desktop10.5\ArcToolbox\Toolboxes\Data Management Tools.tbx\Project" Date="20180124" Time="225253">Project SGP_ADM1 C:\Users\lnsei\Desktop\adm1fixed\SGP_ADM1.shp GEOGCS['GCS_WGS_1984',DATUM['D_WGS_1984',SPHEROID['WGS_1984',6378137.0,298.257223563]],PRIMEM['Greenwich',0.0],UNIT['Degree',0.0174532925199433]] # PROJCS['SVY21',GEOGCS['SVY21[WGS84]',DATUM['D_WGS_1984',SPHEROID['WGS_1984',6378137.0,298.257223563]],PRIMEM['Greenwich',0.0],UNIT['Degree',0.0174532925199433]],PROJECTION['Transverse_Mercator'],PARAMETER['False_Easting',28001.642],PARAMETER['False_Northing',38744.572],PARAMETER['Central_Meridian',103.8333333333333],PARAMETER['Scale_Factor',1.0],PARAMETER['Latitude_Of_Origin',1.366666666666667],UNIT['Meter',1.0]] NO_PRESERVE_SHAPE # NO_VERTICAL</Process></lineage></DataProperties><SyncDate>20171011</SyncDate><SyncTime>10045900</SyncTime><ModDate>20171011</ModDate><ModTime>10045900</ModTime></Esri><dataIdInfo><envirDesc Sync="TRUE"> Version 6.2 (Build 9200) ; Esri ArcGIS 10.3.0.4322</envirDesc><dataLang><languageCode value="eng" Sync="TRUE"></languageCode><countryCode value="USA" Sync="TRUE"></countryCode></dataLang><idCitation><resTitle Sync="TRUE">ura_region</resTitle><presForm><PresFormCd value="005" Sync="TRUE"></PresFormCd></presForm></idCitation><spatRpType><SpatRepTypCd value="001" Sync="TRUE"></SpatRepTypCd></spatRpType></dataIdInfo><mdLang><languageCode value="eng" Sync="TRUE"></languageCode><countryCode value="USA" Sync="TRUE"></countryCode></mdLang><distInfo><distFormat><formatName Sync="TRUE">Shapefile</formatName></distFormat><distTranOps><transSize Sync="TRUE">0.000</transSize></distTranOps></distInfo><mdHrLv><ScopeCd value="005" Sync="TRUE"></ScopeCd></mdHrLv><mdHrLvName Sync="TRUE">dataset</mdHrLvName><refSysInfo><RefSystem><refSysID><identCode code="0" Sync="TRUE" value="0"></identCode></refSysID></RefSystem></refSysInfo><spatRepInfo><VectSpatRep><geometObjs Name="ura_region"><geoObjTyp><GeoObjTypCd value="002" Sync="TRUE"></GeoObjTypCd></geoObjTyp><geoObjCnt Sync="TRUE">0</geoObjCnt></geometObjs><topLvl><TopoLevCd value="001" Sync="TRUE"></TopoLevCd></topLvl></VectSpatRep></spatRepInfo><spdoinfo><ptvctinf><esriterm Name="ura_region"><efeatyp Sync="TRUE">Simple</efeatyp><efeageom code="4" Sync="TRUE"></efeageom><esritopo Sync="TRUE">FALSE</esritopo><efeacnt Sync="TRUE">0</efeacnt><spindex Sync="TRUE">FALSE</spindex><linrefer Sync="TRUE">FALSE</linrefer></esriterm></ptvctinf></spdoinfo><eainfo><detailed Name="ura_region"><enttyp><enttypl Sync="TRUE">ura_region</enttypl><enttypt Sync="TRUE">Feature Class</enttypt><enttypc Sync="TRUE">0</enttypc></enttyp><attr><attrlabl Sync="TRUE">FID</attrlabl><attalias Sync="TRUE">FID</attalias><attrtype Sync="TRUE">OID</attrtype><attwidth Sync="TRUE">4</attwidth><atprecis Sync="TRUE">0</atprecis><attscale Sync="TRUE">0</attscale><attrdef Sync="TRUE">Internal feature number.</attrdef><attrdefs Sync="TRUE">Esri</attrdefs><attrdomv><udom Sync="TRUE">Sequential unique whole numbers that are automatically generated.</udom></attrdomv></attr><attr><attrlabl Sync="TRUE">REGION_N</attrlabl><attalias Sync="TRUE">REGION_N</attalias><attrtype Sync="TRUE">String</attrtype><attwidth Sync="TRUE">30</attwidth><atprecis Sync="TRUE">0</atprecis><attscale Sync="TRUE">0</attscale></attr><attr><attrlabl Sync="TRUE">SHAPE</attrlabl><attalias Sync="TRUE">Shape</attalias><attrtype Sync="TRUE">Geometry</attrtype><attwidth Sync="TRUE">0</attwidth><atprecis Sync="TRUE">0</atprecis><attscale Sync="TRUE">0</attscale><attrdef Sync="TRUE">Feature geometry.</attrdef><attrdefs Sync="TRUE">Esri</attrdefs><attrdomv><udom Sync="TRUE">Coordinates defining the features.</udom></attrdomv></attr></detailed></eainfo><mdDateSt Sync="TRUE">20171011</mdDateSt><mdChar><CharSetCd value="004" Sync="TRUE"></CharSetCd></mdChar></metadata>
