{"boundaryID": "VEN-ADM2-52322655", "boundaryISO": "VEN", "boundaryType": "ADM2", "boundaryYear": "2018", "boundarySource-1": "Instituto Nacional de Estad\u00edstica", "boundarySource-2": "HDX", "boundaryCanonical": "", "boundaryLicense": "Creative Commons Attribution 3.0 Intergovernmental Organisations (CC BY 3.0 IGO)", "licenseDetail": "", "licenseSource": "https//data.humdata.org/dataset/venezuela-administrative-level-0-1-and-2-boundaries", "boundarySourceURL": "https//data.humdata.org/dataset/venezuela-administrative-level-0-1-and-2-boundaries", "downloadURL": "https://github.com/wmgeolab/geoBoundaries/raw/main/releaseData/gbHumanitarian/VEN_ADM2.zip", "sourceDataUpdateDate": "Aug 25, 2021", "buildUpdateDate": "Aug 27, 2021"}