<?xml version="1.0" encoding="ISO-8859-1"?>
<metadata>
	<idinfo>
		<citation>
			<citeinfo>
				<origin>Central Bureau of Statistics (CBS), Kenya Ministry of Planning and National Development. 2005.  Geographic Dimensions of Well-Being in Kenya, Who and Where are the Poor? A Constituency Level Profile, Volume 2. Nairobi, Kenya: CBS.</origin>
				<pubdate>2003</pubdate>
				<title>GINI Index by Constituency in Kenya, 1999</title>
				<geoform Sync="TRUE">vector digital data</geoform>
				<pubinfo>
					<pubplace>Nairobi, Kenya</pubplace>
					<publish>CBS</publish>
				</pubinfo>
				<lworkcit>
					<citeinfo>
						<origin>World Resources Institute</origin>
						<origin>Kenya Central Bureau of Statistics</origin>
						<origin>International Livestock Research Institute</origin>
						<title>Nature's Benefits in Kenya: An Atlas of Ecosystems and Human Well-Being </title>
						<pubdate>2007</pubdate><pubinfo><pubplace>Washington, DC</pubplace><publish>World Resources Institute</publish></pubinfo><onlink>http://www.wri.org/biodiv/pubs_description.cfm?pid=4279</onlink></citeinfo>
				</lworkcit>
				<ftname Sync="TRUE">ke_gini_constituency</ftname><onlink Sync="TRUE">\\WRICSAP029333\GIS\Working\Poverty_mapping_East_Africa\Map_files_posters_NEW\Final_products\Data_CD\Metadata_Oct31\Shapefiles\ke_gini_constituency.shp</onlink></citeinfo>
		</citation>
		<descript>
			<abstract>This dataset portrays average inequality of per capita expenditures in Kenya (also known as the GINI Index) by Constituency, 1999.</abstract>
			<purpose>This data was used in Map 2.10 in Nature's Benefits in Kenya: An Atlas of Ecosystems and Human Well-Being.</purpose>
			<langdata Sync="TRUE">en</langdata></descript>
		<timeperd>
			<timeinfo>
				<sngdate/>
			</timeinfo>
			<current>publication date</current>
		</timeperd>
		<status>
			<progress>Complete</progress>
			<update>None planned</update>
		</status>
		<spdom>
			<bounding>
				<westbc Sync="TRUE">33.913399</westbc>
				<eastbc Sync="TRUE">41.912922</eastbc>
				<northbc Sync="TRUE">5.470521</northbc>
				<southbc Sync="TRUE">-4.677419</southbc>
			</bounding>
			<lboundng><leftbc Sync="TRUE">33.913399</leftbc><rightbc Sync="TRUE">41.912922</rightbc><bottombc Sync="TRUE">-4.677419</bottombc><topbc Sync="TRUE">5.470521</topbc></lboundng></spdom>
		<keywords>
			<theme>
				<themekey>inequality</themekey>
				<themekey></themekey>
				<themekey></themekey>
				<themekey>GINI Index</themekey><themekey>society</themekey></theme>
			<place>
				<placekt>None</placekt>
				<placekey>Kenya</placekey>
				<placekey>Africa</placekey>
			</place>
		</keywords>
		<accconst>None</accconst>
		<useconst>Data set is not for use in litigation. While efforts have been made to ensure that these data are accurate and reliable within the state of the art, WRI, cannot assume liability for any damages, or misrepresentations, caused by any inaccuracies in the data, or as a result of the data to be used on a particular system. WRI makes no warranty, expressed or implied, nor does the fact of distribution constitute such a warranty.</useconst>
		<ptcontac>
			<cntinfo>
				<cntorgp>
					<cntorg>World Resources Institute</cntorg>
				</cntorgp>
				<cntpos>GIS Lab Manager</cntpos>
				<cntaddr>
					<addrtype>mailing and physical address</addrtype>
					<address>10 G Street NE Suite 800</address>
					<city>Washington</city>
					<state>DC</state>
					<postal>20002</postal>
					<country>U.S.A</country>
				</cntaddr>
				<cntvoice>202-729-7600</cntvoice>
				<cntfax>202-729-7686</cntfax>
			</cntinfo>
		</ptcontac>
		<native Sync="TRUE">Microsoft Windows XP Version 5.1 (Build 2600) Service Pack 2; ESRI ArcCatalog 9.2.0.1324</native>
		<natvform Sync="TRUE">Shapefile</natvform></idinfo>
	<dataqual>
		<posacc>
			<horizpa>
				<qhorizpa></qhorizpa>
			</horizpa>
		</posacc>
		<lineage>
			<srcinfo>
				<srccite>
					<citeinfo>
						<origin>&lt;additional citation, if needed&gt;</origin>
						<origin>&lt;additional citation, if needed&gt;</origin>
						<pubinfo></pubinfo>
						<lworkcit>
							<citeinfo></citeinfo>
						</lworkcit>
					</citeinfo>
				</srccite>
				<srctime>
					<timeinfo>
						<sngdate></sngdate>
					</timeinfo>
				</srctime>
			</srcinfo>
			<procstep><procdesc Sync="TRUE">Dataset copied.</procdesc><srcused Sync="TRUE">J:\groups\BRP\Staff folders\JWorms\Metadata\GIS-files\constituency_gini</srcused><date Sync="TRUE">20070522</date><time Sync="TRUE">13213500</time></procstep><procstep><procdesc Sync="TRUE">Metadata imported.</procdesc><srcused Sync="TRUE">J:\Groups\BRP\Staff folders\JWorms\Metadata\GIS-files\Data\Ke_Economics\GINI\Constituencies\constituency_gini.shp.xml</srcused><date Sync="TRUE">20070522</date><time Sync="TRUE">13240300</time></procstep></lineage>
	</dataqual>
	<spdoinfo>
		<direct Sync="TRUE">Vector</direct>
		<ptvctinf>
			<sdtsterm Name="ke_gini_constituency">
				<sdtstype Sync="TRUE">G-polygon</sdtstype>
				<ptvctcnt Sync="TRUE">210</ptvctcnt>
			</sdtsterm>
			<esriterm Name="ke_gini_constituency"><efeatyp Sync="TRUE">Simple</efeatyp><efeageom Sync="TRUE">Polygon</efeageom><esritopo Sync="TRUE">FALSE</esritopo><efeacnt Sync="TRUE">210</efeacnt><spindex Sync="TRUE">FALSE</spindex><linrefer Sync="TRUE">FALSE</linrefer></esriterm></ptvctinf>
	</spdoinfo>
	<spref>
		<horizsys>
			<geograph>
				<latres Sync="TRUE">0.000000</latres>
				<longres Sync="TRUE">0.000000</longres>
				<geogunit Sync="TRUE">Decimal degrees</geogunit>
			</geograph>
			<geodetic>
				<horizdn Sync="TRUE">D_WGS_1984</horizdn>
				<ellips Sync="TRUE">WGS_1984</ellips>
				<semiaxis Sync="TRUE">6378137.000000</semiaxis>
				<denflat Sync="TRUE">298.257224</denflat>
			</geodetic>
			<cordsysn><geogcsn Sync="TRUE">GCS_WGS_1984</geogcsn></cordsysn></horizsys>
	</spref>
	<eainfo>
		<detailed Name="ke_gini_constituency">
			<enttyp>
				<enttypl Sync="TRUE">ke_gini_constituency</enttypl>
				<enttypt Sync="TRUE">Feature Class</enttypt><enttypc Sync="TRUE">210</enttypc></enttyp>
			<attr>
				<attrlabl>Shape</attrlabl>
				<attrdef>Feature geometry.</attrdef>
				<attrdefs>ESRI</attrdefs>
				<attrdomv>
					<udom>Coordinates defining the features.</udom>
				</attrdomv>
			</attr>
			<attr>
				<attrlabl>FID</attrlabl>
				<attrdef>Internal feature number.</attrdef>
				<attrdefs>ESRI</attrdefs>
				<attrdomv>
					<udom>Sequential unique whole numbers that are automatically generated.</udom>
				</attrdomv>
			</attr>
			<attr><attrlabl Sync="TRUE">CONST_CODE</attrlabl><attalias Sync="TRUE">CONST_CODE</attalias><attrtype Sync="TRUE">Number</attrtype><attwidth Sync="TRUE">11</attwidth><attrdef>Constituency code</attrdef></attr><attr><attrlabl Sync="TRUE">CONSTITUEN</attrlabl><attalias Sync="TRUE">CONSTITUEN</attalias><attrtype Sync="TRUE">String</attrtype><attwidth Sync="TRUE">23</attwidth><attrdef>Constituency name</attrdef></attr><attr><attrlabl Sync="TRUE">AVG_GINI</attrlabl><attalias Sync="TRUE">AVG_GINI</attalias><attrtype Sync="TRUE">Number</attrtype><attwidth Sync="TRUE">9</attwidth><atnumdec Sync="TRUE">2</atnumdec><attrdef>Gini coefficient, ranging between 0 (total equality) and 1 (total inequality).</attrdef></attr></detailed>
		<overview></overview>
	</eainfo>
	<distinfo>
		<distrib>
			<cntinfo>
				<cntorgp>
					<cntorg>World Resources Institute</cntorg>
				</cntorgp>
				<cntaddr>
					<addrtype>mailing and physical address</addrtype>
					<address>World Resources Institute</address>
					<city>Washington</city>
					<state>DC</state>
					<postal>20002</postal>
					<country>USA</country>
				</cntaddr>
				<cntvoice>202-729-7600</cntvoice>
				<cntfax>202-729-7686</cntfax>
				<cntemail></cntemail>
			</cntinfo>
		</distrib>
		<resdesc>Downloadable Data</resdesc>
		<stdorder>
			<digform>
				<digtinfo>
					<transize>6.717</transize>
					<dssize Sync="TRUE">5.052</dssize></digtinfo>
			</digform>
		</stdorder>
	</distinfo>
	<metainfo>
		<metd Sync="TRUE">20071031</metd>
		<metc>
			<cntinfo>
				<cntorgp>
					<cntorg>World Resources Institute</cntorg>
				</cntorgp>
				<cntpos>GIS Lab Manager</cntpos>
				<cntaddr>
					<addrtype>mailing and physical address</addrtype>
					<address>10 G Street NE, Suite 800</address>
					<city>Washington</city>
					<state>DC</state>
					<postal>20002</postal>
					<country>U.S.A</country>
				</cntaddr>
				<cntvoice>202-729-7600</cntvoice>
				<cntfax>202-279-7686</cntfax>
			</cntinfo>
		</metc>
		<metstdn Sync="TRUE">FGDC Content Standards for Digital Geospatial Metadata</metstdn>
		<metstdv Sync="TRUE">FGDC-STD-001-1998</metstdv>
		<mettc Sync="TRUE">local time</mettc>
		<metextns>
			<onlink>http://www.esri.com/metadata/esriprof80.html</onlink>
			<metprof>ESRI Metadata Profile</metprof>
		</metextns>
		<metextns>
			<onlink>http://www.esri.com/metadata/esriprof80.html</onlink>
			<metprof>ESRI Metadata Profile</metprof>
		</metextns>
		<langmeta Sync="TRUE">en</langmeta><metextns><onlink Sync="TRUE">http://www.esri.com/metadata/esriprof80.html</onlink><metprof Sync="TRUE">ESRI Metadata Profile</metprof></metextns></metainfo>
	<Esri><CreaDate>20171025</CreaDate><CreaTime>16193000</CreaTime><SyncOnce>FALSE</SyncOnce><SyncDate>20071031</SyncDate><SyncTime>09400900</SyncTime><ModDate>20071031</ModDate><ModTime>09400900</ModTime><DataProperties><lineage><Process Name="DefineProjection_3" ToolSource="C:\Program Files\ArcGIS\ArcToolbox\Toolboxes\Data Management Tools.tbx\DefineProjection" Date="20070522" Time="132101">DefineProjection "J:\Groups\BRP\Staff folders\JWorms\Metadata\GIS-files\constituency_gini.shp" GEOGCS['GCS_WGS_1984',DATUM['D_WGS_1984',SPHEROID['WGS_1984',6378137.0,298.257223563]],PRIMEM['Greenwich',0.0],UNIT['Degree',0.0174532925199433]] "J:\Groups\BRP\Staff folders\JWorms\Metadata\GIS-files\constituency_gini.shp"</Process><Process ToolSource="c:\program files (x86)\arcgis\desktop10.3\ArcToolbox\Toolboxes\Data Management Tools.tbx\CalculateField" Date="20171025" Time="162018">CalculateField KEN_ADM3 Name [CONSTITUEN] VB #</Process><Process ToolSource="c:\program files (x86)\arcgis\desktop10.3\ArcToolbox\Toolboxes\Data Management Tools.tbx\CalculateField" Date="20171025" Time="162031">CalculateField KEN_ADM3 Level "ADM3" VB #</Process></lineage></DataProperties><ArcGISFormat>1.0</ArcGISFormat></Esri><dataIdInfo><envirDesc Sync="TRUE">Microsoft Windows XP Version 5.1 (Build 2600) Service Pack 2; ESRI ArcCatalog 9.2.0.1324</envirDesc><dataLang><languageCode Sync="TRUE" value="en"></languageCode></dataLang><idCitation><resTitle Sync="TRUE">ke_gini_constituency</resTitle><presForm><PresFormCd Sync="TRUE" value="005"></PresFormCd></presForm></idCitation><spatRpType><SpatRepTypCd Sync="TRUE" value="001"></SpatRepTypCd></spatRpType><dataExt><geoEle><GeoBndBox esriExtentType="native"><westBL Sync="TRUE">33.913399</westBL><eastBL Sync="TRUE">41.912922</eastBL><northBL Sync="TRUE">5.470521</northBL><southBL Sync="TRUE">-4.677419</southBL><exTypeCode Sync="TRUE">1</exTypeCode></GeoBndBox></geoEle></dataExt><geoBox esriExtentType="decdegrees"><westBL Sync="TRUE">33.913399</westBL><eastBL Sync="TRUE">41.912922</eastBL><northBL Sync="TRUE">5.470521</northBL><southBL Sync="TRUE">-4.677419</southBL><exTypeCode Sync="TRUE">1</exTypeCode></geoBox></dataIdInfo><mdLang><languageCode Sync="TRUE" value="en"></languageCode></mdLang><mdStanName Sync="TRUE">ISO 19115 Geographic Information - Metadata</mdStanName><mdStanVer Sync="TRUE">DIS_ESRI1.0</mdStanVer><mdChar><CharSetCd Sync="TRUE" value="004"></CharSetCd></mdChar><mdHrLv><ScopeCd Sync="TRUE" value="005"></ScopeCd></mdHrLv><mdHrLvName Sync="TRUE">dataset</mdHrLvName><distInfo><distributor><distorTran><onLineSrc><orDesc Sync="TRUE">002</orDesc><linkage Sync="TRUE">file://\\WRICSAP029333\GIS\Working\Poverty_mapping_East_Africa\Map_files_posters_NEW\Final_products\Data_CD\Metadata_Oct31\Shapefiles\ke_gini_constituency.shp</linkage><protocol Sync="TRUE">Local Area Network</protocol></onLineSrc><transSize Sync="TRUE">5.052</transSize></distorTran><distorFormat><formatName Sync="TRUE">Shapefile</formatName></distorFormat></distributor></distInfo><spatRepInfo><VectSpatRep><topLvl><TopoLevCd Sync="TRUE" value="001"></TopoLevCd></topLvl><geometObjs Name="ke_gini_constituency"><geoObjTyp><GeoObjTypCd Sync="TRUE" value="001"></GeoObjTypCd></geoObjTyp><geoObjCnt Sync="TRUE">210</geoObjCnt></geometObjs></VectSpatRep></spatRepInfo><mdDateSt Sync="TRUE">20071031</mdDateSt><refSysInfo><RefSystem><refSysID><identCode Sync="TRUE">GCS_WGS_1984</identCode></refSysID></RefSystem></refSysInfo></metadata>
