<?xml version="1.0" encoding="UTF-8"?>
<metadata xml:lang="fr"><Esri><CreaDate>20170909</CreaDate><CreaTime>18070400</CreaTime><ArcGISFormat>1.0</ArcGISFormat><SyncOnce>TRUE</SyncOnce><ModDate>20150219</ModDate><ModTime>15251700</ModTime><scaleRange><minScale>150000000</minScale><maxScale>5000</maxScale></scaleRange><ArcGISProfile>ItemDescription</ArcGISProfile><DataProperties><lineage><Process ToolSource="c:\program files (x86)\arcgis\desktop10.3\ArcToolbox\Toolboxes\Data Management Tools.tbx\CalculateField" Date="20170909" Time="180753">CalculateField BEN_ADM2 Name [ADM2_NAME] VB #</Process><Process ToolSource="c:\program files (x86)\arcgis\desktop10.3\ArcToolbox\Toolboxes\Data Management Tools.tbx\CalculateField" Date="20170909" Time="180808">CalculateField BEN_ADM2 Level "ADM2" VB #</Process></lineage></DataProperties></Esri><dataIdInfo><idPurp>Administrative Boundaries Level 2 (communes)</idPurp><idAbs>&lt;DIV STYLE="text-align:Left;"&gt;&lt;P&gt;&lt;SPAN&gt;The dataset represent the &lt;/SPAN&gt;&lt;SPAN&gt; second &lt;/SPAN&gt;&lt;SPAN&gt;administrative boundaries of Benin (communes&lt;/SPAN&gt;&lt;SPAN&gt;). The data of administrative boundaries come from  SALB (Second Administrative level Boundaries) and  update by OCHA/ROWCA in 2014 and 2015)&lt;/SPAN&gt;&lt;/P&gt;&lt;/DIV&gt;</idAbs><idCitation><resTitle>Benin Admin Level 2 Boundaries</resTitle></idCitation></dataIdInfo></metadata>
