{"boundaryID": "PSE-ADM1-57900711", "boundaryISO": "PSE", "boundaryType": "ADM1", "boundaryYear": "2020", "boundarySource-1": "Palestinian Authority Ministry of Planning", "boundarySource-2": "HDX", "boundaryCanonical": "", "boundaryLicense": "Creative Commons Attribution 3.0 Intergovernmental Organisations (CC BY 3.0 IGO)", "licenseDetail": "", "licenseSource": "https//data.humdata.org/dataset/state-of-palestine-administrative-boundaries", "boundarySourceURL": "https//data.humdata.org/dataset/state-of-palestine-administrative-boundaries", "downloadURL": "https://github.com/wmgeolab/geoBoundaries/raw/main/releaseData/gbHumanitarian/PSE_ADM1.zip", "sourceDataUpdateDate": "Aug 25, 2021", "buildUpdateDate": "Aug 27, 2021"}