<PAMDataset>
  <Metadata domain="xml:ESRI" format="xml">
    <GeodataXform xsi:type="typens:PolynomialXform" xmlns:xsi="http://www.w3.org/2001/XMLSchema-instance" xmlns:xs="http://www.w3.org/2001/XMLSchema" xmlns:typens="http://www.esri.com/schemas/ArcGIS/2.7.0">
      <PolynomialOrder>1</PolynomialOrder>
      <SpatialReference xsi:type="typens:ProjectedCoordinateSystem">
        <WKT>PROJCS["WGS_1984_Web_Mercator_Auxiliary_Sphere",GEOGCS["GCS_WGS_1984",DATUM["D_WGS_1984",SPHEROID["WGS_1984",6378137.0,298.257223563]],PRIMEM["Greenwich",0.0],UNIT["Degree",0.0174532925199433]],PROJECTION["Mercator_Auxiliary_Sphere"],PARAMETER["False_Easting",0.0],PARAMETER["False_Northing",0.0],PARAMETER["Central_Meridian",0.0],PARAMETER["Standard_Parallel_1",0.0],PARAMETER["Auxiliary_Sphere_Type",0.0],UNIT["Meter",1.0],AUTHORITY["EPSG",3857]]</WKT>
        <XOrigin>-20037700</XOrigin>
        <YOrigin>-30241100</YOrigin>
        <XYScale>148923141.92838538</XYScale>
        <ZOrigin>-100000</ZOrigin>
        <ZScale>10000</ZScale>
        <MOrigin>-100000</MOrigin>
        <MScale>10000</MScale>
        <XYTolerance>0.001</XYTolerance>
        <ZTolerance>0.001</ZTolerance>
        <MTolerance>0.001</MTolerance>
        <HighPrecision>true</HighPrecision>
        <WKID>102100</WKID>
        <LatestWKID>3857</LatestWKID>
      </SpatialReference>
      <SourceGCPs xsi:type="typens:ArrayOfDouble">
        <Double>104.5490952955368</Double>
        <Double>-439.97744270205084</Double>
        <Double>502.32016697805375</Double>
        <Double>-111.78715714509599</Double>
        <Double>7.8892771562372914</Double>
        <Double>-244.44629474059138</Double>
        <Double>26.141905929342158</Double>
        <Double>-186.83188313421442</Double>
        <Double>169.91623431181881</Double>
        <Double>-338.78094411697157</Double>
        <Double>106.7437216046322</Double>
        <Double>-338.85583951572289</Double>
        <Double>92.257203436348675</Double>
        <Double>-443.694288976601</Double>
        <Double>88.24867288512641</Double>
        <Double>-441.28111919866251</Double>
        <Double>617.23312030079194</Double>
        <Double>-298.10005947274885</Double>
      </SourceGCPs>
      <TargetGCPs xsi:type="typens:ArrayOfDouble">
        <Double>-7951785.8663657848</Double>
        <Double>1989485.6633932155</Double>
        <Double>-7707420.4519290319</Double>
        <Double>2197848.2103904081</Double>
        <Double>-8016052.6040601078</Double>
        <Double>2110512.918764797</Double>
        <Double>-8002052.2386303227</Double>
        <Double>2149224.772573662</Double>
        <Double>-7910654.5216924278</Double>
        <Double>2056040.1114035759</Double>
        <Double>-7953978.6946846778</Double>
        <Double>2053921.0801901829</Double>
        <Double>-7958522.909680807</Double>
        <Double>1989927.6026389531</Double>
        <Double>-7961737.9333566101</Double>
        <Double>1992606.2267717849</Double>
        <Double>-7636777.6441941876</Double>
        <Double>2082174.829702104</Double>
      </TargetGCPs>
      <Name />
    </GeodataXform>
  </Metadata>
  <PAMRasterBand band="1">
    <Metadata domain="IMAGE_STRUCTURE">
      <MDI key="COMPRESSION">JPEG</MDI>
    </Metadata>
  </PAMRasterBand>
</PAMDataset>
