<?xml version="1.0" encoding="UTF-8"?>
<metadata xml:lang="en"><Esri><CreaDate>20180125</CreaDate><CreaTime>22002900</CreaTime><ArcGISFormat>1.0</ArcGISFormat><SyncOnce>TRUE</SyncOnce><DataProperties><lineage><Process ToolSource="c:\program files (x86)\arcgis\desktop10.1\ArcToolbox\Toolboxes\Data Management Tools.tbx\DefineProjection" Date="20150205" Time="183049">DefineProjection gab_salb_jan00_jun05 GEOGCS['GCS_WGS_1984',DATUM['D_WGS_1984',SPHEROID['WGS_1984',6378137.0,298.257223563]],PRIMEM['Greenwich',0.0],UNIT['Degree',0.0174532925199433]]</Process><Process ToolSource="c:\program files (x86)\arcgis\desktop10.1\ArcToolbox\Toolboxes\Data Management Tools.tbx\CalculateField" Date="20150212" Time="154256">CalculateField gab_admbndp2_1m_salb Test InStr( [ADM1_NAME], vbProperCase ) VB #</Process><Process ToolSource="c:\program files (x86)\arcgis\desktop10.1\ArcToolbox\Toolboxes\Data Management Tools.tbx\CalculateField" Date="20150212" Time="154321">CalculateField gab_admbndp2_1m_salb Test InStr( [ADM1_NAME], vbProperCase) VB #</Process><Process ToolSource="c:\program files (x86)\arcgis\desktop10.1\ArcToolbox\Toolboxes\Data Management Tools.tbx\CalculateField" Date="20150212" Time="154621">CalculateField gab_admbndp2_1m_salb Test LCase( [ADM1_NAME] ) VB #</Process><Process ToolSource="c:\program files (x86)\arcgis\desktop10.1\ArcToolbox\Toolboxes\Data Management Tools.tbx\CalculateField" Date="20150212" Time="154638">CalculateField gab_admbndp2_1m_salb Test UCase( [ADM1_NAME] ) VB #</Process><Process ToolSource="c:\program files (x86)\arcgis\desktop10.1\ArcToolbox\Toolboxes\Data Management Tools.tbx\CalculateField" Date="20150212" Time="154839">CalculateField gab_admbndp2_1m_salb Test InStr( [ADM1_NAME], vbProperCase ) VB #</Process><Process ToolSource="c:\program files (x86)\arcgis\desktop10.1\ArcToolbox\Toolboxes\Data Management Tools.tbx\CalculateField" Date="20150213" Time="081800">CalculateField gab_admbndp2_1m_salb Test LCase( [ADM1_NAME] ) VB #</Process><Process ToolSource="c:\program files (x86)\arcgis\desktop10.1\ArcToolbox\Toolboxes\Data Management Tools.tbx\CalculateField" Date="20150213" Time="083123">CalculateField gab_admbndp2_1m_salb Test Asc( [ADM1_NAME] ) VB #</Process><Process ToolSource="c:\program files (x86)\arcgis\desktop10.1\ArcToolbox\Toolboxes\Data Management Tools.tbx\CalculateField" Date="20150213" Time="083205">CalculateField gab_admbndp2_1m_salb Test LCase( [ADM1_NAME] ) VB #</Process><Process ToolSource="c:\program files (x86)\arcgis\desktop10.1\ArcToolbox\Toolboxes\Data Management Tools.tbx\CalculateField" Date="20150213" Time="083230">CalculateField gab_admbndp2_1m_salb Test Len( [ADM1_NAME] ) VB #</Process><Process ToolSource="c:\program files (x86)\arcgis\desktop10.1\ArcToolbox\Toolboxes\Data Management Tools.tbx\CalculateField" Date="20150213" Time="083251">CalculateField gab_admbndp2_1m_salb Test LTrim( [ADM1_NAME] ) VB #</Process><Process ToolSource="c:\program files (x86)\arcgis\desktop10.1\ArcToolbox\Toolboxes\Data Management Tools.tbx\CalculateField" Date="20150213" Time="083405">CalculateField gab_admbndp2_1m_salb Test RTrim( [ADM1_NAME] ) VB #</Process><Process ToolSource="c:\program files (x86)\arcgis\desktop10.1\ArcToolbox\Toolboxes\Data Management Tools.tbx\CalculateField" Date="20150213" Time="085038">CalculateField gab_admbndp2_1m_salb Test ' '.join([i.capitalize() for i in !ADM1_NAME!.split(' ')]) PYTHON_9.3 #</Process><Process ToolSource="c:\program files (x86)\arcgis\desktop10.1\ArcToolbox\Toolboxes\Data Management Tools.tbx\CalculateField" Date="20150213" Time="085140">CalculateField gab_admbndp2_1m_salb Test ' '.join([i.capitalize() for i in !ADM1_NAME!.split(' ')]) PYTHON_9.3 #</Process><Process ToolSource="c:\program files (x86)\arcgis\desktop10.1\ArcToolbox\Toolboxes\Data Management Tools.tbx\CalculateField" Date="20150213" Time="090014">CalculateField gab_admbndp2_1m_salb Test ' '.join([i.capitalize() for i in !ADM1_NAME!.split('- ')]) PYTHON_9.3 #</Process><Process ToolSource="c:\program files (x86)\arcgis\desktop10.1\ArcToolbox\Toolboxes\Data Management Tools.tbx\CalculateField" Date="20150213" Time="090040">CalculateField gab_admbndp2_1m_salb Test ' '.join([i.capitalize() for i in !ADM1_NAME!.split(' ')]) PYTHON_9.3 #</Process><Process ToolSource="c:\program files (x86)\arcgis\desktop10.1\ArcToolbox\Toolboxes\Data Management Tools.tbx\CalculateField" Date="20150213" Time="090442">CalculateField gab_admbndp2_1m_salb Test !ADM1_NAME!.capitalize() PYTHON_9.3 #</Process><Process ToolSource="c:\program files (x86)\arcgis\desktop10.1\ArcToolbox\Toolboxes\Data Management Tools.tbx\CalculateField" Date="20150213" Time="090624">CalculateField gab_admbndp2_1m_salb Test !ADM1_NAME!.capitalize() PYTHON_9.3 #</Process><Process ToolSource="c:\program files (x86)\arcgis\desktop10.1\ArcToolbox\Toolboxes\Data Management Tools.tbx\CalculateField" Date="20150213" Time="091056">CalculateField gab_admbndp2_1m_salb Test Replace( [ADM1_NAME], "ogooue", "Ogooue" ) VB #</Process><Process ToolSource="c:\program files (x86)\arcgis\desktop10.1\ArcToolbox\Toolboxes\Data Management Tools.tbx\CalculateField" Date="20150213" Time="091157">CalculateField gab_admbndp2_1m_salb Test Replace( [Test], "ogooue", "Ogooue" ) VB #</Process><Process ToolSource="c:\program files (x86)\arcgis\desktop10.1\ArcToolbox\Toolboxes\Data Management Tools.tbx\CalculateField" Date="20150213" Time="091235">CalculateField gab_admbndp2_1m_salb Test !ADM1_NAME!.capitalize() PYTHON_9.3 #</Process><Process ToolSource="c:\program files (x86)\arcgis\desktop10.1\ArcToolbox\Toolboxes\Data Management Tools.tbx\CalculateField" Date="20150213" Time="091351">CalculateField gab_admbndp2_1m_salb Test "Haut-Ogooue" PYTHON_9.3 #</Process><Process ToolSource="c:\program files (x86)\arcgis\desktop10.1\ArcToolbox\Toolboxes\Data Management Tools.tbx\CalculateField" Date="20150213" Time="091407">CalculateField gab_admbndp2_1m_salb Test "Moyen-Ogooue" PYTHON_9.3 #</Process><Process ToolSource="c:\program files (x86)\arcgis\desktop10.1\ArcToolbox\Toolboxes\Data Management Tools.tbx\CalculateField" Date="20150213" Time="091443">CalculateField gab_admbndp2_1m_salb Test "Ogooue-Ivindo" PYTHON_9.3 #</Process><Process ToolSource="c:\program files (x86)\arcgis\desktop10.1\ArcToolbox\Toolboxes\Data Management Tools.tbx\CalculateField" Date="20150213" Time="091502">CalculateField gab_admbndp2_1m_salb Test "Ogooue-Lolo" PYTHON_9.3 #</Process><Process ToolSource="c:\program files (x86)\arcgis\desktop10.1\ArcToolbox\Toolboxes\Data Management Tools.tbx\CalculateField" Date="20150213" Time="091531">CalculateField gab_admbndp2_1m_salb Test "Ogooue-Maritime" PYTHON_9.3 #</Process><Process ToolSource="c:\program files (x86)\arcgis\desktop10.1\ArcToolbox\Toolboxes\Data Management Tools.tbx\CalculateField" Date="20150213" Time="091612">CalculateField gab_admbndp2_1m_salb Test "Woleu-Ntem" PYTHON_9.3 #</Process><Process ToolSource="c:\program files (x86)\arcgis\desktop10.1\ArcToolbox\Toolboxes\Data Management Tools.tbx\CalculateField" Date="20150213" Time="091641">CalculateField gab_admbndp2_1m_salb ADM1_NAME !Test! PYTHON_9.3 #</Process><Process ToolSource="c:\program files (x86)\arcgis\desktop10.1\ArcToolbox\Toolboxes\Data Management Tools.tbx\CalculateField" Date="20150213" Time="102241">CalculateField gab_admbndp2_1m_salb RowcaCode1 [ADM1_CODE] VB #</Process><Process ToolSource="c:\program files (x86)\arcgis\desktop10.1\ArcToolbox\Toolboxes\Data Management Tools.tbx\CalculateField" Date="20150213" Time="102339">CalculateField gab_admbndp2_1m_salb RowcaCode2 [ADM2_CODE] VB #</Process><Process ToolSource="c:\program files (x86)\arcgis\desktop10.1\ArcToolbox\Toolboxes\Data Management Tools.tbx\CalculateField" Date="20150213" Time="102500">CalculateField gab_admbndp2_1m_salb HRname [ADM2_NAME] VB #</Process><Process ToolSource="c:\program files (x86)\arcgis\desktop10.1\ArcToolbox\Toolboxes\Data Management Tools.tbx\CalculateField" Date="20150213" Time="102651">CalculateField gab_admbndp2_1m_salb HRpcode Replace( [RowcaCode2], "GAB", "GA" ) VB #</Process><Process ToolSource="c:\program files (x86)\arcgis\desktop10.1\ArcToolbox\Toolboxes\Data Management Tools.tbx\CalculateField" Date="20150213" Time="103001">CalculateField gab_admbndp2_1m_salb HRparent Right( [HRpcode], 3 ) VB #</Process><Process ToolSource="c:\program files (x86)\arcgis\desktop10.1\ArcToolbox\Toolboxes\Data Management Tools.tbx\CalculateField" Date="20150213" Time="103045">CalculateField gab_admbndp2_1m_salb HRparent Left( [HRpcode], 5 ) VB #</Process><Process ToolSource="c:\program files (x86)\arcgis\desktop10.3\ArcToolbox\Toolboxes\Data Management Tools.tbx\CalculateField" Date="20171005" Time="094826">CalculateField GAB_ADM2 Name [ADM2_NAME] VB #</Process><Process ToolSource="c:\program files (x86)\arcgis\desktop10.3\ArcToolbox\Toolboxes\Data Management Tools.tbx\CalculateField" Date="20171005" Time="094837">CalculateField GAB_ADM2 Level "ADM2" VB #</Process></lineage></DataProperties></Esri></metadata>
