<metadata xml:lang="en"><Esri><CreaDate>20210506</CreaDate><CreaTime>14385800</CreaTime><ArcGISFormat>1.0</ArcGISFormat><SyncOnce>FALSE</SyncOnce><DataProperties><itemProps><itemName Sync="TRUE">BGD_ADM5shape</itemName><imsContentType Sync="TRUE">002</imsContentType><itemLocation><linkage Sync="TRUE">file://\\APACP927663\C$\Repos\BGD_ADM5shape.shp</linkage><protocol Sync="TRUE">Local Area Network</protocol></itemLocation><itemSize Sync="TRUE">0.000</itemSize></itemProps><coordRef><type Sync="TRUE">Geographic</type><geogcsn Sync="TRUE">GCS_WGS_1984</geogcsn><csUnits Sync="TRUE">Angular Unit: Degree (0.017453)</csUnits><peXml Sync="TRUE">&lt;GeographicCoordinateSystem xsi:type='typens:GeographicCoordinateSystem' xmlns:xsi='http://www.w3.org/2001/XMLSchema-instance' xmlns:xs='http://www.w3.org/2001/XMLSchema' xmlns:typens='http://www.esri.com/schemas/ArcGIS/2.6.0'&gt;&lt;WKT&gt;GEOGCS[&amp;quot;GCS_WGS_1984&amp;quot;,DATUM[&amp;quot;D_WGS_1984&amp;quot;,SPHEROID[&amp;quot;WGS_1984&amp;quot;,6378137.0,298.257223563]],PRIMEM[&amp;quot;Greenwich&amp;quot;,0.0],UNIT[&amp;quot;Degree&amp;quot;,0.0174532925199433],AUTHORITY[&amp;quot;EPSG&amp;quot;,4326]]&lt;/WKT&gt;&lt;XOrigin&gt;-400&lt;/XOrigin&gt;&lt;YOrigin&gt;-400&lt;/YOrigin&gt;&lt;XYScale&gt;11258999068426.238&lt;/XYScale&gt;&lt;ZOrigin&gt;-100000&lt;/ZOrigin&gt;&lt;ZScale&gt;10000&lt;/ZScale&gt;&lt;MOrigin&gt;-100000&lt;/MOrigin&gt;&lt;MScale&gt;10000&lt;/MScale&gt;&lt;XYTolerance&gt;8.983152841195215e-09&lt;/XYTolerance&gt;&lt;ZTolerance&gt;0.001&lt;/ZTolerance&gt;&lt;MTolerance&gt;0.001&lt;/MTolerance&gt;&lt;HighPrecision&gt;true&lt;/HighPrecision&gt;&lt;LeftLongitude&gt;-180&lt;/LeftLongitude&gt;&lt;WKID&gt;4326&lt;/WKID&gt;&lt;LatestWKID&gt;4326&lt;/LatestWKID&gt;&lt;/GeographicCoordinateSystem&gt;</peXml></coordRef><lineage><Process ToolSource="c:\program files\arcgis\pro\Resources\ArcToolbox\toolboxes\Conversion Tools.tbx\FeatureClassToFeatureClass" Date="20210506" Time="143930">FeatureClassToFeatureClass bgd_admin7_final_SimplifyPol2 C:\Users\lee927663\Documents\ArcGIS\Projects\GeoBoundariesV3\GeoBoundariesV3.gdb BGD_ADM5 # "KEY_ "KEY" true true false 100 Text 0 0,First,#,bgd_admin7_final_SimplifyPol2,KEY_,0,100;AREA "AREA" true true false 0 Double 0 0,First,#,bgd_admin7_final_SimplifyPol2,AREA,-1,-1;GEOCODEOLD "GEOCODEOLD" true true false 0 Double 0 0,First,#,bgd_admin7_final_SimplifyPol2,GEOCODEOLD,-1,-1;GEOCODENEW "GEOCODENEW" true true false 0 Double 0 0,First,#,bgd_admin7_final_SimplifyPol2,GEOCODENEW,-1,-1;DIVNAME "DIVNAME" true true false 25 Text 0 0,First,#,bgd_admin7_final_SimplifyPol2,DIVNAME,0,25;DISTNAME "DISTNAME" true true false 13 Text 0 0,First,#,bgd_admin7_final_SimplifyPol2,DISTNAME,0,13;THANAME "THANAME" true true false 50 Text 0 0,First,#,bgd_admin7_final_SimplifyPol2,THANAME,0,50;UNINAME "UNINAME" true true false 27 Text 0 0,First,#,bgd_admin7_final_SimplifyPol2,UNINAME,0,27;MAUZNAME "MAUZNAME" true true false 31 Text 0 0,First,#,bgd_admin7_final_SimplifyPol2,MAUZNAME,0,31;JL_NO "JL_NO" true true false 8 Text 0 0,First,#,bgd_admin7_final_SimplifyPol2,JL_NO,0,8;LANDTYPE "LANDTYPE" true true false 25 Text 0 0,First,#,bgd_admin7_final_SimplifyPol2,LANDTYPE,0,25;REMARKS "REMARKS" true true false 100 Text 0 0,First,#,bgd_admin7_final_SimplifyPol2,REMARKS,0,100;UPAZILA_NA "UPAZILA_NA" true true false 50 Text 0 0,First,#,bgd_admin7_final_SimplifyPol2,UPAZILA_NA,0,50;InPoly_FID "InPoly_FID" true true false 0 Long 0 0,First,#,bgd_admin7_final_SimplifyPol2,InPoly_FID,-1,-1;SimPgnFlag "SimPgnFlag" true true false 0 Short 0 0,First,#,bgd_admin7_final_SimplifyPol2,SimPgnFlag,-1,-1;MaxSimpTol "MaxSimpTol" true true false 0 Double 0 0,First,#,bgd_admin7_final_SimplifyPol2,MaxSimpTol,-1,-1;MinSimpTol "MinSimpTol" true true false 0 Double 0 0,First,#,bgd_admin7_final_SimplifyPol2,MinSimpTol,-1,-1;Shape__Area "Shape__Area" false true false 0 Double 0 0,First,#,bgd_admin7_final_SimplifyPol2,Shape__Area,-1,-1;Shape__Length "Shape__Length" false true false 0 Double 0 0,First,#,bgd_admin7_final_SimplifyPol2,Shape__Length,-1,-1" #</Process><Process ToolSource="c:\program files\arcgis\pro\Resources\ArcToolbox\toolboxes\Data Management Tools.tbx\UpdateSchema" Date="20210506" Time="144649">UpdateSchema "CIMDATA=&lt;CIMStandardDataConnection xsi:type='typens:CIMStandardDataConnection' xmlns:xsi='http://www.w3.org/2001/XMLSchema-instance' xmlns:xs='http://www.w3.org/2001/XMLSchema' xmlns:typens='http://www.esri.com/schemas/ArcGIS/2.6.0'&gt;&lt;WorkspaceConnectionString&gt;DATABASE=C:\Users\lee927663\Documents\ArcGIS\Projects\GeoBoundariesV3\GeoBoundariesV3.gdb&lt;/WorkspaceConnectionString&gt;&lt;WorkspaceFactory&gt;FileGDB&lt;/WorkspaceFactory&gt;&lt;Dataset&gt;BGD_ADM5&lt;/Dataset&gt;&lt;DatasetType&gt;esriDTFeatureClass&lt;/DatasetType&gt;&lt;/CIMStandardDataConnection&gt;" &lt;operationSequence&gt;&lt;workflow&gt;&lt;DeleteField&gt;&lt;field_name&gt;KEY_&lt;/field_name&gt;&lt;field_name&gt;AREA&lt;/field_name&gt;&lt;field_name&gt;GEOCODEOLD&lt;/field_name&gt;&lt;field_name&gt;GEOCODENEW&lt;/field_name&gt;&lt;field_name&gt;DIVNAME&lt;/field_name&gt;&lt;field_name&gt;DISTNAME&lt;/field_name&gt;&lt;field_name&gt;THANAME&lt;/field_name&gt;&lt;field_name&gt;UNINAME&lt;/field_name&gt;&lt;field_name&gt;JL_NO&lt;/field_name&gt;&lt;field_name&gt;LANDTYPE&lt;/field_name&gt;&lt;field_name&gt;REMARKS&lt;/field_name&gt;&lt;field_name&gt;UPAZILA_NA&lt;/field_name&gt;&lt;field_name&gt;InPoly_FID&lt;/field_name&gt;&lt;field_name&gt;SimPgnFlag&lt;/field_name&gt;&lt;field_name&gt;MaxSimpTol&lt;/field_name&gt;&lt;field_name&gt;MinSimpTol&lt;/field_name&gt;&lt;field_name&gt;Shape__Area&lt;/field_name&gt;&lt;field_name&gt;Shape__Length&lt;/field_name&gt;&lt;/DeleteField&gt;&lt;/workflow&gt;&lt;workflow&gt;&lt;AddField&gt;&lt;field_name&gt;Level&lt;/field_name&gt;&lt;field_type&gt;TEXT&lt;/field_type&gt;&lt;field_length&gt;255&lt;/field_length&gt;&lt;field_alias&gt;Level&lt;/field_alias&gt;&lt;field_is_nullable&gt;True&lt;/field_is_nullable&gt;&lt;field_is_required&gt;False&lt;/field_is_required&gt;&lt;/AddField&gt;&lt;/workflow&gt;&lt;/operationSequence&gt;</Process><Process ToolSource="c:\program files\arcgis\pro\Resources\ArcToolbox\toolboxes\Data Management Tools.tbx\UpdateSchema" Date="20210506" Time="144716">UpdateSchema "CIMDATA=&lt;CIMStandardDataConnection xsi:type='typens:CIMStandardDataConnection' xmlns:xsi='http://www.w3.org/2001/XMLSchema-instance' xmlns:xs='http://www.w3.org/2001/XMLSchema' xmlns:typens='http://www.esri.com/schemas/ArcGIS/2.6.0'&gt;&lt;WorkspaceConnectionString&gt;DATABASE=C:\Users\lee927663\Documents\ArcGIS\Projects\GeoBoundariesV3\GeoBoundariesV3.gdb&lt;/WorkspaceConnectionString&gt;&lt;WorkspaceFactory&gt;FileGDB&lt;/WorkspaceFactory&gt;&lt;Dataset&gt;BGD_ADM5&lt;/Dataset&gt;&lt;DatasetType&gt;esriDTFeatureClass&lt;/DatasetType&gt;&lt;/CIMStandardDataConnection&gt;" &lt;operationSequence&gt;&lt;workflow&gt;&lt;AlterField&gt;&lt;field_name&gt;MAUZNAME&lt;/field_name&gt;&lt;new_field_name&gt;Name&lt;/new_field_name&gt;&lt;field_type&gt;TEXT&lt;/field_type&gt;&lt;field_is_nullable&gt;True&lt;/field_is_nullable&gt;&lt;clear_field_alias&gt;False&lt;/clear_field_alias&gt;&lt;/AlterField&gt;&lt;/workflow&gt;&lt;/operationSequence&gt;</Process><Process ToolSource="c:\program files\arcgis\pro\Resources\ArcToolbox\toolboxes\Data Management Tools.tbx\CalculateField" Date="20210506" Time="144810">CalculateField BGD_ADM5 Level 'ADM5' "Python 3" # Text</Process><Process ToolSource="c:\program files\arcgis\pro\Resources\ArcToolbox\toolboxes\Conversion Tools.tbx\FeatureClassToFeatureClass" Date="20210506" Time="145154">FeatureClassToFeatureClass C:\Users\lee927663\Documents\ArcGIS\Projects\GeoBoundariesV3\GeoBoundariesV3.gdb\BGD_ADM5 C:\Repos BGD_ADM5shape.shp # "Name "Name" true true false 31 Text 0 0,First,#,C:\Users\lee927663\Documents\ArcGIS\Projects\GeoBoundariesV3\GeoBoundariesV3.gdb\BGD_ADM5,Name,0,31;Shape_Leng "Shape_Length" false true true 8 Double 0 0,First,#,C:\Users\lee927663\Documents\ArcGIS\Projects\GeoBoundariesV3\GeoBoundariesV3.gdb\BGD_ADM5,Shape_Length,-1,-1;Shape_Area "Shape_Area" false true true 8 Double 0 0,First,#,C:\Users\lee927663\Documents\ArcGIS\Projects\GeoBoundariesV3\GeoBoundariesV3.gdb\BGD_ADM5,Shape_Area,-1,-1;Level "Level" true true false 255 Text 0 0,First,#,C:\Users\lee927663\Documents\ArcGIS\Projects\GeoBoundariesV3\GeoBoundariesV3.gdb\BGD_ADM5,Level,0,255" #</Process></lineage></DataProperties><SyncDate>20210506</SyncDate><SyncTime>14513600</SyncTime><ModDate>20210506</ModDate><ModTime>14513600</ModTime></Esri><dataIdInfo><envirDesc Sync="TRUE">Microsoft Windows 10 Version 10.0 (Build 19041) ; Esri ArcGIS 12.6.1.24783</envirDesc><dataLang><languageCode value="eng" Sync="TRUE"></languageCode><countryCode value="USA" Sync="TRUE"></countryCode></dataLang><idCitation><resTitle Sync="TRUE">BGD_ADM5shape</resTitle><presForm><PresFormCd value="005" Sync="TRUE"></PresFormCd></presForm></idCitation><spatRpType><SpatRepTypCd value="001" Sync="TRUE"></SpatRepTypCd></spatRpType></dataIdInfo><mdLang><languageCode value="eng" Sync="TRUE"></languageCode><countryCode value="USA" Sync="TRUE"></countryCode></mdLang><mdChar><CharSetCd value="004" Sync="TRUE"></CharSetCd></mdChar><distInfo><distFormat><formatName Sync="TRUE">Shapefile</formatName></distFormat><distTranOps><transSize Sync="TRUE">0.000</transSize></distTranOps></distInfo><mdHrLv><ScopeCd value="005" Sync="TRUE"></ScopeCd></mdHrLv><mdHrLvName Sync="TRUE">dataset</mdHrLvName><refSysInfo><RefSystem><refSysID><identCode code="4326" Sync="TRUE"></identCode><idCodeSpace Sync="TRUE">EPSG</idCodeSpace><idVersion Sync="TRUE">6.14(3.0.1)</idVersion></refSysID></RefSystem></refSysInfo><spatRepInfo><VectSpatRep><geometObjs Name="BGD_ADM5shape"><geoObjTyp><GeoObjTypCd value="002" Sync="TRUE"></GeoObjTypCd></geoObjTyp><geoObjCnt Sync="TRUE">0</geoObjCnt></geometObjs><topLvl><TopoLevCd value="001" Sync="TRUE"></TopoLevCd></topLvl></VectSpatRep></spatRepInfo><spdoinfo><ptvctinf><esriterm Name="BGD_ADM5shape"><efeatyp Sync="TRUE">Simple</efeatyp><efeageom code="4" Sync="TRUE"></efeageom><esritopo Sync="TRUE">FALSE</esritopo><efeacnt Sync="TRUE">0</efeacnt><spindex Sync="TRUE">FALSE</spindex><linrefer Sync="TRUE">FALSE</linrefer></esriterm></ptvctinf></spdoinfo><eainfo><detailed Name="BGD_ADM5shape"><enttyp><enttypl Sync="TRUE">BGD_ADM5shape</enttypl><enttypt Sync="TRUE">Feature Class</enttypt><enttypc Sync="TRUE">0</enttypc></enttyp><attr><attrlabl Sync="TRUE">FID</attrlabl><attalias Sync="TRUE">FID</attalias><attrtype Sync="TRUE">OID</attrtype><attwidth Sync="TRUE">4</attwidth><atprecis Sync="TRUE">0</atprecis><attscale Sync="TRUE">0</attscale><attrdef Sync="TRUE">Internal feature number.</attrdef><attrdefs Sync="TRUE">Esri</attrdefs><attrdomv><udom Sync="TRUE">Sequential unique whole numbers that are automatically generated.</udom></attrdomv></attr><attr><attrlabl Sync="TRUE">Shape</attrlabl><attalias Sync="TRUE">Shape</attalias><attrtype Sync="TRUE">Geometry</attrtype><attwidth Sync="TRUE">0</attwidth><atprecis Sync="TRUE">0</atprecis><attscale Sync="TRUE">0</attscale><attrdef Sync="TRUE">Feature geometry.</attrdef><attrdefs Sync="TRUE">Esri</attrdefs><attrdomv><udom Sync="TRUE">Coordinates defining the features.</udom></attrdomv></attr><attr><attrlabl Sync="TRUE">Name</attrlabl><attalias Sync="TRUE">Name</attalias><attrtype Sync="TRUE">String</attrtype><attwidth Sync="TRUE">31</attwidth><atprecis Sync="TRUE">0</atprecis><attscale Sync="TRUE">0</attscale></attr><attr><attrlabl Sync="TRUE">Shape_Leng</attrlabl><attalias Sync="TRUE">Shape_Leng</attalias><attrtype Sync="TRUE">Double</attrtype><attwidth Sync="TRUE">19</attwidth><atprecis Sync="TRUE">0</atprecis><attscale Sync="TRUE">0</attscale></attr><attr><attrlabl Sync="TRUE">Shape_Area</attrlabl><attalias Sync="TRUE">Shape_Area</attalias><attrtype Sync="TRUE">Double</attrtype><attwidth Sync="TRUE">19</attwidth><atprecis Sync="TRUE">0</atprecis><attscale Sync="TRUE">0</attscale><attrdef Sync="TRUE">Area of feature in internal units squared.</attrdef><attrdefs Sync="TRUE">Esri</attrdefs><attrdomv><udom Sync="TRUE">Positive real numbers that are automatically generated.</udom></attrdomv></attr><attr><attrlabl Sync="TRUE">Level</attrlabl><attalias Sync="TRUE">Level</attalias><attrtype Sync="TRUE">String</attrtype><attwidth Sync="TRUE">254</attwidth><atprecis Sync="TRUE">0</atprecis><attscale Sync="TRUE">0</attscale></attr></detailed></eainfo><mdDateSt Sync="TRUE">20210506</mdDateSt></metadata>
