<?xml version="1.0" encoding="UTF-8"?>
<metadata>
	<idinfo>
		<descript>
			<abstract>Ce theme decrit les limites departementales du Gabon, sur la base des
cartes topographiques realisees a l'echelle 1:200 000. Cette couche SIG
a ete generee par l'Institut National de Cartographie (INC) en 2003 dans
le cadre de la production de la &amp;quot;BD2&amp;quot;, a partir des donnees du
Projet Foret et Environnement (PFE-1999/2000). Le World Resources
Institute a edite legerement la couche SIG generee par l'INC (systeme de
projection), dans le but de realiser la version pilote de l'Atlas
Forestier Interactif du Gabon.&lt;br /&gt;
&lt;br /&gt;
This dataset describes the department boundaries of Gabon from the
1:200,000 topographic base map. This dataset was generated by the
National Institute of Cartography (INC) in 2003 for the production of
&amp;quot;BD2&amp;quot; from data of the Forest and Environment Project (PEE
1999/2000). The World Resource Institute slightly edited the data from
the INC (projection), for use in the Interactive Forest Atlas of Gabon.</abstract>
			<purpose>Rendu cartographique et analyse spatiale.</purpose>
			<supplinf/>
		</descript>
		<useconst>Les droits d'utilisation, de reproduction et de diffusion de ces donnees sont reserves a un usage gratuit et non lucratif. Ces donnees peuvent etre reproduites sans limitation de quantite. La reproduction / distribution est gratuite. Par ailleurs, il est formellement interdit de revendre et de solliciter des dons des copies de ces donnees. La reproduction doit faire reference a / aux auteurs (Copyright). Cependant, il est interdit de publier ou de distribuer les donnees incorporees au sein d'autres produits (commerciaux  ou autres) sans avoir obtenu de permission prealable par demande ecrite au point de contact mentionne dans les metadonnees.</useconst>
		<datacred>Les donnes originales proviennent du Projet Fort et Environnement (PFE-1999/2000), qui ont t amliores par l'Institut National de Cartographie (INC) en 2003 dans le cadre de la production de la &amp;quot;BD2&amp;quot;.</datacred>
		<citation>
			<citeinfo>
				<title>Departements du Gabon (departments of Gabon)</title>
				<pubdate/>
				<othercit>&lt;b&gt;Online Linkages: &lt;/b&gt;
&lt;ul&gt;
  &lt;li&gt;
    &lt;a href="http://www.wri.org"&gt;www.wri.org&lt;/a&gt;&lt;/li&gt;&lt;/ul&gt;
&lt;br /&gt;
&lt;b&gt;Larger Works:&lt;/b&gt;
&lt;br /&gt;
&lt;br /&gt;
&lt;b&gt;Title:&lt;/b&gt;
   Atlas Forestier Interactif du Gabon - Version Pilote.&lt;br /&gt;
&lt;b&gt;Credits:&lt;/b&gt;
   World Resources Institute, Ministere de l'Economie Forestiere, des
Eaux, de la Peche et de l'Aquaculture - Gabon&lt;br /&gt;
&lt;b&gt;Publication Date:&lt;/b&gt;
   Avril 2009&lt;br /&gt;
&lt;b&gt;Publisher:&lt;/b&gt;
   World Resources Institute&lt;br /&gt;
&lt;b&gt;Online Linkages: &lt;/b&gt;
&lt;ul&gt;
  &lt;li&gt;
    &lt;a href="http://www.wri.org"&gt;www.wri.org&lt;/a&gt;&lt;/li&gt;&lt;/ul&gt;</othercit>
				<origin>l'Institut National de Cartographie (INC) du Gabon</origin>
				<onlink>http://app.databasin.org/app/pages/datasetPage.jsp?id=f5bca82cf44640e58b7ea25ee1fecaec</onlink>
				<pubinfo>
					<publish/>
					<pubplace/>
				</pubinfo>
			</citeinfo>
		</citation>
		<ptcontac>
			<cntinfo>
				<cntperp>
					<cntper>Jean Sylvestre Makak/Matthew Steil (smakak2000@yahoo.fr)</cntper>
					<cntorg>World Resources Institute</cntorg>
				</cntperp>
			</cntinfo>
		</ptcontac>
		<status>
			<progress/>
			<update/>
		</status>
		<timeperd>
			<timeinfo>
				<sngdate/>
				<current/>
			</timeinfo>
		</timeperd>
		<keywords/>
		<spdom>
			<bounding>
				<northbc>2.3181879999999935</northbc>
				<eastbc>14.529043000000003</eastbc>
				<southbc>-3.963731000000015</southbc>
				<westbc>8.699614000000002</westbc>
			</bounding>
		</spdom>
	</idinfo>
	<dataqual>
		<attracc>
			<attraccr/>
		</attracc>
		<complete/>
		<lineage>
			<procstep>
				<procdesc>Consolidated Data Basin Info: Dataset copied. (C:\Documents and Settings\Confiance M\Bureau\Gabon\ap_Gabon_new_GTM)&lt;br /&gt;Dataset copied. (C:\Outputs\data\gab\ap_Gabon_new_GTM)&lt;br /&gt;Dataset copied. (C:\Donnes_projet\FORAF\Gabon_AP\Gabon_AP_FORAF)&lt;br /&gt;Metadata imported. (C:\DOCUME~1\MAKAKJ~1\LOCALS~1\Temp\xml21.tmp)&lt;br /&gt;Metadata imported. (C:\DOCUME~1\MATTHE~1.STE\LOCALS~1\Temp\xml4E9.tmp)&lt;br /&gt;Limites des aires protegees modifiees par WRI/MEFEPA et FORAF en utilisant les couches BD TOPO et SRTM.&lt;br /&gt;Metadata imported. (M:\Working\Gabon\Gabon_atlas_version_pilote\Donnees\Metadonnees\metadata_template_gabon_ap.xml)&lt;br /&gt;Metadata imported. (M:\Working\Gabon\Gabon_atlas_version_pilote\Donnees\Metadonnees\GAB_provinces.xml)&lt;br /&gt;</procdesc>
			</procstep>
		</lineage>
	</dataqual>
	<eainfo>
		<detailed Name="GAB_ADM2">
			<attr>
				<attrlabl>FID</attrlabl>
				<attalias>FID</attalias>
				<attrdef>Internal feature number.</attrdef>
				<attrdomv><udom Sync="TRUE">Sequential unique whole numbers that are automatically generated.</udom></attrdomv>
				<attrtype Sync="TRUE">OID</attrtype><attwidth Sync="TRUE">4</attwidth><atprecis Sync="TRUE">0</atprecis><attscale Sync="TRUE">0</attscale><attrdefs Sync="TRUE">Esri</attrdefs></attr>
			<attr>
				<attrlabl>Shape</attrlabl>
				<attalias>Shape</attalias>
				<attrdef>Feature geometry.</attrdef>
				<attrdomv><udom Sync="TRUE">Coordinates defining the features.</udom></attrdomv>
				<attrtype Sync="TRUE">Geometry</attrtype><attwidth Sync="TRUE">0</attwidth><atprecis Sync="TRUE">0</atprecis><attscale Sync="TRUE">0</attscale><attrdefs Sync="TRUE">Esri</attrdefs></attr>
			<enttyp><enttypl Sync="TRUE">GAB_ADM2</enttypl><enttypt Sync="TRUE">Feature Class</enttypt><enttypc Sync="TRUE">0</enttypc></enttyp><attr><attrlabl Sync="TRUE">Name</attrlabl><attalias Sync="TRUE">Name</attalias><attrtype Sync="TRUE">String</attrtype><attwidth Sync="TRUE">50</attwidth><atprecis Sync="TRUE">0</atprecis><attscale Sync="TRUE">0</attscale></attr><attr><attrlabl Sync="TRUE">Level</attrlabl><attalias Sync="TRUE">Level</attalias><attrtype Sync="TRUE">String</attrtype><attwidth Sync="TRUE">50</attwidth><atprecis Sync="TRUE">0</atprecis><attscale Sync="TRUE">0</attscale></attr></detailed>
	</eainfo>
	<distinfo>
		<resdesc>Departements du Gabon (departments of Gabon)</resdesc>
		<distrib>
			<cntinfo>
				<cntorgp>
					<cntorg>Data Basin (www.databasin.org)</cntorg>
				</cntorgp>
				<cntemail>databasin@consbio.org</cntemail>
				<cntorgp/>
			</cntinfo>
			<cntinfo/>
			<cntinfo/>
		</distrib>
		<stdorder>
			<digform>
				<digtopt>
					<onlinopt>
						<computer>
							<networka>
								<networkr>http://app.databasin.org/app/pages/datasetPage.jsp?id=f5bca82cf44640e58b7ea25ee1fecaec</networkr>
							</networka>
						</computer>
					</onlinopt>
				</digtopt>
			</digform>
		</stdorder>
	</distinfo>
	<Esri><CreaDate>20201015</CreaDate><CreaTime>19401200</CreaTime><ArcGISFormat>1.0</ArcGISFormat><SyncOnce>FALSE</SyncOnce><DataProperties><itemProps><itemLocation><linkage Sync="TRUE">file://\\files.campus.wm.edu\jrhabib\GabADM2Final\GAB\GAB_ADM2.shp</linkage><protocol Sync="TRUE">Local Area Network</protocol></itemLocation><itemName Sync="TRUE">GAB_ADM2</itemName><imsContentType Sync="TRUE">002</imsContentType><itemSize Sync="TRUE">0.000</itemSize></itemProps><copyHistory><copy source="C:\arcgisserver\services\im2\f5bca82cf44640e58b7ea25ee1fecaec\commondata\data0\GAB_Departements" dest="\\IP-0A5317A4\C\arcgisserver\services\im2\f5bca82cf44640e58b7ea25ee1fecaec\f5bca82cf44640e58b7ea25ee1fecaec\commondata\data0\GAB_Departements" date="20110513" time="03163200"></copy></copyHistory><lineage><Process ToolSource="c:\program files\arcgis\pro\Resources\ArcToolbox\toolboxes\Data Management Tools.tbx\UpdateSchema" Date="20201015" Time="192523">UpdateSchema "CIMDATA=&lt;CIMStandardDataConnection xsi:type='typens:CIMStandardDataConnection' xmlns:xsi='http://www.w3.org/2001/XMLSchema-instance' xmlns:xs='http://www.w3.org/2001/XMLSchema' xmlns:typens='http://www.esri.com/schemas/ArcGIS/2.5.0'&gt;&lt;WorkspaceConnectionString&gt;DATABASE=H:\GabADM2Final&lt;/WorkspaceConnectionString&gt;&lt;WorkspaceFactory&gt;Shapefile&lt;/WorkspaceFactory&gt;&lt;Dataset&gt;GabonADM2_Projection.shp&lt;/Dataset&gt;&lt;DatasetType&gt;esriDTFeatureClass&lt;/DatasetType&gt;&lt;/CIMStandardDataConnection&gt;" &lt;operationSequence&gt;&lt;workflow&gt;&lt;AddField&gt;&lt;field_name&gt;Name&lt;/field_name&gt;&lt;field_type&gt;TEXT&lt;/field_type&gt;&lt;field_length&gt;50&lt;/field_length&gt;&lt;field_is_nullable&gt;False&lt;/field_is_nullable&gt;&lt;field_is_required&gt;False&lt;/field_is_required&gt;&lt;/AddField&gt;&lt;/workflow&gt;&lt;workflow&gt;&lt;AddField&gt;&lt;field_name&gt;Level&lt;/field_name&gt;&lt;field_type&gt;TEXT&lt;/field_type&gt;&lt;field_length&gt;50&lt;/field_length&gt;&lt;field_is_nullable&gt;False&lt;/field_is_nullable&gt;&lt;field_is_required&gt;False&lt;/field_is_required&gt;&lt;/AddField&gt;&lt;/workflow&gt;&lt;/operationSequence&gt;</Process><Process ToolSource="c:\program files\arcgis\pro\Resources\ArcToolbox\toolboxes\Data Management Tools.tbx\DeleteField" Date="20201015" Time="192611">DeleteField GabonADM2_Projection CODE_DGSEE</Process><Process ToolSource="c:\program files\arcgis\pro\Resources\ArcToolbox\toolboxes\Data Management Tools.tbx\DeleteField" Date="20201015" Time="192616">DeleteField GabonADM2_Projection ID_BDCARTO</Process><Process ToolSource="c:\program files\arcgis\pro\Resources\ArcToolbox\toolboxes\Data Management Tools.tbx\DeleteField" Date="20201015" Time="192622">DeleteField GabonADM2_Projection NOM_PROV</Process><Process ToolSource="c:\program files\arcgis\pro\Resources\ArcToolbox\toolboxes\Data Management Tools.tbx\DeleteField" Date="20201015" Time="192629">DeleteField GabonADM2_Projection TITR_PROV</Process><Process ToolSource="c:\program files\arcgis\pro\Resources\ArcToolbox\toolboxes\Data Management Tools.tbx\DeleteField" Date="20201015" Time="192639">DeleteField GabonADM2_Projection TITR_DEPT</Process><Process ToolSource="c:\program files\arcgis\pro\Resources\ArcToolbox\toolboxes\Data Management Tools.tbx\DeleteField" Date="20201015" Time="192643">DeleteField GabonADM2_Projection DEMNOMINAT</Process><Process ToolSource="c:\program files\arcgis\pro\Resources\ArcToolbox\toolboxes\Data Management Tools.tbx\CalculateField" Date="20201015" Time="192826">CalculateField GabonADM2_Projection Name !NOM_DEPT! PYTHON3 # Text</Process><Process ToolSource="c:\program files\arcgis\pro\Resources\ArcToolbox\toolboxes\Data Management Tools.tbx\CalculateField" Date="20201015" Time="192938">CalculateField GabonADM2_Projection Level "ADM2" PYTHON3 # Text</Process><Process ToolSource="c:\program files\arcgis\pro\Resources\ArcToolbox\toolboxes\Data Management Tools.tbx\DeleteField" Date="20201015" Time="192955">DeleteField GabonADM2_Projection NOM_DEPT</Process><Process ToolSource="c:\program files\arcgis\pro\Resources\ArcToolbox\toolboxes\Conversion Tools.tbx\FeatureClassToFeatureClass" Date="20201018" Time="144617">FeatureClassToFeatureClass GAB_ADM2 H:\GabADM2Final\GAB GAB_ADM2.shp # "Name "Name" true true false 50 Text 0 0,First,#,GAB_ADM2,Name,0,50;Level "Level" true true false 50 Text 0 0,First,#,GAB_ADM2,Level,0,50" #</Process></lineage><coordRef><type Sync="TRUE">Geographic</type><geogcsn Sync="TRUE">GCS_WGS_1984</geogcsn><csUnits Sync="TRUE">Angular Unit: Degree (0.017453)</csUnits><peXml Sync="TRUE">&lt;GeographicCoordinateSystem xsi:type='typens:GeographicCoordinateSystem' xmlns:xsi='http://www.w3.org/2001/XMLSchema-instance' xmlns:xs='http://www.w3.org/2001/XMLSchema' xmlns:typens='http://www.esri.com/schemas/ArcGIS/2.5.0'&gt;&lt;WKT&gt;GEOGCS[&amp;quot;GCS_WGS_1984&amp;quot;,DATUM[&amp;quot;D_WGS_1984&amp;quot;,SPHEROID[&amp;quot;WGS_1984&amp;quot;,6378137.0,298.257223563]],PRIMEM[&amp;quot;Greenwich&amp;quot;,0.0],UNIT[&amp;quot;Degree&amp;quot;,0.0174532925199433],AUTHORITY[&amp;quot;EPSG&amp;quot;,4326]]&lt;/WKT&gt;&lt;XOrigin&gt;-400&lt;/XOrigin&gt;&lt;YOrigin&gt;-400&lt;/YOrigin&gt;&lt;XYScale&gt;11258999068426.238&lt;/XYScale&gt;&lt;ZOrigin&gt;-100000&lt;/ZOrigin&gt;&lt;ZScale&gt;10000&lt;/ZScale&gt;&lt;MOrigin&gt;-100000&lt;/MOrigin&gt;&lt;MScale&gt;10000&lt;/MScale&gt;&lt;XYTolerance&gt;8.983152841195215e-09&lt;/XYTolerance&gt;&lt;ZTolerance&gt;0.001&lt;/ZTolerance&gt;&lt;MTolerance&gt;0.001&lt;/MTolerance&gt;&lt;HighPrecision&gt;true&lt;/HighPrecision&gt;&lt;LeftLongitude&gt;-180&lt;/LeftLongitude&gt;&lt;WKID&gt;4326&lt;/WKID&gt;&lt;LatestWKID&gt;4326&lt;/LatestWKID&gt;&lt;/GeographicCoordinateSystem&gt;</peXml></coordRef></DataProperties><SyncDate>20201018</SyncDate><SyncTime>14461600</SyncTime><ModDate>20201018</ModDate><ModTime>14461600</ModTime></Esri><dataIdInfo><envirDesc Sync="TRUE">Microsoft Windows 10 Version 10.0 (Build 18363) ; Esri ArcGIS 12.5.1.22081</envirDesc><dataLang><languageCode value="eng" Sync="TRUE"></languageCode><countryCode value="USA" Sync="TRUE"></countryCode></dataLang><idCitation><resTitle Sync="TRUE">GAB_ADM2</resTitle><presForm><PresFormCd value="005" Sync="TRUE"></PresFormCd></presForm></idCitation><spatRpType><SpatRepTypCd value="001" Sync="TRUE"></SpatRepTypCd></spatRpType></dataIdInfo><mdLang><languageCode value="eng" Sync="TRUE"></languageCode><countryCode value="USA" Sync="TRUE"></countryCode></mdLang><mdChar><CharSetCd value="004" Sync="TRUE"></CharSetCd></mdChar><distInfo><distFormat><formatName Sync="TRUE">Shapefile</formatName></distFormat><distTranOps><transSize Sync="TRUE">0.000</transSize></distTranOps></distInfo><mdHrLv><ScopeCd value="005" Sync="TRUE"></ScopeCd></mdHrLv><mdHrLvName Sync="TRUE">dataset</mdHrLvName><refSysInfo><RefSystem><refSysID><identCode code="4326" Sync="TRUE"></identCode><idCodeSpace Sync="TRUE">EPSG</idCodeSpace><idVersion Sync="TRUE">6.14(3.0.1)</idVersion></refSysID></RefSystem></refSysInfo><spatRepInfo><VectSpatRep><geometObjs Name="GAB_ADM2"><geoObjTyp><GeoObjTypCd value="002" Sync="TRUE"></GeoObjTypCd></geoObjTyp><geoObjCnt Sync="TRUE">0</geoObjCnt></geometObjs><topLvl><TopoLevCd value="001" Sync="TRUE"></TopoLevCd></topLvl></VectSpatRep></spatRepInfo><spdoinfo><ptvctinf><esriterm Name="GAB_ADM2"><efeatyp Sync="TRUE">Simple</efeatyp><efeageom code="4" Sync="TRUE"></efeageom><esritopo Sync="TRUE">FALSE</esritopo><efeacnt Sync="TRUE">0</efeacnt><spindex Sync="TRUE">FALSE</spindex><linrefer Sync="TRUE">FALSE</linrefer></esriterm></ptvctinf></spdoinfo><mdDateSt Sync="TRUE">20201018</mdDateSt></metadata>
