Name ,2010,2020,2030,2040,2050,2060,2070,2080,2090,2100
Panjwayi,18.4699565,24.81154172,32.60259996,41.03834015,49.30171259,56.96168897,63.68993053,69.35122473,73.87453121,77.02593158
Arghandab,48.45099939,63.38598651,81.53596879,101.168761,120.3757021,138.2151492,153.9005153,167.2133129,177.8506689,185.3103991
Rashidan,47.27166675,60.11618541,75.38716947,91.55173216,107.0222876,121.0751243,133.1649935,143.0261233,150.4299148,155.0652243
Khwajaumari,83.6353533,112.4150976,147.5590125,185.6481253,222.8579239,257.2722891,287.3464803,312.7199027,332.8581674,346.781917
Giro,36.3915602,48.95626831,64.30193176,80.94867601,97.22334247,112.2910033,125.4619466,136.5772702,145.4140532,151.5391173
Janikhel,36.93058484,49.18013656,64.05587973,80.09468659,95.69556757,110.0896377,122.6239501,133.1418628,141.4190921,147.0575547
Gyan,140.2808216,187.3197695,244.398623,305.9210586,365.7174935,420.7753955,468.668252,508.8230766,540.3916841,561.9109014
Sarobi,32.01722703,43.10163347,56.65659986,71.36650323,85.74273007,99.06823192,110.7220114,120.5724341,128.4086302,133.8373888
Urgun,88.72618375,118.5399863,154.7959247,193.9473583,232.0754687,267.245903,297.892589,323.6382347,343.9452931,357.8506591
Tani,85.4406501,112.8532778,145.6269645,180.5486003,214.2815855,245.0485353,271.5671625,293.5884776,310.6991017,322.1223569
Khost (Matun),169.8557439,225.6271807,293.3869138,366.686438,438.3846074,504.7361837,562.8067765,611.9435045,651.1170985,678.421162
Bak,57.26367124,76.22335211,98.99154438,123.3839325,147.0898249,168.7949206,187.5782221,203.2934905,215.6512701,224.0516338
Sabari,89.76634743,119.1120074,154.6157126,192.7747488,229.7670078,263.7702016,293.3106898,317.9826163,337.2911896,350.3300502
Dand Wa Patan,88.27597463,113.5879644,142.6209181,172.5313279,200.8393599,225.8729677,246.7882438,263.5967372,276.0346476,283.6431809
Shawak,68.64931283,87.61752394,109.9106565,133.255932,155.3730349,175.3117439,192.3071613,206.0269681,216.1806019,222.3795666
Zurmat,68.50546127,91.26149949,118.8843378,148.6865755,177.6710686,204.3890818,227.6610232,247.1723225,262.5337969,273.0149811
Naka,68.72894184,86.94738563,108.4059044,130.9488751,152.3637168,171.7122787,188.26299,201.6198875,211.4977229,217.5028161
Azra,24.12698813,28.53516973,33.50261229,38.49116634,43.05031094,47.02996029,50.31959329,52.74837508,54.23156564,54.75630492
Alikhel (Jaji),76.59369505,93.98994901,114.0639856,134.7376546,154.0452818,171.2349772,185.7160083,197.0238768,204.8771856,209.0454689
Khoshi,59.32527015,76.58568745,97.34114194,119.5432071,140.9872828,160.6419637,177.6683292,191.7561564,202.5855139,209.6703809
Ahmadaba,89.88547654,115.8570799,146.8497302,179.7777854,211.4020917,240.2464434,265.1264984,285.584536,301.162189,311.199115
Charkh,88.94305835,115.9986751,148.297268,182.6041208,215.5244417,245.5162946,271.3522453,292.6188592,308.8865941,319.4574302
Saydabad,75.02127956,99.08927502,128.1130637,159.2189104,189.3024502,216.8942702,240.8151932,260.7283501,276.227936,286.60438
Sherzad,84.4958458,103.9299405,126.8604214,150.9740188,173.860455,194.4747129,212.0447339,226.1032068,236.3123656,242.2847464
Hesarak,32.54704833,41.1880343,51.37240164,62.07010502,72.23050664,81.40924589,89.25913667,95.59589715,100.2817769,103.1429308
Khogyani,177.9472196,226.4810404,284.6097514,346.6051031,406.2757279,460.7533275,507.7888649,546.4416165,575.8279293,594.6705266
Behsud,533.9050858,669.8015766,835.2745223,1015.996294,1195.817804,1366.468014,1520.629874,1655.42045,1767.222685,1850.515387
Chaparhar,232.7921188,313.4908707,412.1814433,519.3233432,624.1124999,721.1587193,806.0235901,877.7242588,934.7532605,974.3381386
Shinwar,225.9500596,303.4205811,398.1541133,500.9913641,601.6122814,694.8507596,776.4642123,845.484802,900.4494845,938.6838309
Durbaba,84.51930116,109.1800082,138.0742366,168.3801738,197.2518947,223.1618962,245.1426305,263.0782643,276.6397146,285.2762511
Paghman,315.8824212,386.3453097,469.1340798,556.2932829,639.8786977,716.4782081,783.2573986,838.332495,880.2206697,907.2829924
Chaharasyab,591.2222651,781.9421764,1012.072705,1258.852925,1497.591786,1716.578355,1906.39095,2064.462306,2187.5743,2270.114346
Dehsabz,74.58572836,98.27575406,126.910057,157.6921485,187.5733687,215.0767541,239.0129046,259.0533438,274.7599137,285.4246775
Bagrami,91.96153231,120.6979146,155.1995182,192.0200595,227.5014069,259.9404227,287.9794839,311.2043964,329.1358433,340.9860009
Khak-e-Jabbar,39.29812545,49.95492689,62.60942317,75.99000449,88.77744607,100.3889219,110.3660609,118.4840616,124.5651023,128.3591509
Kalakan,633.7063417,850.2268498,1114.212914,1399.99501,1678.77037,1936.317508,2161.05714,2350.292972,2500.111737,2603.343171
Shakardara,210.0622372,264.3722423,329.3566941,398.6846374,465.6419392,527.1190367,580.5683458,624.7560272,658.5771955,680.5756537
Surkh-e-Parsa,42.49745808,47.42472897,52.84450273,58.17635418,62.96088071,67.07149126,70.41894343,72.5847188,73.42525156,72.98489336
Guldara,243.5679614,301.1038487,369.2746785,441.2772147,510.0881613,572.6028487,626.3342062,669.6616549,701.4212402,720.3827379
Mirbachakot,738.7791577,985.9674793,1286.002076,1609.436111,1923.81313,2213.321368,2465.188728,2676.303789,2842.318587,2955.46881
Farza,200.8448216,250.6452362,309.6454565,371.9458708,431.44764,485.4642575,531.8625291,569.3805726,597.0728712,613.8524208
Estalef,308.0332197,383.5689306,472.7977334,566.7797697,656.3616239,737.5520166,807.2013865,863.3984855,904.736279,929.6233585
Charikar,478.1583758,578.4783973,698.2117858,826.9498029,953.6766537,1073.168803,1180.72307,1273.736137,1349.561825,1404.748833
Bagram,201.6823987,265.0938336,342.3275767,426.0884942,508.1627546,584.4993285,651.7018327,708.8380243,754.6337805,786.8605556
Saydkhel,606.9828411,787.5844243,1007.176964,1245.158721,1478.575314,1696.060121,1888.080574,2051.822411,2183.521447,2276.86739
Surobi,70.08206553,90.55009254,114.8977228,140.6708596,165.3301916,187.7406046,207.0035905,222.7806881,234.735901,242.372008
Hisa-e-Awal-e-Kohestan,562.0706965,709.1829724,881.6997976,1062.011258,1232.79389,1386.714443,1518.108754,1623.991032,1701.969242,1749.169743
Muhmand Dara,175.4024436,232.1462042,300.3529871,373.340392,443.9261385,508.4964745,564.310293,610.7850999,647.0091269,671.3329842
Goshta,69.49571201,91.39254082,117.60668,145.5589311,172.5106787,197.0942717,218.3021973,235.8839717,249.4770609,258.4953163
Rodat,132.7454274,178.1828236,233.6910609,293.9000505,352.7569844,407.2481956,454.9047914,495.1581735,527.1589664,549.3553671
Kama,301.6645078,392.5284695,501.2499645,617.0574746,728.5733191,830.5955871,918.9149573,992.1856119,1048.860921,1086.474677
Hisa-e-Duwum-e-Kohestan,631.3182959,835.0177379,1082.620497,1350.238272,1611.367001,1853.004852,2064.476864,2242.97189,2384.640681,2482.758585
Kohband,123.9734477,152.558792,185.9141613,220.6331088,253.390656,282.8151426,307.8389823,327.6646952,341.771701,349.6839525
Nejrab,153.7213085,182.4390736,214.9828893,247.9354105,278.2520947,304.8757757,327.0319756,343.5836972,354.0000268,358.1200862
Alasay,89.84233731,103.0851249,117.5236064,131.6065523,144.1346759,154.8148842,163.4410845,169.257906,172.0030466,171.7491799
Alishang,130.7977979,161.0284636,195.9270782,231.8854494,265.4984087,295.4479649,320.7108592,340.4992558,354.320301,361.7516309
Mehtarlam / Bad Pash,103.3131924,129.4757031,160.8546515,194.5880855,227.615299,258.4678568,285.8993714,309.340829,328.1942644,341.5841914
Rukha,53.56615689,57.83689972,62.31346452,66.51471999,70.12200988,73.10065997,75.43198422,76.5236262,76.19127512,74.5616592
Dawlatshah,29.67319599,32.28703996,35.02694924,37.59919114,39.80964963,41.6324581,43.0605983,43.77454461,43.67120882,42.82820153
Duab,12.47472501,13.2168959,13.96520913,14.63766226,15.19386033,15.63212908,15.96404027,16.04083944,15.81138161,15.3170514
Khaskunar,97.10670653,122.1326668,150.9635215,180.6795152,208.5044491,233.0886696,253.6497185,269.9433098,281.6854991,288.4669248
Kuzkunar,172.2046305,223.8645622,285.4328959,350.7267325,413.2976377,470.2508535,519.276175,559.5753101,590.3251079,610.2222669
Nurgal,70.90387399,83.77897534,98.00351911,112.0347479,124.6366895,135.4653005,144.2734364,150.5732049,154.1522136,155.0204135
Asadabad,335.7871802,398.2842866,468.4163481,538.9257822,603.5868321,660.4167815,707.8613164,743.972044,767.7885431,778.8495215
Watapur,33.21691178,37.56432165,42.2639015,46.81823664,50.85068924,54.27764094,57.04449093,58.87329764,59.66482057,59.46173134
Shigal Wa Sheltan,41.59064775,47.72922659,54.32789006,60.67810057,66.26097894,70.93554542,74.64073026,77.07536233,78.13609599,77.87251768
Ghaziabad,32.14085058,35.87961385,39.79768958,43.47311985,46.61202874,49.19253543,51.20930027,52.34514795,52.52175064,51.80241608
Reg,1.157589246,1.549446809,2.039579044,2.583620875,3.091344458,3.589913753,4.007847656,4.367285765,4.631387138,4.842808315
Nawa-e-Barakzaiy,89.16751435,120.0269627,157.7724719,198.7725157,238.8709424,276.0251161,308.5283186,336.0021373,357.8642397,373.066098
Sangin,62.15749478,83.3007566,109.0745416,136.9461323,164.1259929,189.2265657,211.1215593,229.5477376,244.1274174,254.1541483
Musaqalah,28.35127957,38.09224749,49.97206203,62.84915671,75.43725538,87.08392974,97.25499389,105.8373379,112.6525209,117.3611635
Koran Wa Monjan,1.979116216,1.998934813,2.020097859,2.038624299,2.052637123,2.062577993,2.068095516,2.051649783,1.971964507,1.887931867
Poruns,3.469580067,3.510277751,3.550484092,3.584703911,3.612049175,3.633309414,3.648557894,3.612430126,3.49844398,3.332954688
Ghorband,61.5875371,71.37464684,82.31323782,93.24465791,103.1789421,111.8123202,118.9212309,123.9938979,126.8304199,127.4268348
Batikot,383.4946492,509.734326,663.0228178,828.4013347,989.3767686,1137.8951,1267.406347,1376.240148,1462.11905,1520.98767
Achin,150.3712619,189.9705819,236.5379893,285.4838106,332.0467863,373.9515003,409.675235,438.7444455,460.5787308,474.2763948
Kot,131.4366612,172.4488778,222.2004362,275.9467897,328.4143342,377.0296377,419.6540347,455.6906244,484.3140326,504.181871
Balamurghab,11.82013441,15.63607614,20.25930745,25.21267375,30.01873551,34.427848,38.24716082,41.43714836,43.92813996,45.61761146
Jawand,7.656273669,10.03356238,12.87871105,15.90139904,18.81712286,21.48292775,23.78309288,25.68957168,27.15477432,28.11850159
Qaysar,47.50421587,62.3725522,80.23078816,99.29796358,117.690125,134.5125169,149.0656976,161.1355024,170.4633196,176.6385055
Khwajasabzposh,85.40503924,114.8208204,150.7526142,189.713687,227.7815356,262.9966561,293.7711953,319.7423189,340.3629986,354.6333954
Qushtepa,47.40789845,63.8398731,83.92433355,105.7323057,127.0632914,146.8203866,164.0950213,178.7001454,190.3191307,198.387272
Dawlatabad,36.93223486,49.72437646,65.33857675,82.30348897,98.88719303,114.2616776,127.6979779,139.0566744,148.0859876,154.3623861
Andkhoy,21.25482471,28.24153098,36.7842681,46.07911025,55.20740572,63.71775025,71.20832081,77.58138784,82.7082896,86.33372708
Qarqin,52.97506959,70.71776737,92.25774999,115.5359052,138.1981566,159.1097797,177.3318253,192.6586082,204.7829148,213.1267779
Sancharak,79.83856925,104.2739099,133.5806239,164.8196591,194.9085763,222.4084929,246.1708116,265.8171502,280.9434013,290.8718679
Sozmaqala,66.71748038,89.34168853,116.8896674,146.6713695,175.6968773,202.4917501,225.8650606,245.5184459,261.0549623,271.7282507
Qala-e-Zal,31.91513999,42.35877193,55.04381998,68.73081336,82.06832595,94.38182564,105.1401914,114.2161524,121.4174146,126.38821
Kunduz,389.5010338,513.5938304,665.2429492,830.1924631,992.267297,1143.357114,1276.6508,1390.356323,1481.924284,1546.854358
Andarab,20.36033228,24.7319661,29.79543535,35.01527619,39.89937986,44.25240335,47.93002358,50.78755637,52.74865505,53.76229234
Khenjan,16.5286508,18.45298669,20.60272723,22.74992408,24.70088399,26.4004514,27.80116818,28.74178736,29.15723939,29.06497764
Ruy-e-Duab,16.03814382,20.46143219,25.73150015,31.31671436,36.66517579,41.53503049,45.72761637,49.15404564,51.7365759,53.36782794
Tala Wa barfak,7.22972624,7.999277829,8.84968835,9.693702763,10.45706211,11.11311648,11.65432099,11.99935476,12.12646083,12.03829839
Khwajahejran,33.49005931,42.37470479,52.76669611,63.59442779,73.80832856,82.97103328,90.74986433,96.97144038,101.5059122,104.1892365
Guzargah-e-Nur,15.25733388,16.30611804,17.37512269,18.34785109,19.15482554,19.80280997,20.29180811,20.44974698,20.22889375,19.66902683
Chal,46.05846998,58.91056586,74.18313422,90.33770707,105.7984162,119.8685085,131.9719612,141.8770109,149.3728149,154.1332801
Dasht-e-Archi,110.3252447,148.0930217,194.1506341,244.0361789,292.7211247,337.7213612,377.010255,410.1191765,436.3556971,454.451218
Bangi,74.90420175,99.77739578,129.9508356,162.462397,194.0647825,223.1678982,248.4975601,269.7306223,286.4272948,297.8044998
Hazarsumuch,103.6991569,139.1438589,182.3528472,229.1140797,274.72215,316.8578049,353.61637,384.5701545,409.0699604,425.9487664
Dasht-e-Qala,66.19868151,87.62750943,113.31113,140.8372331,167.4896251,191.9455703,213.254801,231.1865743,245.382349,255.168075
Rostaq,87.7442558,116.1311207,150.3848237,187.1279217,222.6788015,255.3053024,283.6054646,307.1872472,325.5639126,337.9071233
Khwajabahawuddin,66.48594982,89.36192062,117.3150319,147.6102901,177.2036774,204.5820634,228.5205341,248.7220501,264.7660914,275.8808592
Yang-e-Qala,60.59884402,80.3578764,104.1033582,129.5788726,154.259791,176.9421633,196.7091176,213.3691258,226.5631181,235.6690156
Yaftal-e-Sufla,64.16771983,84.28492949,108.391448,134.073557,158.77707,181.3236661,200.7848807,216.8693383,229.2532512,237.4003539
Kohestan,18.38871632,23.88794147,30.42643192,37.33341355,43.93489042,49.92385995,55.0655342,59.27375655,62.46379041,64.50242184
Khash,21.0966463,24.18226987,27.54830521,30.84109459,33.76725769,36.26747067,38.29382308,39.66709673,40.31839801,40.27169795
Baharak,86.74512446,114.2517966,147.43681,183.0316941,217.4829103,249.1187565,276.5635935,299.4208244,317.2172564,329.129359
Keshem,28.7583575,36.28190896,45.15904906,54.48224109,63.35632001,71.38074086,78.25855236,83.81493577,87.92623579,90.43085316
Dara-e Suf-e-Bala,25.17070873,31.40874867,38.7345971,46.40759078,53.68041939,60.23509678,65.8255212,70.30284007,73.56029278,75.47504785
Aybak,54.37899631,71.92152194,93.1117462,115.8635607,137.9130188,158.18486,175.791085,190.5043105,202.0162147,209.7982001
Yamgan,16.51973787,17.26019984,18.03151082,18.74753352,19.35995735,19.86271172,20.25407464,20.32716444,20.0127455,19.36849946
Warsaj,7.786137964,7.955919812,8.125876772,8.276056935,8.398576878,8.496307774,8.56739438,8.506853112,8.286630654,7.929925552
Baghran,20.10083018,25.81462611,32.5469403,39.60942096,46.31029512,52.35941075,57.51841262,61.70028334,64.81215053,66.73966345
Pasaband,16.45276542,21.38166111,27.26050895,33.48801803,39.45616531,44.88423906,49.55647715,53.39220951,56.31293573,58.20034912
Chora / Chinarto,12.17798911,15.47469537,19.33644249,23.37702443,27.19400904,30.63339246,33.56134798,35.91582638,37.64768516,38.6925258
Kajran,24.93693757,31.99571519,40.31527351,49.04384357,57.328004,64.80710484,71.19299582,76.36209388,80.21247384,82.60029843
Nili,18.5867342,23.41146805,29.04710611,34.90429796,40.41796105,45.36401078,49.55822854,52.90352343,55.32959091,56.74530542
Kiti,21.30026203,26.60300529,32.78968485,39.22566854,45.29069181,50.73276484,55.35564909,59.03434044,61.6817364,63.21192269
Khadir,19.44670096,24.56935132,30.51344636,36.65857602,42.41184242,47.54154501,51.87073929,55.30270721,57.76086043,59.17548299
Sang-e-Takht,19.02882081,23.6143567,28.85921013,34.20174399,39.14449489,43.50035409,47.13613382,49.94417103,51.86981113,52.86323175
Gizab / Patoo,14.71754521,17.85703198,21.42583765,25.04836088,28.38591293,31.32452788,33.77523212,35.64082117,36.87531384,37.45075611
Shahrestan,24.97247746,31.09169961,38.15346432,45.42057142,52.20290032,58.23104647,63.30791581,67.29030683,70.09229443,71.62471665
Ajrestan,14.05622361,16.53826131,19.38142383,22.29015968,24.99356364,27.38783059,29.40078792,30.91335064,31.87576141,32.27084733
Ghorak,16.327465,21.5759447,27.9099551,34.68222574,41.22015286,47.21434117,52.40786563,56.73155314,60.08881044,62.34217437
Washer,3.290677668,4.399940055,5.795777555,7.286638288,8.735209032,10.08746598,11.26485463,12.26436797,13.04851093,13.60459149
Khashrod / Dularam,3.284306092,4.40623201,5.798844526,7.310884211,8.779297879,10.14907564,11.3182594,12.33537903,13.14562163,13.69951631
Nawzad,17.04602355,22.62610261,29.36626284,36.62185287,43.66192025,50.12836934,55.75089237,60.45393548,64.13365485,66.62018161
Nahr-e-Saraj,58.04633095,78.16638437,102.7990841,129.5375236,155.6997365,179.9267861,201.1259809,219.0438715,233.3037623,243.211781
Kajaki,33.84178253,44.78716816,57.99436821,72.16655702,85.88363083,98.47410961,109.3922695,118.4997912,125.5985717,130.3661016
Khasuruzgan,22.2330407,27.74618876,34.14949916,40.78268271,47.00771327,52.56918989,57.27241633,60.9931519,63.64449022,65.14619743
Surkhrod,320.2256024,414.8824252,529.1722124,652.2075282,772.1268637,883.1948306,980.6897495,1063.083765,1128.508333,1173.917524
Nad-e-Ali / Marja,25.30576153,34.06887784,44.80042714,56.45126884,67.84392124,78.42285911,87.65611522,95.47608671,101.6924019,106.0083201
Gulestan,4.008393541,5.190420099,6.610496805,8.11310633,9.565146539,10.87962046,12.01254697,12.95866209,13.67117392,14.13375118
Qadis,18.70028305,24.94153694,32.51862561,40.68942377,48.63436461,55.96532025,62.3379807,67.69039928,71.90542699,74.77374299
Ghormach,22.47905255,30.00034873,39.15490003,49.034067,58.65704852,67.54530815,75.28192935,81.80075324,86.93394588,90.47006133
Maywand,27.61532148,37.08088663,48.62385819,61.14489715,73.37149509,84.66585332,94.55424058,102.8820944,109.4925839,114.0541062
DoLayna,9.61379892,12.69811526,16.41907926,20.42110209,24.28573126,27.8399921,30.92767163,33.49813971,35.50364438,36.85489607
Qala-e-Kah,5.719383593,7.60908019,9.885298603,12.33906441,14.71634786,16.923177,18.81872313,20.42545774,21.6805581,22.5423087
Shibkoh,10.13129177,13.59705633,17.83478282,22.42758319,26.89962722,31.05754447,34.67385961,37.74325986,40.16021201,41.84687211
Kang,21.89419025,28.13434796,35.44593849,43.21326289,50.69036966,57.44556165,63.21851941,67.97071394,71.69240718,74.23350351
Zaranj,39.85527338,53.04213208,68.98346054,86.21087116,103.0106127,118.4430287,131.8737161,143.1528141,152.0750343,158.2537925
Spinboldak,8.658388208,11.53274021,14.96072083,18.66948831,22.25406786,25.56086388,28.40368835,30.80048942,32.69209015,33.95441569
Arghestan,9.323251539,12.4281762,16.15631481,20.20436049,24.12285485,27.71767412,30.85964531,33.47546549,35.54463684,36.96310593
Maruf,9.910186118,13.10019044,16.86483152,20.8978073,24.7895565,28.319449,31.3696219,33.89309007,35.86306308,37.19428388
Atghar,7.621003742,10.2596792,13.47640525,16.98375615,20.40511972,23.57270635,26.3333617,28.66692755,30.53459442,31.82387232
Malestan,38.1328163,45.15029859,53.11562936,61.19027431,68.62963815,75.16897903,80.61979712,84.6887108,87.24897357,88.25425679
Shomulzay,13.85736384,18.58874378,24.32198226,30.55388029,36.60859773,42.20353912,47.08583975,51.18995755,54.45274154,56.70402314
Turwo,7.72006121,10.31061106,13.42741935,16.81429242,20.08511836,23.12369763,25.76049794,27.96685686,29.70300063,30.89720013
Wormamay,1.254062306,1.647799769,2.114114534,2.609645109,3.090106381,3.52444279,3.901958454,4.209265432,4.440329017,4.606032135
Abband,21.74648015,29.26373238,38.45637237,48.44317455,58.20267182,67.24520907,75.15994953,81.82082958,87.13438799,90.82197167
Dila,17.42035832,23.37654874,30.68279257,38.59122269,46.32161317,53.48568519,59.74962515,65.02885544,69.23935982,72.14592697
Bermel,28.08145151,37.21315764,48.12442727,59.74603202,71.01823887,81.29017234,90.14692176,97.5361511,103.3084169,107.2005552
Gurbuz,62.02889561,81.63553051,104.8997737,129.6247396,153.5607519,175.3478594,194.0956352,209.7159701,221.9181594,230.1385211
Jajimaydan,67.11117247,87.42364801,110.9610338,135.4754123,158.9394788,179.8771035,197.5487461,211.981393,222.954177,230.0042102
Nazyan,91.07283702,117.4907133,148.4665575,180.9740581,211.9843442,239.8256697,263.4657089,282.7586294,297.3737669,306.6924858
Lalpur,38.1232304,49.26294771,62.11405195,75.4221784,88.05968877,99.28472117,108.7055917,116.3188976,122.0184189,125.5711044
Sarkani,40.56198945,49.4749342,59.48964521,69.59823403,78.91462178,86.98682891,93.61627448,98.72313252,102.2240856,104.0224301
Dangam,47.13338343,53.23915521,59.32469656,64.82213016,69.31998181,72.51194063,74.52477844,75.40144763,75.14419375,73.85833216
Nari,20.54045277,22.49317707,24.43930018,26.17962149,27.57898094,28.57482514,29.22542607,29.41797983,29.12208342,28.39078525
Kamdesh,8.665070714,8.985101616,9.30633535,9.594683303,9.827165127,10.00060386,10.12137429,10.08997868,9.870739534,9.485624491
Pachieragam,91.02500233,111.7097642,135.7951262,160.879038,184.537991,205.6988788,223.6129889,237.8325346,248.0102079,253.7765563
Farah,29.56274366,39.60420421,51.8433735,65.09189558,78.02902702,89.98692138,100.4390821,109.2587857,116.2443807,121.0686261
Chakhansur,3.67587964,4.93114176,6.47850913,8.157453988,9.795050988,11.30524777,12.63493636,13.78263407,14.6822152,15.28858223
Charburjak,2.079128387,2.772716891,3.571723411,4.466765211,5.354761371,6.134929295,6.83490005,7.426077873,7.875832648,8.184463687
Deh-e-Shu,2.180477182,2.932747414,3.80398844,4.783190925,5.758474079,6.617817219,7.391877615,8.048562632,8.549904815,8.894964682
Garmser,5.392398015,7.250073655,9.5049156,11.98300422,14.37440754,16.61606854,18.55198065,20.21461595,21.50218924,22.42683827
Shorabak,3.963108238,5.147202677,6.500616053,7.916156705,9.259488019,10.42961045,11.4165984,12.2394642,12.84155332,13.24983869
Gomal,2.840125776,3.75844159,4.870714313,6.064684603,7.216369828,8.262669948,9.186607292,9.952380249,10.55178803,10.9474948
Lash-e-Juwayn,5.407726838,7.184642358,9.33659947,11.65452675,13.89443965,15.9663083,17.77230972,19.28464775,20.47220303,21.3018389
Terezayi,70.45188208,93.03354414,119.7817119,148.1351857,175.5518288,200.430298,221.7629666,239.4704582,253.2462783,262.4554936
Barg-e-Matal,3.75441696,3.793925448,3.832072739,3.865542675,3.882818741,3.882420437,3.867858404,3.802644841,3.664012631,3.478815062
Mandol,7.328547261,7.498903905,7.669439922,7.817367806,7.939948704,8.036530069,8.108161949,8.062210064,7.849464121,7.509649359
Shinwari,107.6663166,124.1405517,142.4251076,160.6041392,177.0946499,191.4296996,203.2787345,211.8703737,216.8797401,218.3019727
Khak-e-Safed,15.76847175,20.65425377,26.53275468,32.82526835,38.89611367,44.45396245,49.26520104,53.26557733,56.35790027,58.40788234
Anardara,2.822210487,3.767948501,4.898832116,6.139607755,7.338991481,8.443728811,9.407447289,10.22849152,10.87390173,11.30853449
Gulran,10.50744652,14.0311498,18.29377238,22.88865313,27.37460117,31.53193101,35.13473641,38.17651922,40.58299307,42.24053045
Kohsan,10.39071841,13.87528407,18.10856845,22.67570264,27.15576683,31.29481283,34.91723379,37.96887258,40.3919473,42.08041029
Kushk,24.76990524,33.2213158,43.51059641,54.66618077,65.56218113,75.62874952,84.41798349,91.83825644,97.73770103,101.8178272
Kushk-e-Kohna,23.73792762,31.73921085,41.48872349,52.02494094,62.28767623,71.7587693,80.0255473,86.9839403,92.47191128,96.24485263
Ghoryan,9.068249893,12.17536632,15.95254749,20.06037228,24.06974434,27.76405779,31.00176165,33.73605035,35.91662204,37.41941987
Adraskan,3.987025935,5.319981952,6.950000087,8.708966331,10.42004018,11.99420431,13.3729205,14.55115197,15.47079362,16.09011486
Muqur,32.62915114,43.53424564,56.77493599,71.06086978,84.96104365,97.77712683,108.9369168,118.3072887,125.6980336,130.7537128
Almar,18.59979975,24.87454935,32.50244069,40.74047772,48.78935907,56.209264,62.67619722,68.14425726,72.46105532,75.46377667
Shirintagab,32.20861097,43.20702958,56.63447677,71.18528618,85.41635839,98.56637473,110.0488023,119.7577817,127.4598667,132.8078342
Qaramqol,9.792880271,13.14302072,17.21988898,21.64022738,25.95971827,29.9654885,33.45950153,36.40238191,38.74954369,40.392896
Qorghan,48.8477732,65.27498699,85.27140919,106.9093623,128.0318969,147.5742753,164.6244773,179.021723,190.4724743,198.4114585
Khan-e-Char Bagh,22.92761684,30.79933598,40.40844514,50.84137902,61.02460812,70.48012439,78.74009484,85.73106063,91.28381596,95.15318902
Shiberghan,58.9561219,78.17636463,101.6870615,127.2801852,152.4209292,175.8556019,196.5079312,214.1079426,228.2706363,238.2857052
Fayzabad,63.81650578,83.9403922,108.2505863,134.3715642,159.7181084,183.0313534,203.3164707,220.2793305,233.5592928,242.5424085
Khamyab,16.07915316,21.37504063,27.77396041,34.69609283,41.41827808,47.60907695,53.00806018,57.54627265,61.14348798,63.62231068
Shortepa,38.38460057,49.63101745,62.97588155,77.13571011,90.78407369,103.1998641,113.9024011,122.8049243,129.7426651,134.4276256
Kaldar,40.96885315,54.51498086,70.93516088,88.64801909,105.8857602,121.7800541,135.6404127,147.2921206,156.5041859,162.8528869
Khulm,37.57147467,50.27650689,65.74854531,82.52752777,98.8976174,114.0368033,127.2889943,138.4628874,147.3448795,153.4799409
Yakawlang,10.80700185,11.73450398,12.78605848,13.85238045,14.83617716,15.70506727,16.43013381,16.89753625,17.04560848,16.8947338
Sayad,41.2276105,55.11855292,72.01831138,90.25905075,108.0271821,124.4044387,138.6777387,150.6726682,160.1385299,166.6205557
Emamsaheb,121.50183,160.931711,208.3944705,259.3811181,308.8314918,354.2966978,393.9313371,427.2871055,453.6946957,471.8919869
Darqad,37.97711352,49.31727305,62.61785939,76.67557582,90.14633928,102.3836267,113.0306018,121.9955864,129.1098642,134.0406542
Chahab,41.65743579,54.33586701,69.3527708,85.26725955,100.5392318,114.4408485,126.4798765,136.5173244,144.3479799,149.6156786
Shahr-e-Buzorg,53.76989677,69.13740778,87.29436087,106.4200794,124.6341233,141.1309806,155.285273,166.8588018,175.6084877,181.1749527
Khwahan,6.509372601,7.485282229,8.52069141,9.514880671,10.39767194,11.13823185,11.7532679,12.19410756,12.45446814,12.52554762
Kofab,5.464498383,5.705869539,5.955812222,6.183565589,6.378035293,6.534530872,6.657657572,6.677729441,6.577337113,6.373320971
Shaki,5.883689837,6.045406801,6.175517532,6.255423412,6.294018649,6.299995624,6.294546146,6.206132115,6.022929485,5.749854595
Darwaz,5.57120808,5.720716956,5.85122879,5.954751091,6.028547722,6.073413669,6.100304458,6.043292318,5.880562377,5.622911308
Darwaz-e-Balla,5.21736611,5.397162785,5.548446037,5.656162214,5.7209759,5.754492076,5.765602724,5.707529969,5.557146809,5.324521348
Shighnan,4.941487717,5.252869142,5.579283856,5.887147292,6.151478981,6.371313599,6.544917678,6.625240458,6.579954207,6.440295555
Zebak,4.348153698,4.483723235,4.624603652,4.757976527,4.862120214,4.937030056,4.985070136,4.956286073,4.842786722,4.653063463
Eshkashem,5.094160283,5.363871276,5.623384948,5.845412528,6.020985656,6.151799832,6.252266705,6.269514169,6.190671068,6.026326151
Wakhan,1.092328199,1.108689616,1.12175281,1.128270143,1.128049138,1.121198851,1.11088815,1.095925812,1.050016228,0.998690224
Khwajaghar,95.29985543,127.3531847,166.2406346,208.2186118,249.0936517,286.7996829,319.6951104,347.4226768,369.3999353,384.5716993
Marmul,44.50713062,57.48584722,73.17338954,90.11230269,106.6591477,122.0438185,135.609341,147.1262217,156.3333261,162.7940656
Nahr-e-Shahi,236.9087391,294.615978,365.3139334,443.1729391,521.4475611,596.5568405,665.2276853,726.1151972,777.48737,816.7163249
Lashkargah,49.5700306,66.43559274,87.08277033,109.5158551,131.4749175,151.8675658,169.7500222,184.8970688,196.9945752,205.4441001
Pushtrod,27.46794886,36.65084962,47.8335327,59.92758772,71.72529621,82.61737173,92.12830318,100.1469957,106.483002,110.8519409
Bakwa,9.365009443,12.44403003,16.17462398,20.19533273,24.08398802,27.67494746,30.78351051,33.40663569,35.44431825,36.83122923
Kandahar / Dand,500.8218416,644.0632557,819.0848456,1010.077803,1199.078474,1376.938574,1535.778504,1673.094301,1785.509958,1867.452957
Zheray,21.04573459,28.25917083,37.08342891,46.64898955,55.99153048,64.65265149,72.21400709,78.61356171,83.68891187,87.20896591
Khakrez,17.5866807,23.48842982,30.65956122,38.39097025,45.91435308,52.86254454,58.91618059,64.00315923,68.01031654,70.74689404
Daman,19.4908287,25.48072291,32.76655047,40.63617826,48.33457446,55.49409584,61.78629179,67.11702179,71.38908402,74.37823814
Nesh,8.455894045,11.04731121,14.14157948,17.42910187,20.58955061,23.46990296,25.96288059,28.00871145,29.57833523,30.5996304
Shahwalikot,21.12617858,28.12430898,36.61870121,45.79993351,54.73767242,62.98904572,70.18750122,76.23610372,81.0108852,84.28945422
Miyanshin,14.19570573,18.46697499,23.55957798,28.96001475,34.12471925,38.82050831,42.85635561,46.1683052,48.68885035,50.31019363
Dehrawud,28.78228288,37.41570392,47.68719351,58.55842135,68.9630465,78.41647697,86.54009002,93.19778932,98.26078611,101.5136952
Shahid-e-Hassas,27.67119176,36.08518853,46.10430938,56.71143583,66.86087474,76.07826302,83.99811844,90.49469177,95.43715529,98.62260943
Tirinkot,36.48051555,48.23543828,62.43704266,77.67403017,92.42988843,105.9922941,117.7610452,127.5843701,135.2571601,140.4256851
Tarnak Wa Jaldak,9.258066921,12.36669017,16.1383058,20.23981933,24.20194966,27.87218865,31.07626198,33.7610118,35.89619056,37.3386797
Mizan,12.83733022,16.85292823,21.67094238,26.80160146,31.74088193,36.25449716,40.15258127,43.37409237,45.85985425,47.49858751
Daychopan,18.23204036,23.21683748,29.09077549,35.25227963,41.10160836,46.3774916,50.88446862,54.52106368,57.21762684,58.86555972
Qalat,15.01673838,20.08461463,26.29348018,32.99980268,39.55491992,45.62146999,50.94498207,55.41592027,58.97862493,61.44242457
Kakar,15.15387662,19.44117194,24.53283417,29.90760439,35.03797772,39.68964476,43.68175582,46.93834471,49.38328566,50.92129335
Shahjoy,34.99906871,46.85303204,61.29207328,76.8943443,92.09208583,106.1321443,118.3658936,128.659342,136.7888192,142.3743298
Shinkay,12.44113338,16.66405402,21.81869379,27.41148988,32.84158448,37.87130633,42.25767707,45.96078054,48.87862624,50.89667236
Nawbahar,11.89524966,16.00433591,21.05419174,26.52269542,31.8599508,36.82395255,41.14731114,44.80466721,47.73421061,49.75464038
Jaghuri,67.78636718,84.44700248,103.9324827,124.2436408,143.4187565,160.6470756,175.2904845,186.9557917,195.3622678,200.2160309
Gelan,52.01266899,68.76255157,88.98752366,110.6903516,131.7024713,150.9848988,167.7309802,181.6773693,192.5614879,199.8722694
Qarabagh,112.7118727,148.556232,192.0290993,238.8843831,284.4388721,326.4351323,363.0100784,393.6419086,417.6789271,434.0028821
Andar,112.343529,151.2310788,198.7848791,250.3931754,300.86054,347.5955785,388.4521368,422.9680013,450.4110636,469.4569161
Waghaz,67.47971215,90.40700695,118.3459912,148.5901242,178.0851328,205.3479695,229.1313539,249.1656291,265.0123655,275.9250367
Walimuhammad-e-Shahid,61.74534959,82.93715559,108.7962373,136.8111101,164.1545035,189.4318066,211.4986633,230.0929605,244.8344405,255.0074931
Jaghatu,51.82160135,67.18923187,85.58481378,105.17728,124.0297275,141.2412317,156.099708,168.3521077,177.7260503,183.8264028
Dehyak,149.5736487,200.2927426,262.2548647,329.4847099,395.2348982,456.1542371,509.4794238,554.5669566,590.4582443,615.4275677
Ghazni,3161.974872,4193.852828,5455.593375,6827.553733,8173.954759,9426.687878,10529.07508,11466.99641,12219.83826,12750.72828
Zanakhan,50.54196919,67.3315773,87.69591058,109.6434658,130.9615197,150.5895849,167.6686589,181.9778464,193.2155995,200.8659032
Nawur,13.26176655,15.60175206,18.32608525,21.15775929,23.82778423,26.22381285,28.26259813,29.82849314,30.87490442,31.35815094
Nawa,11.37457693,15.14143701,19.76352832,24.75101435,29.60888103,34.1210164,38.04490081,41.34926194,43.9847755,45.7818301
Wazakhah,7.8011703,10.50575039,13.80039538,17.39717214,20.89993746,24.16839701,27.02639142,29.43968081,31.35501677,32.68727435
Zarghunshahr,41.24224688,55.08469798,72.01248182,90.42194903,108.4819666,125.2598923,139.9986809,152.5133781,162.5301729,169.5562286
Yahyakhel,35.4632893,47.75335455,62.77573378,79.09832588,95.05883387,109.8396056,122.782761,133.7117489,142.4043499,148.4512704
Omna,25.9549695,34.85887184,45.71183944,57.48583592,68.96779574,79.59230686,88.87154786,96.69003603,102.8855714,107.1715837
Ziruk,70.78022225,92.24713697,117.795367,144.8410456,170.7150897,194.221227,214.4015818,230.9620254,243.5534396,251.6598651
Sarrawzah,33.0568596,43.90856679,57.08181506,71.31147563,85.15317307,97.91148964,109.0330256,118.3588967,125.7018598,130.7020234
Sharan,63.21185591,84.67570681,110.907169,139.3712677,167.199101,192.9856075,215.5556523,234.6346109,249.8293697,260.3993352
Yosufkhel,51.51952766,69.31855897,91.10073482,114.7387373,137.8587406,159.2445401,177.9658639,193.7634563,206.3296541,215.0556836
Matakhan,60.50281897,81.42836643,107.0274162,134.8100579,161.9893537,187.1811633,209.2129071,227.8438247,242.6658435,252.9676068
Spera,45.15993786,57.93935878,72.83642167,88.34385934,102.9989499,116.1154097,127.2109785,136.1398267,142.7369159,146.7463223
Mandozayi,247.3483145,332.1185979,435.5501416,547.6108525,657.006917,758.1610445,846.4934719,920.9588268,979.9820534,1020.751698
Shamal,60.60694384,77.79252733,97.9888883,119.111217,139.1033367,157.0960042,172.4257806,184.7857793,193.9428509,199.5547341
Nadirshahkot,37.98541086,49.05547113,62.17576831,76.01895048,89.22753826,101.1988729,111.4638612,119.8449835,126.1629369,130.1677235
Musakhel,88.41051347,112.5427133,140.9255266,170.6541227,198.829409,224.240655,245.9268886,263.4240061,276.3627477,284.2517456
Qalandar,44.34078059,55.44168065,68.26840961,81.47986375,93.81167027,104.7786516,114.0130526,121.2827498,126.4211125,129.2762457
Chamkani,86.34770899,109.6588267,136.8379843,165.0793211,191.6824972,215.4996637,235.6790091,251.8142086,263.577317,270.5485725
Lija Ahmad Khel / Laja Mangel,52.94456712,64.80961912,78.27160788,91.90775636,104.4457805,115.4479232,124.5970854,131.576174,136.220933,138.4285334
Sayedkaram / Mirzaka,107.2751693,139.727522,178.5722481,219.9706673,259.8184839,296.2222258,327.6701953,353.6493786,373.6042575,386.6748011
Zadran,53.95387262,68.2921715,84.9762025,102.2823029,118.5352258,133.0675721,145.3702737,155.1685156,162.2577488,166.396757
Kharwar,75.87785857,99.59235379,128.0265219,158.3519608,187.5472492,214.2250581,237.2636365,256.3277332,271.0251946,280.7109033
Gardez,75.63098791,98.63749031,126.6109898,156.9153568,186.628668,214.2986248,238.705864,259.5016992,276.1987005,288.0030438
Barakibarak,185.9216851,245.4239646,317.5375202,395.2740595,470.9089503,540.7532739,601.7322008,653.0241644,693.5222595,721.350347
Pul-e-Alam,84.95711668,112.3868572,145.6488368,181.4978944,216.373809,248.5449515,276.6011063,300.1682038,318.7354133,331.4343602
Mohammadagha,69.44680231,91.27718302,117.6615773,146.0076832,173.4777348,198.7311731,220.6552541,238.9334676,253.1635957,262.7061384
Nerkh,59.41162928,76.78860614,97.50879383,119.4984211,140.575401,159.7765999,176.3075353,189.8814873,200.2148248,206.8662746
Maydanshahr,110.4579977,136.4669507,167.1534633,199.5387784,230.6283961,259.1237248,283.931657,304.4679819,320.2229184,330.5582697
Jalrez,37.0901953,41.57507996,46.60291387,51.64790985,56.25527209,60.28708922,63.62918965,65.91653882,67.01661097,66.94390699
Chak,49.36868301,63.64188278,80.60192133,98.5352036,115.6810105,131.245054,144.6113605,155.539651,163.7946292,169.0384565
Daymirdad,27.82933058,34.62836105,42.59761692,50.92219068,58.79025471,65.8746744,71.9042529,76.71418864,80.18827655,82.20299568
Hesa-e-Awal-e-Behsud,32.06530005,36.24478042,40.95475969,45.70063029,50.04649801,53.85007148,57.01082765,59.21630961,60.34558594,60.41610386
Markaz-e-Behsud,36.28515833,44.09207633,53.28967576,62.95843592,72.15937698,80.48875449,87.61820184,93.29327676,97.34784,99.62861899
Dehbala,71.23843998,90.19633432,112.6625531,136.4202455,159.0911829,179.563568,197.0736146,211.3374845,222.0587115,228.785094
Jalalabad,826.6939662,979.3178458,1166.668978,1376.078396,1592.398983,1806.896473,2010.611696,2198.251136,2363.431644,2497.531052
Miramor,25.95066047,30.28137872,35.08266814,39.83778766,44.12373274,47.8189842,50.83790791,52.97710248,54.16084856,54.39086185
Ashtarlay,19.50408553,24.71278197,30.76918573,37.045974,42.93778639,48.20043696,52.65098872,56.19007172,58.74530513,60.23561146
Waras,30.73527057,37.92970031,46.22591964,54.75745481,62.71917382,69.79626174,75.75345099,80.4121789,83.65227737,85.38328295
Panjab,29.19594878,34.12079314,39.64506014,45.18120013,50.22623109,54.62550497,58.25703958,60.89204932,62.43390571,62.86903052
Bamyan,30.56620956,36.00256356,42.42259931,49.18051525,55.62836611,61.47633603,66.49759732,70.43097582,73.1401602,74.53532626
Sayghan,12.58813821,15.1446954,18.13462738,21.24834962,24.19172672,26.8376765,29.08660426,30.85010696,32.06840791,32.70736619
Musayi,168.167337,222.5446328,288.1051593,358.3361954,426.2257914,488.4437003,542.3489808,587.1952268,622.0892121,645.4495241
Kabul,6646.032826,8535.771236,10826.6387,13305.27258,15735.74428,18002.04531,20006.38994,21717.41237,23095.00828,24073.75296
Koh-e-Safi,26.01795075,33.83549948,43.13950235,52.99509801,62.43360687,71.01561769,78.38851955,84.44255509,89.0493489,92.01572128
Jabalussaraj,508.2051279,614.4077481,737.9165366,866.8825113,989.9381282,1102.425565,1200.443452,1281.112103,1342.232923,1381.524934
Dara-e-Nur,127.0214605,147.8167816,170.7067392,193.2426715,213.4506323,230.7933433,244.904309,254.7927568,260.064186,260.7876036
Mahmud-e-Raqi,406.0502342,532.5121514,684.2788468,846.260662,1002.398927,1145.232935,1268.763209,1371.211722,1450.456689,1502.993715
Tagab,49.04464601,59.01857363,70.63926878,82.71046039,94.08465483,104.2852133,112.9464637,119.7094414,124.3626747,126.7769232
Qarghayi,121.4292334,158.1920093,202.1126565,248.8257124,293.7209471,334.6859895,370.0439343,399.24104,421.6616032,436.3544339
Alingar,13.48067053,15.90021832,18.62446637,21.37014759,23.8990757,26.12121509,27.97893457,29.37555896,30.26196493,30.62609664
Onaba (Anawa),65.96642035,76.34881246,87.81608591,99.13377768,109.3102071,118.0668843,125.2140361,130.2122419,132.8508224,133.1603799
Dara / Ab Shar,45.35152893,46.58750436,47.80637559,48.88715515,49.76201365,50.44920049,50.95892431,50.68695633,49.44054087,47.37360741
Chawkay,109.7623005,132.0497555,157.0519988,182.1129149,204.9644818,224.8851876,241.3264498,253.5881799,261.3178935,264.415416
Narang,72.53755356,85.37309771,99.53645014,113.5276467,126.1186612,136.9695342,145.822155,152.1984946,155.902241,156.9123927
Marawara,93.18742283,110.0051941,128.7597159,147.5305411,164.7129585,179.7928313,192.397306,202.0182272,208.4199515,211.4644454
Chapadara,35.14813278,38.20812668,41.34493102,44.22428132,46.64028254,48.58834142,50.0814558,50.7439755,50.46554653,49.33409335
Dara-e-Pech,78.48279197,88.64340679,99.37040608,109.5011538,118.2411771,125.480055,131.1666607,134.6050056,135.58058,134.2506266
Barkunar,43.01014361,48.96013218,55.2995986,61.33703396,66.59041235,70.98082716,74.44255067,76.62840817,77.4083461,76.86568305
Wama,3.84629312,3.979685164,4.112261128,4.22870775,4.322863794,4.395866573,4.44879549,4.437143535,4.334808968,4.161832679
Nurgeram,34.78784947,37.66898388,40.68574939,43.52294885,45.97300573,48.01737934,49.6412834,50.47104282,50.38853863,49.4694558
Waygal,10.21176006,10.81144839,11.41802574,11.9697951,12.42959824,12.79827484,13.07572568,13.14729186,12.96243029,12.57070002
Bazarak,51.46009318,54.13954944,56.89824684,59.43686945,61.58206706,63.31604336,64.64816145,64.95160309,64.02770349,62.02695648
Shutul,57.90593629,68.02749785,79.54799557,91.24345596,102.0169821,111.4923171,119.3802739,125.2252248,128.8261651,130.1317524
Paryan,15.91474852,16.25235275,16.59443231,16.90185326,17.1552397,17.35954624,17.51180362,17.39656175,16.94904221,16.22636493
Khenj (Hes-e-Awal),17.4130709,18.09608145,18.78170494,19.39720233,19.91008629,20.31386205,20.61754631,20.60111933,20.19160971,19.44693417
Salang,44.19485428,50.82649724,58.01757434,64.98068211,71.11915475,76.30622162,80.45223981,83.20223185,84.43439362,84.20043754
Shekhali,27.07516964,31.38445823,36.27248747,41.2208165,45.77386566,49.77161115,53.09775347,55.52333837,56.95013701,57.36477596
Shibar,20.24128104,22.62767878,25.26691751,27.87856516,30.2371842,32.27452768,33.9485726,35.05259105,35.51887892,35.36614478
Kahmard,12.13294092,14.68402645,17.60986555,20.60453361,23.38528227,25.84762987,27.91478406,29.50291489,30.5638111,31.0796214
Lal Wa Sarjangal,24.26484218,29.53681626,35.69645215,42.11483138,48.17715697,53.62837508,58.26742012,61.92532042,64.49853673,65.90679012
Balabuluk,10.91334605,14.42919118,18.69103765,23.2531357,27.67610569,31.74531447,35.27050813,38.21015308,40.51982681,42.06866524
Shindand,15.30689626,20.41960779,26.65282063,33.38514149,39.95069366,46.00929872,51.27995459,55.72305566,59.23547178,61.63502885
Karukh,30.09935714,40.01398229,52.0106452,64.92987557,77.46425518,88.99839448,99.02991068,107.4228043,113.9957921,118.4554621
Injil,137.5008073,184.6140274,242.0727462,304.3103725,365.0498404,421.1910346,470.2034926,511.5012602,544.2322122,566.8111815
Zindajan,27.36374796,36.834625,48.39715527,60.95665286,73.24086322,84.60765525,94.55171682,102.9544159,109.6328908,114.2691499
Pashtunzarghun,44.13804213,58.39455097,75.64388281,94.17322142,112.1264953,128.6383195,142.9816426,154.9594937,164.3146182,170.6276869
Farsi,11.42464035,14.60294376,18.39700329,22.42103666,26.28358273,29.80558773,32.84568234,35.33807815,37.21957869,38.42860082
Obe,21.63501103,28.24894047,36.16098212,44.5697948,52.65344827,60.02471772,66.37988223,71.62788264,75.64608753,78.27194271
Tolak,14.36392352,18.75669463,24.01808694,29.61572808,34.99825817,39.9083539,44.1485482,47.6462029,50.33123157,52.08597969
Chisht-e-Sharif,6.83688185,8.75097719,11.00936063,13.38119915,15.63800536,17.67520797,19.41870107,20.83251435,21.88785243,22.54242199
Guzara,44.05726786,59.2054254,77.7114654,97.77266673,117.3618496,135.4881908,151.324243,164.6974094,175.3043092,182.6344194
Hirat,3276.017387,4410.569156,5797.592565,7302.763275,8773.96276,10135.48289,11325.25541,12329.60358,13127.68749,13680.74433
Abkamari,32.26720724,43.19595732,56.54260668,71.01732209,85.16591798,98.27855734,109.7537895,119.4540291,127.1649987,132.5291219
Charsadra,10.30727046,13.0821328,16.31057937,19.65786411,22.79977769,25.60460562,27.97938839,29.86859066,31.23734337,32.0386362
Garziwan,14.64051131,19.26774097,24.82269422,30.75150865,36.47128203,41.69892113,46.22307957,49.96913522,52.87362962,54.79237696
Bilcheragh,19.35714135,25.43802668,32.72554295,40.48049863,47.94152955,54.7498162,60.62728538,65.47839948,69.21379255,71.67167565
Pashtunkot,99.54805719,131.9492463,171.043253,212.9728616,253.5409031,290.7543709,323.0158187,349.8973475,370.8561416,384.928193
Maymana,129.7375265,172.9650612,225.8285382,283.2998601,339.6836949,392.0878033,438.1260696,477.2411067,508.5706923,530.5877995
Darzab,44.66533983,59.46154465,77.37626374,96.63459684,115.3256975,132.5020415,147.419464,159.8947258,169.6640215,176.2846964
Khwajadukoh,18.02616048,24.18790705,31.71872264,39.90095122,47.91874692,55.36805632,61.89659326,67.41346304,71.82711583,74.90737091
Khanaqa,99.62911445,134.1775211,176.4163493,222.2903502,267.157514,308.7258893,345.0832121,375.816828,400.261756,417.2463385
Chemtal,62.01307232,82.94583626,108.4599717,136.089294,163.056894,187.999753,209.7958976,228.1824901,242.7668514,252.8416094
Charbulak,140.1123519,188.522402,247.7082667,311.9889475,374.8563302,433.1104283,484.0664696,527.138394,561.4242115,585.243441
Mardyan,49.20934139,66.28181187,87.14656839,109.8140179,131.9951275,152.5465515,170.5149679,185.7019796,197.7995226,206.2066675
Aqcha,87.03171469,117.2135388,154.1299481,194.2117902,233.4238772,269.7487734,301.5161867,328.3667248,349.73348,364.5748778
Mingajik,45.52213588,61.29699727,80.61146078,101.5836377,122.0956499,141.1119992,157.7429332,171.7960517,182.9834189,190.7552957
Saghar,8.580593713,10.95530817,13.74499131,16.66347208,19.42951636,21.92098494,24.04392714,25.75668747,27.02472837,27.79719406
Taywarah,21.60700673,28.05448668,35.7312328,43.87188164,51.66281617,58.75350939,64.85169485,69.85590958,73.66451033,76.11679346
Shahrak,7.782014196,10.16046209,13.00417528,16.0329787,18.93857034,21.59416658,23.88462565,25.77260088,27.22158532,28.170443
Chaghcharan,11.77211745,15.18160727,19.2580399,23.59749769,27.77570081,31.60387297,34.91349898,37.64373887,39.73750895,41.10718653
Dawlatyar,12.15791277,15.97956693,20.6002145,25.55591547,30.36748661,34.80897483,38.66544951,41.87515992,44.38323786,46.07783239
Sharak-e-Hayratan,58.56470847,66.54501596,74.92179896,82.96407497,90.28292198,96.24002118,100.9016776,104.3452997,106.6046962,107.944311
Hazrat-e-Sultan,37.05514257,49.03182238,63.47859103,78.97961602,93.9857496,107.7704477,119.7273496,129.7012724,137.4806138,142.7123847
Charkent,34.91558614,46.42588892,60.34790564,75.3141284,89.82560294,103.157519,114.7389613,124.4130131,131.990253,137.1103421
Dehdadi,118.0491292,146.8035805,181.6670351,219.6511983,257.4480762,293.369149,325.8946844,354.3826671,378.0462787,395.7105287
Balkh,195.2595197,253.410002,324.5777265,402.3081247,479.1757274,551.4089639,615.7651449,671.2816093,716.6177663,749.5023664
Gosfandi,68.7243289,91.46907794,119.0913578,148.8902273,177.8761336,204.5954645,227.8744423,247.4011359,262.765335,273.2364727
Sholgareh,68.32805384,91.56285349,119.9108813,150.621031,180.6024015,208.3446857,232.5829431,253.0320967,269.2553105,280.4739522
Keshendeh,36.01267837,47.82226179,62.10574857,77.46717885,92.36276196,106.0562821,117.9528593,127.8914624,135.6790791,140.9409116
Zari,31.70990858,41.01395252,52.05611172,63.70854685,74.82840155,84.90832102,93.55223323,100.6111822,105.9370087,109.3189255
Feroznakhchir,23.72183175,31.61479697,41.1879477,51.50788879,61.52724999,70.75535794,78.78638946,85.51845472,90.80163095,94.40298749
Khuram Wa Sarbagh,18.26616342,23.96527426,30.812989,38.13396834,45.19756124,51.6643309,57.25526738,61.89519916,65.47839906,67.84962398
Sar-e-Pul,58.84054348,78.92023355,103.4226574,129.9780096,155.9138046,179.9173129,200.8966707,218.5892652,232.6374206,242.3499108
Balkhab,12.17046599,13.7121847,15.39280524,17.03644577,18.49799533,19.74664984,20.75632231,21.41710408,21.68410272,21.57665473
Kohestanat,9.893363776,12.21642039,14.94495311,17.80308422,20.51644805,22.96861463,25.05897854,26.73172499,27.94251484,28.63873055
Baghlan-e-Jadid,85.89227753,114.5913446,149.5501509,187.3680082,224.2763878,258.4060343,288.232644,313.3811219,333.3240236,347.1043305
Chardarah,252.554792,337.821326,441.7027355,554.127713,663.795579,765.1561986,853.6734709,928.2556529,987.3466414,1028.117361
Khanabad,155.4432422,206.0270818,267.82684,334.983666,400.8620707,462.1378818,516.0541946,561.9061068,598.6835678,624.5878861
Aliabad,99.48279837,132.8169883,173.436376,217.4210656,260.3591171,300.0912946,334.8249172,364.1240659,387.3860921,403.4822564
Burka,63.36141523,82.95710069,106.5471655,131.8071416,156.2236282,178.6080511,198.0121892,214.1272583,226.6092111,234.9014163
Dahana-e-Ghori,62.06357165,79.72959104,100.8408801,123.3296286,144.9849292,164.7962506,181.9469584,196.1254867,207.0082492,214.1255456
Pul-e-Khumri,234.1165907,302.0214288,384.1239511,472.6909315,559.2416474,639.6718447,710.5458998,770.7556123,818.9140105,852.7733257
Doshi,28.98625658,36.08002212,44.32622823,52.87990783,60.92246267,68.12498388,74.23488771,79.08469111,82.55943299,84.54004153
Nahrin,39.6532366,52.56747063,68.16686526,84.8892802,101.0962528,115.9641505,128.8572232,139.6184256,148.0145864,153.6683562
Khost Wa Fereng,15.23465461,16.7469979,18.38484874,19.97486102,21.37926027,22.56872015,23.5243391,24.09022378,24.21053883,23.91286315
Fereng Wa Gharu,15.41727658,17.20488362,19.11517803,20.95089541,22.55226694,23.89202806,24.96145672,25.6050004,25.77303414,25.51074653
Dehsalah,20.44024444,25.31387326,31.03613851,37.01082203,42.6682409,47.76023405,52.10614554,55.57092315,58.06671022,59.50462088
Eshkmesh,67.51166745,85.50209686,107.0089715,129.9084272,151.9395932,172.0746945,189.4735572,203.7357736,214.5145245,221.3514984
Namakab,25.85406899,30.92143474,36.77347087,42.79404212,48.4272592,53.43996172,57.66420523,60.91344082,63.08616599,64.12816785
Farkhar,20.48585243,23.43197231,26.74387817,30.07214758,33.12206871,35.78966323,38.007827,39.58966074,40.45748093,40.61614983
Taloqan,162.420636,216.5754077,282.6414572,354.2384428,424.2261386,489.0750528,545.8554171,593.8669414,632.0821264,658.6517184
Kalafgan,45.42135506,59.41577006,76.18858008,94.07105287,111.2754735,126.9955534,140.5679986,151.7928325,160.4250623,166.0952089
Yawan,20.72754499,25.41915723,30.85783857,36.50020439,41.80851446,46.57373995,50.63585082,53.86134047,56.17150959,57.4824802
Raghestan,13.95768508,16.85729658,20.23020563,23.72954737,27.03385516,30.00077254,32.52784731,34.52169417,35.91898611,36.67724475
Arghanjkhwa,25.51784388,31.03237009,37.28739757,43.60784477,49.41979043,54.51766058,58.75240866,61.96971704,64.08280953,65.05349297
Shuhada,15.57717892,17.02813326,18.65003597,20.27134548,21.7520465,23.04030226,24.10627268,24.78244752,24.99587713,24.78045527
Argo,60.00349578,77.38721337,98.09170667,120.0411265,141.0731214,160.2235443,176.7106619,190.2457324,200.5364118,207.1448879
Darayem,58.99899014,73.72835073,90.90634151,108.7632855,125.585236,140.6699946,153.474192,163.6682347,171.0057385,175.2378698
Teshkan,27.33395327,32.31454229,38.07395871,44.02066035,49.59543181,54.57400669,58.78596712,62.01287901,64.14393815,65.12419039
Jorm,17.89806299,19.89966932,22.06121124,24.15987228,26.01574056,27.59520895,28.86475573,29.6518262,29.89336962,29.61909813
Warduj,13.18674344,13.86642739,14.56984943,15.22087528,15.77087519,16.22124131,16.5705611,16.65370552,16.4239954,15.91641242
Pul-e-Hesar,16.99489746,18.31441977,19.73532078,21.11167314,22.32884721,23.36029704,24.18895546,24.62589663,24.60695021,24.1641275
Dara-e-Suf-e-Payin,32.03733772,42.9982507,56.35150229,70.81007944,84.92283934,97.97338956,109.3701523,118.9660855,126.5792983,131.8227369
Purchaman,6.498562432,8.312528132,10.45423497,12.71049832,14.85863559,16.79965122,18.46825289,19.82145946,20.83292291,21.46172466
Qala-e-Naw,37.53873656,49.25673651,63.4942393,78.89850892,93.9595457,107.9473051,120.2301461,130.6573477,138.9765676,144.799046
Mazar-e-Sharif,2920.573822,3364.606704,3911.251604,4531.250711,5187.799071,5857.611206,6513.421027,7135.070447,7698.795532,8174.407001