{"boundaryID": "AFG-ADM0-59810123", "boundaryISO": "AFG", "boundaryType": "ADM0", "boundaryYear": "2014", "boundarySource-1": "https//hub.arcgis.com/datasets/2b63527870ef416bacf83bcaf388685f_0?geometry=53.805%2C30.812%2C81.556%2C37.181", "boundarySource-2": "GeoBoundaries", "boundaryCanonical": "\u0627\u0641\u063a\u0627\u0646\u0633\u062a\u0627\u0646\u200e , Af\u0121\u0101nist\u0101n", "boundaryLicense": "Public Domain", "licenseDetail": "license was officially a custom license simply described as \"open\" on ArcGIS Hub. No other restictions were included so collector decided on public domain as the official license.", "licenseSource": "https//hub.arcgis.com/datasets/2b63527870ef416bacf83bcaf388685f_0?geometry=53.805%2C30.812%2C81.556%2C37.181", "boundarySourceURL": "https//hub.arcgis.com/datasets/2b63527870ef416bacf83bcaf388685f_0?geometry=53.805%2C30.812%2C81.556%2C37.181", "downloadURL": "https://github.com/wmgeolab/geoBoundaries/raw/main/releaseData/gbOpen/AFG_ADM0.zip", "sourceDataUpdateDate": "Jun 09, 2021", "buildUpdateDate": "Jul 07, 2021"}