{"boundaryID": "CMR-ADM2-2761272", "boundaryISO": "CMR", "boundaryType": "ADM2", "boundaryYear": "01-01-2000 to 22-02-2021", "boundarySource-1": "From SALB Data, United Nations", "boundarySource-2": "Institut National de Cartographie, Cameroon", "boundaryCanonical": "D\u00e9partements", "boundaryLicense": "UN SALB Data License", "licenseDetail": "", "licenseSource": "https//www.unsalb.org/sites/default/files/wysiwyg_uploads/docs_uploads/SALB_DataSpecifications_v2.0_20210601.pdf", "boundarySourceURL": "https//www.unsalb.org/data/cmr", "downloadURL": "https://github.com/wmgeolab/geoBoundaries/raw/main/releaseData/gbAuthoritative/CMR_ADM2.zip", "sourceDataUpdateDate": "Feb 20, 2022", "buildUpdateDate": "Mar 10, 2022"}