{"boundaryID": "GEO-ADM0-33476915", "boundaryISO": "GEO", "boundaryType": "ADM0", "boundaryYear": "2017", "boundarySource-1": "OpenStreetMap", "boundarySource-2": "Wambacher", "boundaryCanonical": "Georgia", "boundaryLicense": "Creative Commons Attribution-ShareAlike 2.0", "licenseDetail": "", "licenseSource": "https//www.openstreetmap.org/copyright", "boundarySourceURL": "https//wambachers-osm.website/boundaries/", "downloadURL": "https://github.com/wmgeolab/geoBoundaries/raw/main/releaseData/gbOpen/GEO_ADM0.zip", "sourceDataUpdateDate": "Nov 12, 2020", "buildUpdateDate": "Jun 10, 2021"}