{"boundaryID": "CIV-ADM3-67098797", "boundaryISO": "CIV", "boundaryType": "ADM3", "boundaryYear": "2019", "boundarySource-1": "Comit\u00c3\u0083\u00c2\u00a9 National de T\u00c3\u0083\u00c2\u00a9l\u00c3\u0083\u00c2\u00a9d\u00c3\u0083\u00c2\u00a9tection et d'Information G\u00c3\u0083\u00c2\u00a9ographique (CNTIG)", "boundarySource-2": "United Nations Office for the Coordination of Humanitarian Affairs Cote d'Ivoire", "boundaryCanonical": "Department", "boundaryLicense": "Other - Humanitarian", "licenseDetail": "Humanitarian use only", "licenseSource": "https//data.humdata.org/dataset/cote-d-ivoire-administrative-level-0-3-boundaries-and-points", "boundarySourceURL": "https//data.humdata.org/dataset/cote-d-ivoire-administrative-level-0-3-boundaries-and-points", "downloadURL": "https://github.com/wmgeolab/geoBoundaries/raw/main/releaseData/gbHumanitarian/CIV_ADM3.zip", "sourceDataUpdateDate": "Oct 23, 2020", "buildUpdateDate": "Apr 02, 2021"}