{"boundaryID": "FRA-ADM2-29444166", "boundaryISO": "FRA", "boundaryType": "ADM2", "boundaryYear": "2022", "boundarySource-1": "Institut national de l'information g\u00e9ographique et foresti\u00e8re (IGN-F)", "boundarySource-2": "", "boundaryCanonical": "Department", "boundaryLicense": "Etalab Open License 2.0", "licenseDetail": "", "licenseSource": "https//geoservices.ign.fr/sites/default/files/2021-11/IGNF_ADMIN_EXPRESS_3-1.html", "boundarySourceURL": "https//geoservices.ign.fr/adminexpress", "downloadURL": "https://github.com/wmgeolab/geoBoundaries/raw/main/releaseData/gbOpen/FRA_ADM2.zip", "sourceDataUpdateDate": "Sep 09, 2022", "buildUpdateDate": "Nov 15, 2022"}