{"boundaryID": "COL-ADM1-13589884", "boundaryISO": "COL", "boundaryType": "ADM1", "boundaryYear": "2017", "boundarySource-1": "OpenStreetMap", "boundarySource-2": "Wambacher", "boundaryCanonical": "Departments", "boundaryLicense": "Open Data Commons Open Database License 1.0", "licenseDetail": "", "licenseSource": "https//www.openstreetmap.org/copyright", "boundarySourceURL": "https//wambachers-osm.website/boundaries/", "downloadURL": "https://github.com/wmgeolab/geoBoundaries/raw/main/releaseData/gbOpen/COL_ADM1.zip", "sourceDataUpdateDate": "Dec 10, 2020", "buildUpdateDate": "Apr 02, 2021"}