{"boundaryID": "CUB-ADM2-86257556", "boundaryISO": "CUB", "boundaryType": "ADM2", "boundaryYear": "2010", "boundarySource-1": "From SALB Data, United Nations", "boundarySource-2": "Servicio Hidrogr\u00e1fico y Geod\u00e9sico de la Rep\u00fablica de Cuba", "boundaryCanonical": "Municipalities", "boundaryLicense": "UN SALB Data License", "licenseDetail": "", "licenseSource": "https//www.unsalb.org/sites/default/files/wysiwyg_uploads/docs_uploads/SALB_DataSpecifications_v2.0_20210601.pdf", "boundarySourceURL": "https//www.unsalb.org/data/cub", "downloadURL": "https://github.com/wmgeolab/geoBoundaries/raw/main/releaseData/gbAuthoritative/CUB_ADM2.zip", "sourceDataUpdateDate": "Jun 11, 2021", "buildUpdateDate": "Jul 12, 2021"}