<?xml version="1.0" encoding="UTF-8"?>
<metadata><Esri><CreaDate>20171005</CreaDate><CreaTime>10164700</CreaTime><SyncOnce>FALSE</SyncOnce><SyncDate>20160526</SyncDate><SyncTime>12154600</SyncTime><ModDate>20160526</ModDate><ModTime>12154600</ModTime><DataProperties><itemProps><itemName Sync="TRUE">GMB_admbnda_adm1_lga_1m_ocha</itemName><imsContentType Sync="TRUE">002</imsContentType><itemLocation><linkage Sync="TRUE">file://\\OCHAWKS-SEN-5MA\C$\Local Cloud\Shared\ROWCA\00_Regional Office Dakar\Information Management\07 GIS\00_ROWCA gdb\GMB.gdb</linkage><protocol Sync="TRUE">Local Area Network</protocol></itemLocation></itemProps><coordRef><type Sync="TRUE">Geographic</type><geogcsn Sync="TRUE">GCS_WGS_1984</geogcsn><csUnits Sync="TRUE">Angular Unit: Degree (0.017453)</csUnits><peXml Sync="TRUE">&lt;GeographicCoordinateSystem xsi:type='typens:GeographicCoordinateSystem' xmlns:xsi='http://www.w3.org/2001/XMLSchema-instance' xmlns:xs='http://www.w3.org/2001/XMLSchema' xmlns:typens='http://www.esri.com/schemas/ArcGIS/10.1'&gt;&lt;WKT&gt;GEOGCS[&amp;quot;GCS_WGS_1984&amp;quot;,DATUM[&amp;quot;D_WGS_1984&amp;quot;,SPHEROID[&amp;quot;WGS_1984&amp;quot;,6378137.0,298.257223563]],PRIMEM[&amp;quot;Greenwich&amp;quot;,0.0],UNIT[&amp;quot;Degree&amp;quot;,0.0174532925199433],AUTHORITY[&amp;quot;EPSG&amp;quot;,4326]]&lt;/WKT&gt;&lt;XOrigin&gt;-400&lt;/XOrigin&gt;&lt;YOrigin&gt;-400&lt;/YOrigin&gt;&lt;XYScale&gt;999999999.99999988&lt;/XYScale&gt;&lt;ZOrigin&gt;-100000&lt;/ZOrigin&gt;&lt;ZScale&gt;10000&lt;/ZScale&gt;&lt;MOrigin&gt;-100000&lt;/MOrigin&gt;&lt;MScale&gt;10000&lt;/MScale&gt;&lt;XYTolerance&gt;8.983152841195215e-009&lt;/XYTolerance&gt;&lt;ZTolerance&gt;0.001&lt;/ZTolerance&gt;&lt;MTolerance&gt;0.001&lt;/MTolerance&gt;&lt;HighPrecision&gt;true&lt;/HighPrecision&gt;&lt;LeftLongitude&gt;-180&lt;/LeftLongitude&gt;&lt;WKID&gt;4326&lt;/WKID&gt;&lt;LatestWKID&gt;4326&lt;/LatestWKID&gt;&lt;/GeographicCoordinateSystem&gt;</peXml></coordRef><lineage><Process ToolSource="c:\program files\arcgis\desktop10.1\ArcToolbox\Toolboxes\Data Management Tools.tbx\CopyFeatures" Date="20131003" Time="095521">CopyFeatures GMB_adm2_1m_salb D:\GIS\06_Gambia\GMB_data.gdb\GMB_adm2_1m_salb # 0 0 0</Process><Process ToolSource="c:\program files\arcgis\desktop10.1\ArcToolbox\Toolboxes\Data Management Tools.tbx\CopyFeatures" Date="20140211" Time="140956">CopyFeatures "C:\Local Cloud\Shared\ROWCA\00_Regional Office Dakar\Information Management\07 GIS\06_Gambia\02_Data\GMB_adm2_1m_salb.shp" "C:\Local Cloud\Shared\ROWCA\00_Regional Office Dakar\Information Management\07 GIS\06_Gambia\02_Data\GMB_data.gdb\GMB_adm2_1m_salb" # 0 0 0</Process><Process ToolSource="c:\program files\arcgis\desktop10.1\ArcToolbox\Toolboxes\Data Management Tools.tbx\PolygonToLine" Date="20140521" Time="153724">PolygonToLine GMB_adm2_1m_salb "C:\Local Cloud\Shared\ROWCA\00_Regional Office Dakar\Information Management\07 GIS\06_Gambia\02_Data\GMB_data.gdb\GMB_polbndl_district_1m_ocha" IDENTIFY_NEIGHBORS</Process><Process ToolSource="c:\program files\arcgis\desktop10.1\ArcToolbox\Toolboxes\Data Management Tools.tbx\FeatureToPolygon" Date="20140521" Time="160757">FeatureToPolygon GMB_polbndl_district_1m_ocha "C:\Local Cloud\Shared\ROWCA\00_Regional Office Dakar\Information Management\07 GIS\06_Gambia\02_Data\GMB_data.gdb\GMB_polbndp_district_1m_ocha" # ATTRIBUTES #</Process><Process ToolSource="c:\program files\arcgis\desktop10.1\ArcToolbox\Toolboxes\Data Management Tools.tbx\CalculateField" Date="20140521" Time="161318">CalculateField GMB_polbndp_district_1m_ocha CNTRY_NAME "The Gambia" VB #</Process><Process ToolSource="c:\program files\arcgis\desktop10.1\ArcToolbox\Toolboxes\Data Management Tools.tbx\CalculateField" Date="20140521" Time="161331">CalculateField GMB_polbndp_district_1m_ocha CNTRY_CODE "GMB" VB #</Process><Process ToolSource="c:\program files\arcgis\desktop10.1\ArcToolbox\Toolboxes\Data Management Tools.tbx\CalculateField" Date="20140521" Time="161515">CalculateField GMB_polbndp_district_1m_ocha LGA_NAME "Banjul" VB #</Process><Process ToolSource="c:\program files\arcgis\desktop10.1\ArcToolbox\Toolboxes\Data Management Tools.tbx\CalculateField" Date="20140521" Time="161533">CalculateField GMB_polbndp_district_1m_ocha LGA_CODE "GMB01" VB #</Process><Process ToolSource="c:\program files\arcgis\desktop10.1\ArcToolbox\Toolboxes\Data Management Tools.tbx\CalculateField" Date="20140521" Time="161559">CalculateField GMB_polbndp_district_1m_ocha LGA_NAME "Kanifing" VB #</Process><Process ToolSource="c:\program files\arcgis\desktop10.1\ArcToolbox\Toolboxes\Data Management Tools.tbx\CalculateField" Date="20140521" Time="161642">CalculateField GMB_polbndp_district_1m_ocha LGA_CODE "GMB05" VB #</Process><Process ToolSource="c:\program files\arcgis\desktop10.1\ArcToolbox\Toolboxes\Data Management Tools.tbx\CalculateField" Date="20140521" Time="161815">CalculateField GMB_polbndp_district_1m_ocha LGA_CODE "GMB03" VB #</Process><Process ToolSource="c:\program files\arcgis\desktop10.1\ArcToolbox\Toolboxes\Data Management Tools.tbx\CalculateField" Date="20140521" Time="161829">CalculateField GMB_polbndp_district_1m_ocha LGA_NAME "Brikama" VB #</Process><Process ToolSource="c:\program files\arcgis\desktop10.1\ArcToolbox\Toolboxes\Data Management Tools.tbx\CalculateField" Date="20140521" Time="161944">CalculateField GMB_polbndp_district_1m_ocha LGA_NAME "Mansa Konko" VB #</Process><Process ToolSource="c:\program files\arcgis\desktop10.1\ArcToolbox\Toolboxes\Data Management Tools.tbx\CalculateField" Date="20140521" Time="162019">CalculateField GMB_polbndp_district_1m_ocha LGA_CODE "GMB08" VB #</Process><Process ToolSource="c:\program files\arcgis\desktop10.1\ArcToolbox\Toolboxes\Data Management Tools.tbx\CalculateField" Date="20140521" Time="162142">CalculateField GMB_polbndp_district_1m_ocha LGA_CODE "GMB06" VB #</Process><Process ToolSource="c:\program files\arcgis\desktop10.1\ArcToolbox\Toolboxes\Data Management Tools.tbx\CalculateField" Date="20140521" Time="162157">CalculateField GMB_polbndp_district_1m_ocha LGA_NAME "Kerewan" VB #</Process><Process ToolSource="c:\program files\arcgis\desktop10.1\ArcToolbox\Toolboxes\Data Management Tools.tbx\CalculateField" Date="20140521" Time="162536">CalculateField GMB_polbndp_district_1m_ocha LGA_NAME "Basse" VB #</Process><Process ToolSource="c:\program files\arcgis\desktop10.1\ArcToolbox\Toolboxes\Data Management Tools.tbx\CalculateField" Date="20140521" Time="162549">CalculateField GMB_polbndp_district_1m_ocha LGA_CODE "GMB02" VB #</Process><Process ToolSource="c:\program files\arcgis\desktop10.1\ArcToolbox\Toolboxes\Data Management Tools.tbx\CalculateField" Date="20140521" Time="162718">CalculateField GMB_polbndp_district_1m_ocha LGA_CODE "GMB04" VB #</Process><Process ToolSource="c:\program files\arcgis\desktop10.1\ArcToolbox\Toolboxes\Data Management Tools.tbx\CalculateField" Date="20140521" Time="162732">CalculateField GMB_polbndp_district_1m_ocha LGA_NAME "Janjanbureh" VB #</Process><Process ToolSource="c:\program files\arcgis\desktop10.1\ArcToolbox\Toolboxes\Data Management Tools.tbx\CalculateField" Date="20140521" Time="162817">CalculateField GMB_polbndp_district_1m_ocha LGA_NAME "Kuntaur" VB #</Process><Process ToolSource="c:\program files\arcgis\desktop10.1\ArcToolbox\Toolboxes\Data Management Tools.tbx\CalculateField" Date="20140521" Time="162840">CalculateField GMB_polbndp_district_1m_ocha LGA_CODE "GMB07" VB #</Process><Process ToolSource="c:\program files\arcgis\desktop10.1\ArcToolbox\Toolboxes\Data Management Tools.tbx\CalculateField" Date="20140521" Time="164034">CalculateField GMB_polbndp_district_1m_ocha LGA_CODE "GMB04" VB #</Process><Process ToolSource="c:\program files\arcgis\desktop10.1\ArcToolbox\Toolboxes\Data Management Tools.tbx\CalculateField" Date="20140521" Time="164050">CalculateField GMB_polbndp_district_1m_ocha LGA_NAME "Janjanbureh" VB #</Process><Process ToolSource="c:\program files\arcgis\desktop10.1\ArcToolbox\Toolboxes\Data Management Tools.tbx\CalculateField" Date="20140521" Time="164219">CalculateField GMB_polbndp_district_1m_ocha DISTRICT_NAME "Sandu" VB #</Process><Process ToolSource="c:\program files\arcgis\desktop10.1\ArcToolbox\Toolboxes\Data Management Tools.tbx\CalculateField" Date="20140521" Time="164242">CalculateField GMB_polbndp_district_1m_ocha DISTRICT_NAME "Wulli" VB #</Process><Process ToolSource="c:\program files\arcgis\desktop10.1\ArcToolbox\Toolboxes\Data Management Tools.tbx\CalculateField" Date="20140521" Time="164255">CalculateField GMB_polbndp_district_1m_ocha DISTRICT_NAME "Wuli" VB #</Process><Process ToolSource="c:\program files\arcgis\desktop10.1\ArcToolbox\Toolboxes\Data Management Tools.tbx\CalculateField" Date="20140521" Time="164320">CalculateField GMB_polbndp_district_1m_ocha DISTRICT_NAME "Kantora" VB #</Process><Process ToolSource="c:\program files\arcgis\desktop10.1\ArcToolbox\Toolboxes\Data Management Tools.tbx\CalculateField" Date="20140521" Time="164350">CalculateField GMB_polbndp_district_1m_ocha DISTRICT_NAME "Fulladu East" VB #</Process><Process ToolSource="c:\program files\arcgis\desktop10.1\ArcToolbox\Toolboxes\Data Management Tools.tbx\CalculateField" Date="20140521" Time="164419">CalculateField GMB_polbndp_district_1m_ocha DISTRICT_CODE "GMB0201" VB #</Process><Process ToolSource="c:\program files\arcgis\desktop10.1\ArcToolbox\Toolboxes\Data Management Tools.tbx\CalculateField" Date="20140521" Time="164434">CalculateField GMB_polbndp_district_1m_ocha DISTRICT_CODE "GMB0202" VB #</Process><Process ToolSource="c:\program files\arcgis\desktop10.1\ArcToolbox\Toolboxes\Data Management Tools.tbx\CalculateField" Date="20140521" Time="164445">CalculateField GMB_polbndp_district_1m_ocha DISTRICT_CODE "GMB0203" VB #</Process><Process ToolSource="c:\program files\arcgis\desktop10.1\ArcToolbox\Toolboxes\Data Management Tools.tbx\CalculateField" Date="20140521" Time="164455">CalculateField GMB_polbndp_district_1m_ocha DISTRICT_CODE "GMB0204" VB #</Process><Process ToolSource="c:\program files\arcgis\desktop10.1\ArcToolbox\Toolboxes\Data Management Tools.tbx\CalculateField" Date="20140521" Time="164522">CalculateField GMB_polbndp_district_1m_ocha DISTRICT_CODE "GMB0101" VB #</Process><Process ToolSource="c:\program files\arcgis\desktop10.1\ArcToolbox\Toolboxes\Data Management Tools.tbx\CalculateField" Date="20140521" Time="164533">CalculateField GMB_polbndp_district_1m_ocha DISTRICT_NAME "Banjul" VB #</Process><Process ToolSource="c:\program files\arcgis\desktop10.1\ArcToolbox\Toolboxes\Data Management Tools.tbx\CalculateField" Date="20140521" Time="165421">CalculateField GMB_polbndp_district_1m_ocha DISTRICT_NAME "Kombo North/St Marie" VB #</Process><Process ToolSource="c:\program files\arcgis\desktop10.1\ArcToolbox\Toolboxes\Data Management Tools.tbx\CalculateField" Date="20140521" Time="165452">CalculateField GMB_polbndp_district_1m_ocha DISTRICT_NAME "Kombo South" VB #</Process><Process ToolSource="c:\program files\arcgis\desktop10.1\ArcToolbox\Toolboxes\Data Management Tools.tbx\CalculateField" Date="20140521" Time="165511">CalculateField GMB_polbndp_district_1m_ocha DISTRICT_NAME "Kombo Central" VB #</Process><Process ToolSource="c:\program files\arcgis\desktop10.1\ArcToolbox\Toolboxes\Data Management Tools.tbx\CalculateField" Date="20140521" Time="165530">CalculateField GMB_polbndp_district_1m_ocha DISTRICT_NAME "Kombo East" VB #</Process><Process ToolSource="c:\program files\arcgis\desktop10.1\ArcToolbox\Toolboxes\Data Management Tools.tbx\CalculateField" Date="20140521" Time="165552">CalculateField GMB_polbndp_district_1m_ocha DISTRICT_NAME "Foni Brefet" VB #</Process><Process ToolSource="c:\program files\arcgis\desktop10.1\ArcToolbox\Toolboxes\Data Management Tools.tbx\CalculateField" Date="20140521" Time="165638">CalculateField GMB_polbndp_district_1m_ocha DISTRICT_NAME "Foni Bintang Karenai" VB #</Process><Process ToolSource="c:\program files\arcgis\desktop10.1\ArcToolbox\Toolboxes\Data Management Tools.tbx\CalculateField" Date="20140521" Time="165704">CalculateField GMB_polbndp_district_1m_ocha DISTRICT_NAME "Foni Kansala" VB #</Process><Process ToolSource="c:\program files\arcgis\desktop10.1\ArcToolbox\Toolboxes\Data Management Tools.tbx\CalculateField" Date="20140521" Time="165733">CalculateField GMB_polbndp_district_1m_ocha DISTRICT_NAME "Foni Bondali" VB #</Process><Process ToolSource="c:\program files\arcgis\desktop10.1\ArcToolbox\Toolboxes\Data Management Tools.tbx\CalculateField" Date="20140521" Time="165751">CalculateField GMB_polbndp_district_1m_ocha DISTRICT_NAME "Foni Jarrot" VB #</Process><Process ToolSource="c:\program files\arcgis\desktop10.1\ArcToolbox\Toolboxes\Data Management Tools.tbx\CalculateField" Date="20140521" Time="165808">CalculateField GMB_polbndp_district_1m_ocha DISTRICT_NAME "Foni Jarrol" VB #</Process><Process ToolSource="c:\program files\arcgis\desktop10.1\ArcToolbox\Toolboxes\Data Management Tools.tbx\CalculateField" Date="20140521" Time="165847">CalculateField GMB_polbndp_district_1m_ocha DISTRICT_CODE "GMB0301" VB #</Process><Process ToolSource="c:\program files\arcgis\desktop10.1\ArcToolbox\Toolboxes\Data Management Tools.tbx\CalculateField" Date="20140521" Time="165901">CalculateField GMB_polbndp_district_1m_ocha DISTRICT_CODE "GMB0301" VB #</Process><Process ToolSource="c:\program files\arcgis\desktop10.1\ArcToolbox\Toolboxes\Data Management Tools.tbx\CalculateField" Date="20140521" Time="165913">CalculateField GMB_polbndp_district_1m_ocha DISTRICT_CODE "GMB0302" VB #</Process><Process ToolSource="c:\program files\arcgis\desktop10.1\ArcToolbox\Toolboxes\Data Management Tools.tbx\CalculateField" Date="20140521" Time="165946">CalculateField GMB_polbndp_district_1m_ocha DISTRICT_CODE "GMB0301" VB #</Process><Process ToolSource="c:\program files\arcgis\desktop10.1\ArcToolbox\Toolboxes\Data Management Tools.tbx\CalculateField" Date="20140521" Time="170000">CalculateField GMB_polbndp_district_1m_ocha DISTRICT_CODE "GMB0302" VB #</Process><Process ToolSource="c:\program files\arcgis\desktop10.1\ArcToolbox\Toolboxes\Data Management Tools.tbx\CalculateField" Date="20140521" Time="170013">CalculateField GMB_polbndp_district_1m_ocha DISTRICT_CODE "GMB0303" VB #</Process><Process ToolSource="c:\program files\arcgis\desktop10.1\ArcToolbox\Toolboxes\Data Management Tools.tbx\CalculateField" Date="20140521" Time="170029">CalculateField GMB_polbndp_district_1m_ocha DISTRICT_CODE "GMB0304" VB #</Process><Process ToolSource="c:\program files\arcgis\desktop10.1\ArcToolbox\Toolboxes\Data Management Tools.tbx\CalculateField" Date="20140521" Time="170040">CalculateField GMB_polbndp_district_1m_ocha DISTRICT_CODE "GMB0305" VB #</Process><Process ToolSource="c:\program files\arcgis\desktop10.1\ArcToolbox\Toolboxes\Data Management Tools.tbx\CalculateField" Date="20140521" Time="170110">CalculateField GMB_polbndp_district_1m_ocha DISTRICT_CODE "GMB0306" VB #</Process><Process ToolSource="c:\program files\arcgis\desktop10.1\ArcToolbox\Toolboxes\Data Management Tools.tbx\CalculateField" Date="20140521" Time="170124">CalculateField GMB_polbndp_district_1m_ocha DISTRICT_CODE "GMB0307" VB #</Process><Process ToolSource="c:\program files\arcgis\desktop10.1\ArcToolbox\Toolboxes\Data Management Tools.tbx\CalculateField" Date="20140521" Time="170137">CalculateField GMB_polbndp_district_1m_ocha DISTRICT_CODE "GMB0308" VB #</Process><Process ToolSource="c:\program files\arcgis\desktop10.1\ArcToolbox\Toolboxes\Data Management Tools.tbx\CalculateField" Date="20140521" Time="170149">CalculateField GMB_polbndp_district_1m_ocha DISTRICT_CODE "GMB0309" VB #</Process><Process ToolSource="c:\program files\arcgis\desktop10.1\ArcToolbox\Toolboxes\Data Management Tools.tbx\CalculateField" Date="20140521" Time="170424">CalculateField GMB_polbndp_district_1m_ocha DISTRICT_NAME "Janjanbureh" VB #</Process><Process ToolSource="c:\program files\arcgis\desktop10.1\ArcToolbox\Toolboxes\Data Management Tools.tbx\CalculateField" Date="20140521" Time="170446">CalculateField GMB_polbndp_district_1m_ocha DISTRICT_NAME "Samu" VB #</Process><Process ToolSource="c:\program files\arcgis\desktop10.1\ArcToolbox\Toolboxes\Data Management Tools.tbx\CalculateField" Date="20140521" Time="170458">CalculateField GMB_polbndp_district_1m_ocha DISTRICT_NAME "Sami" VB #</Process><Process ToolSource="c:\program files\arcgis\desktop10.1\ArcToolbox\Toolboxes\Data Management Tools.tbx\CalculateField" Date="20140521" Time="170520">CalculateField GMB_polbndp_district_1m_ocha DISTRICT_NAME "Niani" VB #</Process><Process ToolSource="c:\program files\arcgis\desktop10.1\ArcToolbox\Toolboxes\Data Management Tools.tbx\CalculateField" Date="20140521" Time="170602">CalculateField GMB_polbndp_district_1m_ocha DISTRICT_NAME "Fulladu West" VB #</Process><Process ToolSource="c:\program files\arcgis\desktop10.1\ArcToolbox\Toolboxes\Data Management Tools.tbx\CalculateField" Date="20140521" Time="170636">CalculateField GMB_polbndp_district_1m_ocha DISTRICT_CODE "GMB0401" VB #</Process><Process ToolSource="c:\program files\arcgis\desktop10.1\ArcToolbox\Toolboxes\Data Management Tools.tbx\CalculateField" Date="20140521" Time="170649">CalculateField GMB_polbndp_district_1m_ocha DISTRICT_CODE "GMB0402" VB #</Process><Process ToolSource="c:\program files\arcgis\desktop10.1\ArcToolbox\Toolboxes\Data Management Tools.tbx\CalculateField" Date="20140521" Time="170703">CalculateField GMB_polbndp_district_1m_ocha DISTRICT_CODE "GMB0403" VB #</Process><Process ToolSource="c:\program files\arcgis\desktop10.1\ArcToolbox\Toolboxes\Data Management Tools.tbx\CalculateField" Date="20140521" Time="170716">CalculateField GMB_polbndp_district_1m_ocha DISTRICT_CODE "GMB0404" VB #</Process><Process ToolSource="c:\program files\arcgis\desktop10.1\ArcToolbox\Toolboxes\Data Management Tools.tbx\CalculateField" Date="20140521" Time="170758">CalculateField GMB_polbndp_district_1m_ocha DISTRICT_NAME "Nianija" VB #</Process><Process ToolSource="c:\program files\arcgis\desktop10.1\ArcToolbox\Toolboxes\Data Management Tools.tbx\CalculateField" Date="20140521" Time="170840">CalculateField GMB_polbndp_district_1m_ocha DISTRICT_CODE "GMB0404" VB #</Process><Process ToolSource="c:\program files\arcgis\desktop10.1\ArcToolbox\Toolboxes\Data Management Tools.tbx\CalculateField" Date="20140521" Time="170854">CalculateField GMB_polbndp_district_1m_ocha DISTRICT_CODE "GMB0405" VB #</Process><Process ToolSource="c:\program files\arcgis\desktop10.1\ArcToolbox\Toolboxes\Data Management Tools.tbx\CalculateField" Date="20140521" Time="170956">CalculateField GMB_polbndp_district_1m_ocha DISTRICT_CODE "GMB0501" VB #</Process><Process ToolSource="c:\program files\arcgis\desktop10.1\ArcToolbox\Toolboxes\Data Management Tools.tbx\CalculateField" Date="20140521" Time="171010">CalculateField GMB_polbndp_district_1m_ocha DISTRICT_NAME "Kanifing" VB #</Process><Process ToolSource="c:\program files\arcgis\desktop10.1\ArcToolbox\Toolboxes\Data Management Tools.tbx\CalculateField" Date="20140522" Time="112419">CalculateField GMB_polbndp_district_1m_ocha DISTRICT_NAME "Upper Niumi" VB #</Process><Process ToolSource="c:\program files\arcgis\desktop10.1\ArcToolbox\Toolboxes\Data Management Tools.tbx\CalculateField" Date="20140522" Time="112453">CalculateField GMB_polbndp_district_1m_ocha DISTRICT_NAME "Lower Baddibu" VB #</Process><Process ToolSource="c:\program files\arcgis\desktop10.1\ArcToolbox\Toolboxes\Data Management Tools.tbx\CalculateField" Date="20140522" Time="112521">CalculateField GMB_polbndp_district_1m_ocha DISTRICT_NAME "Central Baddibu" VB #</Process><Process ToolSource="c:\program files\arcgis\desktop10.1\ArcToolbox\Toolboxes\Data Management Tools.tbx\CalculateField" Date="20140522" Time="112551">CalculateField GMB_polbndp_district_1m_ocha DISTRICT_NAME "Jokadu" VB #</Process><Process ToolSource="c:\program files\arcgis\desktop10.1\ArcToolbox\Toolboxes\Data Management Tools.tbx\CalculateField" Date="20140522" Time="112620">CalculateField GMB_polbndp_district_1m_ocha DISTRICT_NAME "Lower Niumi" VB #</Process><Process ToolSource="c:\program files\arcgis\desktop10.1\ArcToolbox\Toolboxes\Data Management Tools.tbx\CalculateField" Date="20140522" Time="112649">CalculateField GMB_polbndp_district_1m_ocha DISTRICT_NAME "Upper Baddibu" VB #</Process><Process ToolSource="c:\program files\arcgis\desktop10.1\ArcToolbox\Toolboxes\Data Management Tools.tbx\CalculateField" Date="20140522" Time="112803">CalculateField GMB_polbndp_district_1m_ocha DISTRICT_CODE "GMB0601" VB #</Process><Process ToolSource="c:\program files\arcgis\desktop10.1\ArcToolbox\Toolboxes\Data Management Tools.tbx\CalculateField" Date="20140522" Time="112817">CalculateField GMB_polbndp_district_1m_ocha DISTRICT_CODE "GMB0602" VB #</Process><Process ToolSource="c:\program files\arcgis\desktop10.1\ArcToolbox\Toolboxes\Data Management Tools.tbx\CalculateField" Date="20140522" Time="112828">CalculateField GMB_polbndp_district_1m_ocha DISTRICT_CODE "GMB0603" VB #</Process><Process ToolSource="c:\program files\arcgis\desktop10.1\ArcToolbox\Toolboxes\Data Management Tools.tbx\CalculateField" Date="20140522" Time="112841">CalculateField GMB_polbndp_district_1m_ocha DISTRICT_CODE "GMB0604" VB #</Process><Process ToolSource="c:\program files\arcgis\desktop10.1\ArcToolbox\Toolboxes\Data Management Tools.tbx\CalculateField" Date="20140522" Time="112853">CalculateField GMB_polbndp_district_1m_ocha DISTRICT_CODE "GMB0605" VB #</Process><Process ToolSource="c:\program files\arcgis\desktop10.1\ArcToolbox\Toolboxes\Data Management Tools.tbx\CalculateField" Date="20140522" Time="112905">CalculateField GMB_polbndp_district_1m_ocha DISTRICT_CODE "GMB0606" VB #</Process><Process ToolSource="c:\program files\arcgis\desktop10.1\ArcToolbox\Toolboxes\Data Management Tools.tbx\CalculateField" Date="20140522" Time="113003">CalculateField GMB_polbndp_district_1m_ocha DISTRICT_NAME "Niamina West" VB #</Process><Process ToolSource="c:\program files\arcgis\desktop10.1\ArcToolbox\Toolboxes\Data Management Tools.tbx\CalculateField" Date="20140522" Time="113038">CalculateField GMB_polbndp_district_1m_ocha DISTRICT_NAME "Niamina Dankunku" VB #</Process><Process ToolSource="c:\program files\arcgis\desktop10.1\ArcToolbox\Toolboxes\Data Management Tools.tbx\CalculateField" Date="20140522" Time="113107">CalculateField GMB_polbndp_district_1m_ocha DISTRICT_NAME "Lower Saloum" VB #</Process><Process ToolSource="c:\program files\arcgis\desktop10.1\ArcToolbox\Toolboxes\Data Management Tools.tbx\CalculateField" Date="20140522" Time="113129">CalculateField GMB_polbndp_district_1m_ocha DISTRICT_NAME "Lower Saloum" VB #</Process><Process ToolSource="c:\program files\arcgis\desktop10.1\ArcToolbox\Toolboxes\Data Management Tools.tbx\CalculateField" Date="20140522" Time="113147">CalculateField GMB_polbndp_district_1m_ocha DISTRICT_NAME "Niamina East" VB #</Process><Process ToolSource="c:\program files\arcgis\desktop10.1\ArcToolbox\Toolboxes\Data Management Tools.tbx\CalculateField" Date="20140522" Time="113215">CalculateField GMB_polbndp_district_1m_ocha DISTRICT_NAME "Upper Saloum" VB #</Process><Process ToolSource="c:\program files\arcgis\desktop10.1\ArcToolbox\Toolboxes\Data Management Tools.tbx\CalculateField" Date="20140522" Time="113301">CalculateField GMB_polbndp_district_1m_ocha DISTRICT_CODE "GMB0701" VB #</Process><Process ToolSource="c:\program files\arcgis\desktop10.1\ArcToolbox\Toolboxes\Data Management Tools.tbx\CalculateField" Date="20140522" Time="113311">CalculateField GMB_polbndp_district_1m_ocha DISTRICT_CODE "GMB0702" VB #</Process><Process ToolSource="c:\program files\arcgis\desktop10.1\ArcToolbox\Toolboxes\Data Management Tools.tbx\CalculateField" Date="20140522" Time="113321">CalculateField GMB_polbndp_district_1m_ocha DISTRICT_CODE "GMB0703" VB #</Process><Process ToolSource="c:\program files\arcgis\desktop10.1\ArcToolbox\Toolboxes\Data Management Tools.tbx\CalculateField" Date="20140522" Time="113331">CalculateField GMB_polbndp_district_1m_ocha DISTRICT_CODE "GMB0704" VB #</Process><Process ToolSource="c:\program files\arcgis\desktop10.1\ArcToolbox\Toolboxes\Data Management Tools.tbx\CalculateField" Date="20140522" Time="113343">CalculateField GMB_polbndp_district_1m_ocha DISTRICT_CODE "GMB0705" VB #</Process><Process ToolSource="c:\program files\arcgis\desktop10.1\ArcToolbox\Toolboxes\Data Management Tools.tbx\CalculateField" Date="20140522" Time="114535">CalculateField GMB_polbndp_district_1m_ocha DISTRICT_NAME "Kiang West" VB #</Process><Process ToolSource="c:\program files\arcgis\desktop10.1\ArcToolbox\Toolboxes\Data Management Tools.tbx\CalculateField" Date="20140522" Time="114555">CalculateField GMB_polbndp_district_1m_ocha DISTRICT_NAME "Kiang Central" VB #</Process><Process ToolSource="c:\program files\arcgis\desktop10.1\ArcToolbox\Toolboxes\Data Management Tools.tbx\CalculateField" Date="20140522" Time="114610">CalculateField GMB_polbndp_district_1m_ocha DISTRICT_NAME "Kiang East" VB #</Process><Process ToolSource="c:\program files\arcgis\desktop10.1\ArcToolbox\Toolboxes\Data Management Tools.tbx\CalculateField" Date="20140522" Time="114641">CalculateField GMB_polbndp_district_1m_ocha DISTRICT_NAME "Jarra West" VB #</Process><Process ToolSource="c:\program files\arcgis\desktop10.1\ArcToolbox\Toolboxes\Data Management Tools.tbx\CalculateField" Date="20140522" Time="114733">CalculateField GMB_polbndp_district_1m_ocha DISTRICT_NAME "Jarra West" VB #</Process><Process ToolSource="c:\program files\arcgis\desktop10.1\ArcToolbox\Toolboxes\Data Management Tools.tbx\CalculateField" Date="20140522" Time="114749">CalculateField GMB_polbndp_district_1m_ocha DISTRICT_NAME "Jarra Central" VB #</Process><Process ToolSource="c:\program files\arcgis\desktop10.1\ArcToolbox\Toolboxes\Data Management Tools.tbx\CalculateField" Date="20140522" Time="114810">CalculateField GMB_polbndp_district_1m_ocha DISTRICT_NAME "Jarra East" VB #</Process><Process ToolSource="c:\program files\arcgis\desktop10.1\ArcToolbox\Toolboxes\Data Management Tools.tbx\CalculateField" Date="20140522" Time="114846">CalculateField GMB_polbndp_district_1m_ocha DISTRICT_CODE "GMB0801" VB #</Process><Process ToolSource="c:\program files\arcgis\desktop10.1\ArcToolbox\Toolboxes\Data Management Tools.tbx\CalculateField" Date="20140522" Time="114856">CalculateField GMB_polbndp_district_1m_ocha DISTRICT_CODE "GMB0802" VB #</Process><Process ToolSource="c:\program files\arcgis\desktop10.1\ArcToolbox\Toolboxes\Data Management Tools.tbx\CalculateField" Date="20140522" Time="114907">CalculateField GMB_polbndp_district_1m_ocha DISTRICT_CODE "GMB0803" VB #</Process><Process ToolSource="c:\program files\arcgis\desktop10.1\ArcToolbox\Toolboxes\Data Management Tools.tbx\CalculateField" Date="20140522" Time="114917">CalculateField GMB_polbndp_district_1m_ocha DISTRICT_CODE "GMB0804" VB #</Process><Process ToolSource="c:\program files\arcgis\desktop10.1\ArcToolbox\Toolboxes\Data Management Tools.tbx\CalculateField" Date="20140522" Time="114927">CalculateField GMB_polbndp_district_1m_ocha DISTRICT_CODE "GMB0805" VB #</Process><Process ToolSource="c:\program files\arcgis\desktop10.1\ArcToolbox\Toolboxes\Data Management Tools.tbx\CalculateField" Date="20140522" Time="114938">CalculateField GMB_polbndp_district_1m_ocha DISTRICT_CODE "GMB0806" VB #</Process><Process ToolSource="c:\program files (x86)\arcgis\desktop10.1\ArcToolbox\Toolboxes\Conversion Tools.tbx\FeatureClassToFeatureClass" Date="20160526" Time="121546">FeatureClassToFeatureClass "C:\Local Cloud\Shared\ROWCA\00_Regional Office Dakar\Information Management\07 GIS\06_Gambia\02_Data\GMB_data.gdb\GMB_polbndp_lga_1m_ocha" "C:\Local Cloud\Shared\ROWCA\00_Regional Office Dakar\Information Management\07 GIS\00_ROWCA gdb\GMB.gdb\Admin" GMB_admbnda_adm1_lga_1m_ocha # "CNTRY_NAME "CNTRY_NAME" true true false 20 Text 0 0 ,First,#,C:\Local Cloud\Shared\ROWCA\00_Regional Office Dakar\Information Management\07 GIS\06_Gambia\02_Data\GMB_data.gdb\GMB_polbndp_lga_1m_ocha,CNTRY_NAME,-1,-1;CNTRY_CODE "CNTRY_CODE" true true false 3 Text 0 0 ,First,#,C:\Local Cloud\Shared\ROWCA\00_Regional Office Dakar\Information Management\07 GIS\06_Gambia\02_Data\GMB_data.gdb\GMB_polbndp_lga_1m_ocha,CNTRY_CODE,-1,-1;LGA_NAME "LGA_NAME" true true false 20 Text 0 0 ,First,#,C:\Local Cloud\Shared\ROWCA\00_Regional Office Dakar\Information Management\07 GIS\06_Gambia\02_Data\GMB_data.gdb\GMB_polbndp_lga_1m_ocha,LGA_NAME,-1,-1;LGA_CODE "LGA_CODE" true true false 10 Text 0 0 ,First,#,C:\Local Cloud\Shared\ROWCA\00_Regional Office Dakar\Information Management\07 GIS\06_Gambia\02_Data\GMB_data.gdb\GMB_polbndp_lga_1m_ocha,LGA_CODE,-1,-1;Shape_Length "Shape_Length" false true true 8 Double 0 0 ,First,#,C:\Local Cloud\Shared\ROWCA\00_Regional Office Dakar\Information Management\07 GIS\06_Gambia\02_Data\GMB_data.gdb\GMB_polbndp_lga_1m_ocha,Shape_Length,-1,-1;Shape_Area "Shape_Area" false true true 8 Double 0 0 ,First,#,C:\Local Cloud\Shared\ROWCA\00_Regional Office Dakar\Information Management\07 GIS\06_Gambia\02_Data\GMB_data.gdb\GMB_polbndp_lga_1m_ocha,Shape_Area,-1,-1;Rowcacode "Rowcacode" true true false 50 Text 0 0 ,First,#,C:\Local Cloud\Shared\ROWCA\00_Regional Office Dakar\Information Management\07 GIS\06_Gambia\02_Data\GMB_data.gdb\GMB_polbndp_lga_1m_ocha,Rowcacode,-1,-1" #</Process><Process ToolSource="c:\program files (x86)\arcgis\desktop10.3\ArcToolbox\Toolboxes\Data Management Tools.tbx\CalculateField" Date="20171005" Time="101802">CalculateField GMB_ADM1 Name [LGA_NAME] VB #</Process><Process ToolSource="c:\program files (x86)\arcgis\desktop10.3\ArcToolbox\Toolboxes\Data Management Tools.tbx\CalculateField" Date="20171005" Time="101813">CalculateField GMB_ADM1 Level "ADM1" VB #</Process></lineage></DataProperties><ArcGISFormat>1.0</ArcGISFormat></Esri><idinfo><native Sync="TRUE">Microsoft Windows Vista Version 6.1 (Build 7600) ; ESRI ArcCatalog 9.3.0.1770</native><descript><langdata>en</langdata><abstract>The present geodata represents the second administrative boundaries (Local Government Areas or LGAs) of the Gambia.</abstract><purpose>The data set comes from SALB.</purpose><supplinf>The highest scale of this geodata is 1/1,000,000.</supplinf></descript><citation><citeinfo><origin>The data set comes from SALB.</origin><pubdate>2012/07/12</pubdate><title Sync="TRUE">GMB_adm2_1m_salb</title><ftname Sync="TRUE">GMB_adm2_1m_salb</ftname><geoform Sync="TRUE">vector digital data</geoform><onlink>http://cod.humanitarianresponse.info/</onlink><pubtime>03h:13pm</pubtime><edition>First</edition><serinfo><sername>OCHA_GMB_ADM2_v1_120712</sername></serinfo><pubinfo><pubplace>Dakar, Senegal</pubplace><publish>Abdoulaye DIEYE, GIS Officer, OCHA ROWCA</publish></pubinfo></citeinfo></citation><timeperd><current>ground condition</current><timeinfo><sngdate><caldate>REQUIRED: The year (and optionally month, or month and day) for which the data set corresponds to the ground.</caldate></sngdate></timeinfo></timeperd><status><progress>Complete</progress><update>Unknown</update></status><spdom><bounding><westbc Sync="TRUE">-16.825079</westbc><eastbc Sync="TRUE">-13.797793</eastbc><northbc Sync="TRUE">13.826571</northbc><southbc Sync="TRUE">13.064252</southbc></bounding><lboundng><leftbc Sync="TRUE">-16.825079</leftbc><rightbc Sync="TRUE">-13.797793</rightbc><bottombc Sync="TRUE">13.064252</bottombc><topbc Sync="TRUE">13.826571</topbc></lboundng></spdom><keywords><theme><themekt>REQUIRED: Reference to a formally registered thesaurus or a similar authoritative source of theme keywords.</themekt><themekey>boundaries, admin2, LGAs</themekey></theme><place><placekey>The Gambia, West Africa</placekey></place></keywords><useconst>REQUIRED: Restrictions and legal prerequisites for using the data set after access is granted.</useconst><natvform Sync="TRUE">Shapefile</natvform><ptcontac><cntinfo><cntemail>dieye3@un.org</cntemail><cntvoice>+221 33 869 85 14</cntvoice><cntperp><cntper>Abdoulaye DIEYE</cntper><cntorg>OCHA Regional Office for West and Central Africa (ROWCA)</cntorg></cntperp><cntpos>GIS Officer / Information Analyst</cntpos><cntvoice>+221 77 569 96 54</cntvoice><cnttdd>+221 77 569 96 54</cnttdd><cntfax>+221 33 869 85 27</cntfax><cntemail>ablayedieye07@yahoo.fr</cntemail><hours>Monday to thursday 08h:00am - 5h:30pm    Friday 08h:00am-01h:30pm</hours></cntinfo></ptcontac><crossref><citeinfo><origin>SALB project (UNGIWG)</origin><pubdate>2012/07/12</pubdate><pubtime>03h:13pm</pubtime><title>GMB_adm2_1m_salb</title><edition>First</edition><geoform>vector digital data</geoform><pubinfo><pubplace>OCHA/ROWCA Dakar/Senegal</pubplace><publish>Abdoulaye DIEYE, GIS OFFICER, OCHA/ROWCA</publish></pubinfo><onlink>http://cod.humanitarianresponse.info/country-region/</onlink><serinfo><sername>OCHA_GMB_ADM2_v1_120712</sername></serinfo></citeinfo></crossref><browse><browsen>GMB_adm2_1m_salb</browsen><browsed>Administrative boundaries (LGAs)</browsed><browset>Shapefiles</browset></browse><secinfo><secclass>Unclassified</secclass><sechandl>Sharing only with UN Agencies, partners (NGOs and Governments)</sechandl></secinfo></idinfo><dataIdInfo><envirDesc Sync="TRUE">Microsoft Windows 7 Version 6.1 (Build 7601) Service Pack 1; Esri ArcGIS 10.1.0.3035</envirDesc><dataLang><languageCode Sync="TRUE" value="fra"></languageCode><countryCode value="FRA" Sync="TRUE"></countryCode></dataLang><idCitation><resTitle Sync="TRUE">GMB_admbnda_adm1_lga_1m_ocha</resTitle><presForm><PresFormCd Sync="TRUE" value="005"></PresFormCd></presForm></idCitation><spatRpType><SpatRepTypCd Sync="TRUE" value="001"></SpatRepTypCd></spatRpType><dataExt><geoEle><GeoBndBox esriExtentType="native"><westBL Sync="TRUE">-16,825079</westBL><eastBL Sync="TRUE">-13,797793</eastBL><northBL Sync="TRUE">13,826571</northBL><southBL Sync="TRUE">13,064252</southBL><exTypeCode Sync="TRUE">1</exTypeCode></GeoBndBox></geoEle></dataExt><geoBox esriExtentType="decdegrees"><westBL Sync="TRUE">-16,825079</westBL><eastBL Sync="TRUE">-13,797793</eastBL><northBL Sync="TRUE">13,826571</northBL><southBL Sync="TRUE">13,064252</southBL><exTypeCode Sync="TRUE">1</exTypeCode></geoBox></dataIdInfo><metainfo><langmeta>en</langmeta><metstdn Sync="TRUE">FGDC Content Standards for Digital Geospatial Metadata</metstdn><metstdv Sync="TRUE">FGDC-STD-001-1998</metstdv><mettc Sync="TRUE">local time</mettc><metc><cntinfo><cntaddr><addrtype>REQUIRED: The mailing and/or physical address for the organization or individual.</addrtype><city>Dakar</city><state>Senegal</state><postal>REQUIRED: The ZIP or other postal code of the address.</postal></cntaddr><cntvoice>+221 33 869 85 14</cntvoice><cntvoice>+221 77 569 96 54</cntvoice><cntemail>dieye3@un.org</cntemail><cntemail>ablayedieye07@yahoo.fr</cntemail><cntpos>GIS Officer / Information Analyst</cntpos><cnttdd>+221 77 609 16 21</cnttdd><cntfax>+221 33 869 85 27</cntfax><hours>Monday to thursday 08h:00am - 5h:30pm    Friday 08h:00am-01h:30pm</hours><cntperp><cntper>Abdoulaye DIEYE</cntper><cntorg>OCHA Regional Office for West and Central Africa (ROWCA)</cntorg></cntperp></cntinfo></metc><metd Sync="TRUE">20120712</metd><metac>No</metac><metuc>No</metuc><metsi><metsc>Unclassified</metsc></metsi><metextns><onlink>http://cod.humanitarianresponse.info/country-region/</onlink><metprof Sync="TRUE">ESRI Metadata Profile</metprof></metextns></metainfo><mdLang><languageCode Sync="TRUE" value="fra"></languageCode><countryCode value="FRA" Sync="TRUE"></countryCode></mdLang><mdStanName Sync="TRUE">ISO 19115 Geographic Information - Metadata</mdStanName><mdStanVer Sync="TRUE">DIS_ESRI1.0</mdStanVer><mdChar><CharSetCd Sync="TRUE" value="004"></CharSetCd></mdChar><mdHrLv><ScopeCd Sync="TRUE" value="005"></ScopeCd></mdHrLv><mdHrLvName Sync="TRUE">dataset</mdHrLvName><distinfo><resdesc Sync="TRUE">Downloadable Data</resdesc><stdorder><digform><digtinfo><transize Sync="TRUE">0,144</transize><dssize Sync="TRUE">0,144</dssize><formname>Shapefile</formname></digtinfo></digform></stdorder></distinfo><distInfo><distributor><distorTran><onLineSrc><orDesc Sync="TRUE">002</orDesc><linkage Sync="TRUE">file://\\GISCOMPUTER\D$\GIS\06_Gambia\02_Base_map\01_Admin\GMB_adm2_1m_salb.shp</linkage><protocol Sync="TRUE">Local Area Network</protocol></onLineSrc><transSize Sync="TRUE">0,144</transSize></distorTran><distorFormat><formatName Sync="TRUE">Shapefile</formatName></distorFormat></distributor><distFormat><formatName Sync="TRUE">File Geodatabase Feature Class</formatName></distFormat></distInfo><spdoinfo><direct Sync="TRUE">Vector</direct><ptvctinf><esriterm Name="GMB_admbnda_adm1_lga_1m_ocha"><efeatyp Sync="TRUE">Simple</efeatyp><efeageom code="4" Sync="TRUE"></efeageom><esritopo Sync="TRUE">FALSE</esritopo><efeacnt Sync="TRUE">0</efeacnt><spindex Sync="TRUE">TRUE</spindex><linrefer Sync="TRUE">FALSE</linrefer></esriterm></ptvctinf></spdoinfo><spatRepInfo><VectSpatRep><geometObjs Name="GMB_admbnda_adm1_lga_1m_ocha"><geoObjTyp><GeoObjTypCd value="002" Sync="TRUE"></GeoObjTypCd></geoObjTyp><geoObjCnt Sync="TRUE">0</geoObjCnt></geometObjs><topLvl><TopoLevCd value="001" Sync="TRUE"></TopoLevCd></topLvl></VectSpatRep></spatRepInfo><eainfo><detailed Name="GMB_admbnda_adm1_lga_1m_ocha"><enttyp><enttypl Sync="TRUE">GMB_admbnda_adm1_lga_1m_ocha</enttypl><enttypt Sync="TRUE">Feature Class</enttypt><enttypc Sync="TRUE">0</enttypc></enttyp><attr><attrlabl Sync="TRUE">OBJECTID</attrlabl><attalias Sync="TRUE">OBJECTID</attalias><attrtype Sync="TRUE">OID</attrtype><attwidth Sync="TRUE">4</attwidth><atprecis Sync="TRUE">0</atprecis><attscale Sync="TRUE">0</attscale><attrdef Sync="TRUE">Internal feature number.</attrdef><attrdefs Sync="TRUE">Esri</attrdefs><attrdomv><udom Sync="TRUE">Sequential unique whole numbers that are automatically generated.</udom></attrdomv></attr><attr><attrlabl Sync="TRUE">Shape</attrlabl><attalias Sync="TRUE">Shape</attalias><attrtype Sync="TRUE">Geometry</attrtype><attwidth Sync="TRUE">0</attwidth><atprecis Sync="TRUE">0</atprecis><attscale Sync="TRUE">0</attscale><attrdef Sync="TRUE">Feature geometry.</attrdef><attrdefs Sync="TRUE">ESRI</attrdefs><attrdomv><udom Sync="TRUE">Coordinates defining the features.</udom></attrdomv></attr><attr><attrlabl Sync="TRUE">CNTRY_NAME</attrlabl><attalias Sync="TRUE">CNTRY_NAME</attalias><attrtype Sync="TRUE">String</attrtype><attwidth Sync="TRUE">20</attwidth><atprecis Sync="TRUE">0</atprecis><attscale Sync="TRUE">0</attscale></attr><attr><attrlabl Sync="TRUE">CNTRY_CODE</attrlabl><attalias Sync="TRUE">CNTRY_CODE</attalias><attrtype Sync="TRUE">String</attrtype><attwidth Sync="TRUE">3</attwidth><atprecis Sync="TRUE">0</atprecis><attscale Sync="TRUE">0</attscale></attr><attr><attrlabl Sync="TRUE">LGA_NAME</attrlabl><attalias Sync="TRUE">LGA_NAME</attalias><attrtype Sync="TRUE">String</attrtype><attwidth Sync="TRUE">20</attwidth><atprecis Sync="TRUE">0</atprecis><attscale Sync="TRUE">0</attscale></attr><attr><attrlabl Sync="TRUE">LGA_CODE</attrlabl><attalias Sync="TRUE">LGA_CODE</attalias><attrtype Sync="TRUE">String</attrtype><attwidth Sync="TRUE">10</attwidth><atprecis Sync="TRUE">0</atprecis><attscale Sync="TRUE">0</attscale></attr><attr><attrlabl Sync="TRUE">Rowcacode</attrlabl><attalias Sync="TRUE">Rowcacode</attalias><attrtype Sync="TRUE">String</attrtype><attwidth Sync="TRUE">50</attwidth><atprecis Sync="TRUE">0</atprecis><attscale Sync="TRUE">0</attscale></attr><attr><attrlabl Sync="TRUE">Shape_Length</attrlabl><attalias Sync="TRUE">Shape_Length</attalias><attrtype Sync="TRUE">Double</attrtype><attwidth Sync="TRUE">8</attwidth><atprecis Sync="TRUE">0</atprecis><attscale Sync="TRUE">0</attscale><attrdef Sync="TRUE">Length of feature in internal units.</attrdef><attrdefs Sync="TRUE">Esri</attrdefs><attrdomv><udom Sync="TRUE">Positive real numbers that are automatically generated.</udom></attrdomv></attr><attr><attrlabl Sync="TRUE">Shape_Area</attrlabl><attalias Sync="TRUE">Shape_Area</attalias><attrtype Sync="TRUE">Double</attrtype><attwidth Sync="TRUE">8</attwidth><atprecis Sync="TRUE">0</atprecis><attscale Sync="TRUE">0</attscale><attrdef Sync="TRUE">Area of feature in internal units squared.</attrdef><attrdefs Sync="TRUE">Esri</attrdefs><attrdomv><udom Sync="TRUE">Positive real numbers that are automatically generated.</udom></attrdomv></attr></detailed></eainfo><mdDateSt Sync="TRUE">20160526</mdDateSt><spref><horizsys><cordsysn><geogcsn Sync="TRUE">GCS_WGS_1984</geogcsn></cordsysn><geodetic><horizdn Sync="TRUE">D_WGS_1984</horizdn><ellips Sync="TRUE">WGS_1984</ellips><semiaxis Sync="TRUE">6378137.000000</semiaxis><denflat Sync="TRUE">298.257224</denflat></geodetic><geograph><geogunit Sync="TRUE">Decimal degrees</geogunit><latres Sync="TRUE">0.000000</latres><longres Sync="TRUE">0.000000</longres></geograph></horizsys><vertdef><altsys><altdatum>WGS 1984</altdatum><altunits>meters</altunits></altsys><depthsys><depthdn>WGS 1984</depthdn><depthdu>meters</depthdu></depthsys></vertdef></spref><dataqual><lineage><procstep><procdesc Sync="TRUE">Dataset copied.</procdesc><procdate>20120712</procdate></procstep><srcinfo><srcscale>1/1,000,000</srcscale></srcinfo></lineage></dataqual><refSysInfo><RefSystem><refSysID><identCode Sync="TRUE" value="4326">GCS_WGS_1984</identCode><idCodeSpace Sync="TRUE">EPSG</idCodeSpace><idVersion Sync="TRUE">7.9.4</idVersion></refSysID></RefSystem></refSysInfo></metadata>
