{"boundaryID": "NER-ADM0-81009564", "boundaryISO": "NER", "boundaryType": "ADM0", "boundaryYear": "08-08-2011 to 07-01-2022", "boundarySource-1": "From SALB Data, United Nations", "boundarySource-2": "Minist\u00e8re de l'Urbanisme et du Logement Institut G\u00e9ographique National du Niger", "boundaryCanonical": "Republic of Niger", "boundaryLicense": "UN SALB Data License", "licenseDetail": "", "licenseSource": "https//www.unsalb.org/sites/default/files/wysiwyg_uploads/docs_uploads/TermsOfUseSALB2021.pdf", "boundarySourceURL": "https//www.unsalb.org/data/ner", "downloadURL": "https://github.com/wmgeolab/geoBoundaries/raw/main/releaseData/gbAuthoritative/NER_ADM0.zip", "sourceDataUpdateDate": "May 04, 2022", "buildUpdateDate": "Oct 28, 2022"}