{"boundaryID": "NER-ADM0-1654944", "boundaryISO": "NER", "boundaryType": "ADM0", "boundaryYear": "08-08-2011 to 07-01-2022", "boundarySource-1": "From SALB Data, United Nations", "boundarySource-2": "Minist\u00e8re de l'Urbanisme et du Logement Institut G\u00e9ographique National du Niger", "boundaryCanonical": "R\u00e9publique du Niger", "boundaryLicense": "UN SALB Data License", "licenseDetail": "", "licenseSource": "https//www.unsalb.org/sites/default/files/wysiwyg_uploads/docs_uploads/SALB_DataSpecifications_v2.0_20210601.pdf", "boundarySourceURL": "https//www.unsalb.org/data/ner", "downloadURL": "https://github.com/wmgeolab/geoBoundaries/raw/main/releaseData/gbAuthoritative/NER_ADM0.zip", "sourceDataUpdateDate": "Feb 18, 2022", "buildUpdateDate": "Mar 11, 2022"}