{"boundaryID": "MLI-ADM0-8439793", "boundaryISO": "MLI", "boundaryType": "ADM0", "boundaryYear": "2015", "boundarySource-1": "DNCT - Direction Nationale des Colelctivit\u00e9s Territorielles, DNP - Direction Nationale de la Population", "boundarySource-2": "United Nations Office for the Coordination of Humanitarian Affairs, Mali", "boundaryCanonical": "Republic of Mali", "boundaryLicense": "Creative Commons Attribution 4.0 International (CC BY 4.0)", "licenseDetail": "", "licenseSource": "https//data.humdata.org/dataset/mali-admin-boundaries-level-1-2-and-3-including-2017-population-desagregated-by-sexe", "boundarySourceURL": "https//data.humdata.org/dataset/mali-admin-boundaries-level-1-2-and-3-including-2017-population-desagregated-by-sexe", "downloadURL": "https://github.com/wmgeolab/geoBoundaries/raw/main/releaseData/gbOpen/MLI_ADM0.zip", "sourceDataUpdateDate": "Jun 04, 2021", "buildUpdateDate": "Aug 27, 2021"}