<?xml version="1.0" encoding="UTF-8"?>
<metadata xml:lang="en"><Esri><CreaDate>20171011</CreaDate><CreaTime>09261400</CreaTime><ArcGISFormat>1.0</ArcGISFormat><SyncOnce>TRUE</SyncOnce><DataProperties><lineage><Process ToolSource="c:\program files\arcgis\desktop10.1\ArcToolbox\Toolboxes\Data Management Tools.tbx\CalculateField" Date="20141002" Time="092245">CalculateField SLE_polbndp_provinces-health_1m_ocha OCHAPCODE1 Replace( [ADM1_CODE], "SLE", "SL" ) VB #</Process><Process ToolSource="c:\program files\arcgis\desktop10.1\ArcToolbox\Toolboxes\Data Management Tools.tbx\CalculateField" Date="20141014" Time="100318">CalculateField SLE_polbndp_provinces-health_1m_ocha PROVCODE 1 VB #</Process><Process ToolSource="c:\program files\arcgis\desktop10.1\ArcToolbox\Toolboxes\Data Management Tools.tbx\CalculateField" Date="20141014" Time="100338">CalculateField SLE_polbndp_provinces-health_1m_ocha PROVCODE 2 VB #</Process><Process ToolSource="c:\program files\arcgis\desktop10.1\ArcToolbox\Toolboxes\Data Management Tools.tbx\CalculateField" Date="20141014" Time="100353">CalculateField SLE_polbndp_provinces-health_1m_ocha PROVCODE 3 VB #</Process><Process ToolSource="c:\program files\arcgis\desktop10.1\ArcToolbox\Toolboxes\Data Management Tools.tbx\CalculateField" Date="20141014" Time="100402">CalculateField SLE_polbndp_provinces-health_1m_ocha PROVCODE 4 VB #</Process><Process ToolSource="c:\program files\arcgis\desktop10.1\ArcToolbox\Toolboxes\Data Management Tools.tbx\CalculateField" Date="20141014" Time="100427">CalculateField SLE_polbndp_provinces-health_1m_ocha ADM1_CODE "[CNTRY_CODE] + [PROVCODE]" VB #</Process><Process ToolSource="c:\program files\arcgis\desktop10.1\ArcToolbox\Toolboxes\Data Management Tools.tbx\CalculateField" Date="20141021" Time="153430">CalculateField SLE_polbndp_provinces-health_1m_ocha HRname [ADM1_NAME] VB #</Process><Process ToolSource="c:\program files\arcgis\desktop10.1\ArcToolbox\Toolboxes\Data Management Tools.tbx\CalculateField" Date="20141021" Time="153806">CalculateField SLE_polbndp_provinces-health_1m_ocha HRpcode [HRpcode] VB #</Process><Process ToolSource="c:\program files\arcgis\desktop10.1\ArcToolbox\Toolboxes\Data Management Tools.tbx\CalculateField" Date="20141021" Time="153822">CalculateField SLE_polbndp_provinces-health_1m_ocha HRpcode [OCHAPCODE1] VB #</Process><Process ToolSource="c:\program files\arcgis\desktop10.1\ArcToolbox\Toolboxes\Data Management Tools.tbx\CalculateField" Date="20141021" Time="153935">CalculateField SLE_polbndp_provinces-health_1m_ocha HRparent [ISO_2_CODE] VB #</Process><Process ToolSource="c:\program files\arcgis\desktop10.1\ArcToolbox\Toolboxes\Data Management Tools.tbx\CalculateField" Date="20141021" Time="154234">CalculateField SLE_polbndp_provinces-health_1m_ocha HRpcode "[ISO_2_CODE] + [PROVCODE]" VB #</Process><Process ToolSource="c:\program files (x86)\arcgis\desktop10.1\ArcToolbox\Toolboxes\Data Management Tools.tbx\CalculateField" Date="20141104" Time="115008">CalculateField sle_admn_ad1_py_s0_ocha_pp_provinces CDE_ADM1 "Left( [OCHAPCODE1],2 ) &amp;"E" &amp;Right( [OCHAPCODE1],2  )" VB #</Process><Process ToolSource="c:\program files (x86)\arcgis\desktop10.3\ArcToolbox\Toolboxes\Data Management Tools.tbx\CalculateField" Date="20171011" Time="092651">CalculateField SLE_ADM1 Name [ADM1_NAME] VB #</Process><Process ToolSource="c:\program files (x86)\arcgis\desktop10.3\ArcToolbox\Toolboxes\Data Management Tools.tbx\CalculateField" Date="20171011" Time="092658">CalculateField SLE_ADM1 Level "ADM1" VB #</Process></lineage><itemProps><itemLocation><linkage Sync="TRUE">file://\\MA-LAPTOP70\D_MapAction\alpha\2014-10-21-Sierra Leone\GIS\2_Active_Data\202_admn\WorkingCoded\sle_admn_ad1_py_s0_ocha_pp_provinces</linkage><protocol Sync="TRUE">Local Area Network</protocol></itemLocation></itemProps><copyHistory><copy source="Z:\alpha\2014-10-21-Sierra Leone\GIS\2_Active_Data\202_admn\sle_admn_ad1_py_s0_ocha_pp_provinces" dest="\\MA-LAPTOP70\D_MapAction\alpha\2014-10-21-Sierra Leone\GIS\2_Active_Data\202_admn\WorkingCoded\sle_admn_ad1_py_s0_ocha_pp_provinces" date="20141102" time="15183600"></copy></copyHistory></DataProperties></Esri></metadata>
