<?xml version="1.0" encoding="UTF-8"?>
<metadata xml:lang="en"><Esri><CreaDate>20180124</CreaDate><CreaTime>22482800</CreaTime><SyncOnce>FALSE</SyncOnce><SyncDate>20170817</SyncDate><SyncTime>13121700</SyncTime><ModDate>20170817</ModDate><ModTime>13121700</ModTime><DataProperties><lineage><Process ToolSource="C:\Program Files (x86)\ArcGIS\ArcToolbox\Toolboxes\Data Management Tools.tbx\Merge" Date="20170219" Time="131535">Merge EDR_GaNaPa_Caste;CDR_GaNaPa_Caste;FarWDR_GaNaPa_Caste;MWDR_GaNaPa_Caste;WDR_GaNaPa_Caste F:\LLRC_II\Merge\Nepal_GaNaPa_Caste.shp "DCODE 'DCODE' true true false 4 Short 0 4 ,First,#,EDR_GaNaPa_Caste,DCODE,-1,-1,CDR_GaNaPa_Caste,DCODE,-1,-1,FarWDR_GaNaPa_Caste,DCODE,-1,-1,MWDR_GaNaPa_Caste,DCODE,-1,-1,WDR_GaNaPa_Caste,DCODE,-1,-1;DISTRICT 'DISTRICT' true true false 50 Text 0 0 ,First,#,EDR_GaNaPa_Caste,DISTRICT,-1,-1,CDR_GaNaPa_Caste,DISTRICT,-1,-1,FarWDR_GaNaPa_Caste,DISTRICT,-1,-1,MWDR_GaNaPa_Caste,DISTRICT,-1,-1,WDR_GaNaPa_Caste,DISTRICT,-1,-1;GaPa_NaPa 'GaPa_NaPa' true true false 50 Text 0 0 ,First,#,EDR_GaNaPa_Caste,GaPa_NaPa,-1,-1,CDR_GaNaPa_Caste,GaPa_NaPa,-1,-1,FarWDR_GaNaPa_Caste,GaPa_NaPa,-1,-1,MWDR_GaNaPa_Caste,GaPa_NaPa,-1,-1,WDR_GaNaPa_Caste,GaPa_NaPa,-1,-1;Type_GN 'Type_GN' true true false 50 Text 0 0 ,First,#,EDR_GaNaPa_Caste,Type_GN,-1,-1,CDR_GaNaPa_Caste,Type_GN,-1,-1,FarWDR_GaNaPa_Caste,Type_GN,-1,-1,MWDR_GaNaPa_Caste,Type_GN,-1,-1,WDR_GaNaPa_Caste,Type_GN,-1,-1;GN_CODE 'GN_CODE' true true false 10 Double 0 10 ,First,#,EDR_GaNaPa_Caste,GN_CODE,-1,-1,CDR_GaNaPa_Caste,GN_CODE,-1,-1,FarWDR_GaNaPa_Caste,GN_CODE,-1,-1,MWDR_GaNaPa_Caste,GN_CODE,-1,-1,WDR_GaNaPa_Caste,GN_CODE,-1,-1;DGN_Code 'DGN_Code' true true false 10 Double 0 10 ,First,#,EDR_GaNaPa_Caste,DGN_Code,-1,-1,CDR_GaNaPa_Caste,DGN_Code,-1,-1,FarWDR_GaNaPa_Caste,DGN_Code,-1,-1,MWDR_GaNaPa_Caste,DGN_Code,-1,-1,WDR_GaNaPa_Caste,DGN_Code,-1,-1;DGN_Code_1 'DGN_Code_1' true true false 16 Double 6 15 ,First,#,EDR_GaNaPa_Caste,DGN_Code_1,-1,-1,CDR_GaNaPa_Caste,DGN_Code_1,-1,-1,FarWDR_GaNaPa_Caste,DGN_Code_1,-1,-1,MWDR_GaNaPa_Caste,DGN_Code_1,-1,-1,WDR_GaNaPa_Caste,DGN_Code_1,-1,-1;Local_unit 'Local_unit' true true false 254 Text 0 0 ,First,#,EDR_GaNaPa_Caste,Local_unit,-1,-1,CDR_GaNaPa_Caste,Local_unit,-1,-1,FarWDR_GaNaPa_Caste,Local_unit,-1,-1,MWDR_GaNaPa_Caste,Local_unit,-1,-1,WDR_GaNaPa_Caste,Local_unit,-1,-1;Chhetree 'Chhetree' true true false 16 Double 6 15 ,First,#,EDR_GaNaPa_Caste,Chhetree,-1,-1,CDR_GaNaPa_Caste,Chhetree,-1,-1,FarWDR_GaNaPa_Caste,Chhetree,-1,-1,MWDR_GaNaPa_Caste,Chhetree,-1,-1,WDR_GaNaPa_Caste,Chhetree,-1,-1;Brahman__ 'Brahman__' true true false 16 Double 6 15 ,First,#,EDR_GaNaPa_Caste,Brahman__,-1,-1,CDR_GaNaPa_Caste,Brahman__,-1,-1,FarWDR_GaNaPa_Caste,Brahman__,-1,-1,MWDR_GaNaPa_Caste,Brahman__,-1,-1,WDR_GaNaPa_Caste,Brahman__,-1,-1;Magar 'Magar' true true false 16 Double 6 15 ,First,#,EDR_GaNaPa_Caste,Magar,-1,-1,CDR_GaNaPa_Caste,Magar,-1,-1,FarWDR_GaNaPa_Caste,Magar,-1,-1,MWDR_GaNaPa_Caste,Magar,-1,-1,WDR_GaNaPa_Caste,Magar,-1,-1;Tharu 'Tharu' true true false 16 Double 6 15 ,First,#,EDR_GaNaPa_Caste,Tharu,-1,-1,CDR_GaNaPa_Caste,Tharu,-1,-1,FarWDR_GaNaPa_Caste,Tharu,-1,-1,MWDR_GaNaPa_Caste,Tharu,-1,-1,WDR_GaNaPa_Caste,Tharu,-1,-1;Tamang 'Tamang' true true false 16 Double 6 15 ,First,#,EDR_GaNaPa_Caste,Tamang,-1,-1,CDR_GaNaPa_Caste,Tamang,-1,-1,FarWDR_GaNaPa_Caste,Tamang,-1,-1,MWDR_GaNaPa_Caste,Tamang,-1,-1,WDR_GaNaPa_Caste,Tamang,-1,-1;Newar 'Newar' true true false 16 Double 6 15 ,First,#,EDR_GaNaPa_Caste,Newar,-1,-1,CDR_GaNaPa_Caste,Newar,-1,-1,FarWDR_GaNaPa_Caste,Newar,-1,-1,MWDR_GaNaPa_Caste,Newar,-1,-1,WDR_GaNaPa_Caste,Newar,-1,-1;Musalman 'Musalman' true true false 16 Double 6 15 ,First,#,EDR_GaNaPa_Caste,Musalman,-1,-1,CDR_GaNaPa_Caste,Musalman,-1,-1,FarWDR_GaNaPa_Caste,Musalman,-1,-1,MWDR_GaNaPa_Caste,Musalman,-1,-1,WDR_GaNaPa_Caste,Musalman,-1,-1;Kami 'Kami' true true false 16 Double 6 15 ,First,#,EDR_GaNaPa_Caste,Kami,-1,-1,CDR_GaNaPa_Caste,Kami,-1,-1,FarWDR_GaNaPa_Caste,Kami,-1,-1,MWDR_GaNaPa_Caste,Kami,-1,-1,WDR_GaNaPa_Caste,Kami,-1,-1;Yadav 'Yadav' true true false 16 Double 6 15 ,First,#,EDR_GaNaPa_Caste,Yadav,-1,-1,CDR_GaNaPa_Caste,Yadav,-1,-1,FarWDR_GaNaPa_Caste,Yadav,-1,-1,MWDR_GaNaPa_Caste,Yadav,-1,-1,WDR_GaNaPa_Caste,Yadav,-1,-1;Rai 'Rai' true true false 16 Double 6 15 ,First,#,EDR_GaNaPa_Caste,Rai,-1,-1,CDR_GaNaPa_Caste,Rai,-1,-1,FarWDR_GaNaPa_Caste,Rai,-1,-1,MWDR_GaNaPa_Caste,Rai,-1,-1,WDR_GaNaPa_Caste,Rai,-1,-1;Gurung 'Gurung' true true false 16 Double 6 15 ,First,#,EDR_GaNaPa_Caste,Gurung,-1,-1,CDR_GaNaPa_Caste,Gurung,-1,-1,FarWDR_GaNaPa_Caste,Gurung,-1,-1,MWDR_GaNaPa_Caste,Gurung,-1,-1,WDR_GaNaPa_Caste,Gurung,-1,-1;Damai_Dhol 'Damai_Dhol' true true false 16 Double 6 15 ,First,#,EDR_GaNaPa_Caste,Damai_Dhol,-1,-1,CDR_GaNaPa_Caste,Damai_Dhol,-1,-1,FarWDR_GaNaPa_Caste,Damai_Dhol,-1,-1,MWDR_GaNaPa_Caste,Damai_Dhol,-1,-1,WDR_GaNaPa_Caste,Damai_Dhol,-1,-1;Limbu 'Limbu' true true false 16 Double 6 15 ,First,#,EDR_GaNaPa_Caste,Limbu,-1,-1,CDR_GaNaPa_Caste,Limbu,-1,-1,FarWDR_GaNaPa_Caste,Limbu,-1,-1,MWDR_GaNaPa_Caste,Limbu,-1,-1,WDR_GaNaPa_Caste,Limbu,-1,-1;Thakuri 'Thakuri' true true false 16 Double 6 15 ,First,#,EDR_GaNaPa_Caste,Thakuri,-1,-1,CDR_GaNaPa_Caste,Thakuri,-1,-1,FarWDR_GaNaPa_Caste,Thakuri,-1,-1,MWDR_GaNaPa_Caste,Thakuri,-1,-1,WDR_GaNaPa_Caste,Thakuri,-1,-1;Sarki 'Sarki' true true false 16 Double 6 15 ,First,#,EDR_GaNaPa_Caste,Sarki,-1,-1,CDR_GaNaPa_Caste,Sarki,-1,-1,FarWDR_GaNaPa_Caste,Sarki,-1,-1,MWDR_GaNaPa_Caste,Sarki,-1,-1,WDR_GaNaPa_Caste,Sarki,-1,-1;Teli 'Teli' true true false 16 Double 6 15 ,First,#,EDR_GaNaPa_Caste,Teli,-1,-1,CDR_GaNaPa_Caste,Teli,-1,-1,FarWDR_GaNaPa_Caste,Teli,-1,-1,MWDR_GaNaPa_Caste,Teli,-1,-1,WDR_GaNaPa_Caste,Teli,-1,-1;Chamar_Har 'Chamar_Har' true true false 16 Double 6 15 ,First,#,EDR_GaNaPa_Caste,Chamar_Har,-1,-1,CDR_GaNaPa_Caste,Chamar_Har,-1,-1,FarWDR_GaNaPa_Caste,Chamar_Har,-1,-1,MWDR_GaNaPa_Caste,Chamar_Har,-1,-1,WDR_GaNaPa_Caste,Chamar_Har,-1,-1;Koiri_Kush 'Koiri_Kush' true true false 16 Double 6 15 ,First,#,EDR_GaNaPa_Caste,Koiri_Kush,-1,-1,CDR_GaNaPa_Caste,Koiri_Kush,-1,-1,FarWDR_GaNaPa_Caste,Koiri_Kush,-1,-1,MWDR_GaNaPa_Caste,Koiri_Kush,-1,-1,WDR_GaNaPa_Caste,Koiri_Kush,-1,-1;Kurmi 'Kurmi' true true false 16 Double 6 15 ,First,#,EDR_GaNaPa_Caste,Kurmi,-1,-1,CDR_GaNaPa_Caste,Kurmi,-1,-1,FarWDR_GaNaPa_Caste,Kurmi,-1,-1,MWDR_GaNaPa_Caste,Kurmi,-1,-1,WDR_GaNaPa_Caste,Kurmi,-1,-1;Sanyasi_Da 'Sanyasi_Da' true true false 16 Double 6 15 ,First,#,EDR_GaNaPa_Caste,Sanyasi_Da,-1,-1,CDR_GaNaPa_Caste,Sanyasi_Da,-1,-1,FarWDR_GaNaPa_Caste,Sanyasi_Da,-1,-1,MWDR_GaNaPa_Caste,Sanyasi_Da,-1,-1,WDR_GaNaPa_Caste,Sanyasi_Da,-1,-1;Dhanuk 'Dhanuk' true true false 16 Double 6 15 ,First,#,EDR_GaNaPa_Caste,Dhanuk,-1,-1,CDR_GaNaPa_Caste,Dhanuk,-1,-1,FarWDR_GaNaPa_Caste,Dhanuk,-1,-1,MWDR_GaNaPa_Caste,Dhanuk,-1,-1,WDR_GaNaPa_Caste,Dhanuk,-1,-1;Musahar 'Musahar' true true false 16 Double 6 15 ,First,#,EDR_GaNaPa_Caste,Musahar,-1,-1,CDR_GaNaPa_Caste,Musahar,-1,-1,FarWDR_GaNaPa_Caste,Musahar,-1,-1,MWDR_GaNaPa_Caste,Musahar,-1,-1,WDR_GaNaPa_Caste,Musahar,-1,-1;Dusadh_Pas 'Dusadh_Pas' true true false 16 Double 6 15 ,First,#,EDR_GaNaPa_Caste,Dusadh_Pas,-1,-1,CDR_GaNaPa_Caste,Dusadh_Pas,-1,-1,FarWDR_GaNaPa_Caste,Dusadh_Pas,-1,-1,MWDR_GaNaPa_Caste,Dusadh_Pas,-1,-1,WDR_GaNaPa_Caste,Dusadh_Pas,-1,-1;Sherpa 'Sherpa' true true false 16 Double 6 15 ,First,#,EDR_GaNaPa_Caste,Sherpa,-1,-1,CDR_GaNaPa_Caste,Sherpa,-1,-1,FarWDR_GaNaPa_Caste,Sherpa,-1,-1,MWDR_GaNaPa_Caste,Sherpa,-1,-1,WDR_GaNaPa_Caste,Sherpa,-1,-1;Sonar 'Sonar' true true false 16 Double 6 15 ,First,#,EDR_GaNaPa_Caste,Sonar,-1,-1,CDR_GaNaPa_Caste,Sonar,-1,-1,FarWDR_GaNaPa_Caste,Sonar,-1,-1,MWDR_GaNaPa_Caste,Sonar,-1,-1,WDR_GaNaPa_Caste,Sonar,-1,-1;Kewat 'Kewat' true true false 16 Double 6 15 ,First,#,EDR_GaNaPa_Caste,Kewat,-1,-1,CDR_GaNaPa_Caste,Kewat,-1,-1,FarWDR_GaNaPa_Caste,Kewat,-1,-1,MWDR_GaNaPa_Caste,Kewat,-1,-1,WDR_GaNaPa_Caste,Kewat,-1,-1;Brahman_1 'Brahman_1' true true false 16 Double 6 15 ,First,#,EDR_GaNaPa_Caste,Brahman_1,-1,-1,CDR_GaNaPa_Caste,Brahman_1,-1,-1,FarWDR_GaNaPa_Caste,Brahman_1,-1,-1,MWDR_GaNaPa_Caste,Brahman_1,-1,-1,WDR_GaNaPa_Caste,Brahman_1,-1,-1;Kathbaniya 'Kathbaniya' true true false 16 Double 6 15 ,First,#,EDR_GaNaPa_Caste,Kathbaniya,-1,-1,CDR_GaNaPa_Caste,Kathbaniya,-1,-1,FarWDR_GaNaPa_Caste,Kathbaniya,-1,-1,MWDR_GaNaPa_Caste,Kathbaniya,-1,-1,WDR_GaNaPa_Caste,Kathbaniya,-1,-1;Gharti_Bhu 'Gharti_Bhu' true true false 16 Double 6 15 ,First,#,EDR_GaNaPa_Caste,Gharti_Bhu,-1,-1,CDR_GaNaPa_Caste,Gharti_Bhu,-1,-1,FarWDR_GaNaPa_Caste,Gharti_Bhu,-1,-1,MWDR_GaNaPa_Caste,Gharti_Bhu,-1,-1,WDR_GaNaPa_Caste,Gharti_Bhu,-1,-1;Mallaha 'Mallaha' true true false 16 Double 6 15 ,First,#,EDR_GaNaPa_Caste,Mallaha,-1,-1,CDR_GaNaPa_Caste,Mallaha,-1,-1,FarWDR_GaNaPa_Caste,Mallaha,-1,-1,MWDR_GaNaPa_Caste,Mallaha,-1,-1,WDR_GaNaPa_Caste,Mallaha,-1,-1;Kalwar 'Kalwar' true true false 16 Double 6 15 ,First,#,EDR_GaNaPa_Caste,Kalwar,-1,-1,CDR_GaNaPa_Caste,Kalwar,-1,-1,FarWDR_GaNaPa_Caste,Kalwar,-1,-1,MWDR_GaNaPa_Caste,Kalwar,-1,-1,WDR_GaNaPa_Caste,Kalwar,-1,-1;Kumal 'Kumal' true true false 16 Double 6 15 ,First,#,EDR_GaNaPa_Caste,Kumal,-1,-1,CDR_GaNaPa_Caste,Kumal,-1,-1,FarWDR_GaNaPa_Caste,Kumal,-1,-1,MWDR_GaNaPa_Caste,Kumal,-1,-1,WDR_GaNaPa_Caste,Kumal,-1,-1;Hajam_Thak 'Hajam_Thak' true true false 16 Double 6 15 ,First,#,EDR_GaNaPa_Caste,Hajam_Thak,-1,-1,CDR_GaNaPa_Caste,Hajam_Thak,-1,-1,FarWDR_GaNaPa_Caste,Hajam_Thak,-1,-1,MWDR_GaNaPa_Caste,Hajam_Thak,-1,-1,WDR_GaNaPa_Caste,Hajam_Thak,-1,-1;Kanu 'Kanu' true true false 16 Double 6 15 ,First,#,EDR_GaNaPa_Caste,Kanu,-1,-1,CDR_GaNaPa_Caste,Kanu,-1,-1,FarWDR_GaNaPa_Caste,Kanu,-1,-1,MWDR_GaNaPa_Caste,Kanu,-1,-1,WDR_GaNaPa_Caste,Kanu,-1,-1;Rajbansi 'Rajbansi' true true false 16 Double 6 15 ,First,#,EDR_GaNaPa_Caste,Rajbansi,-1,-1,CDR_GaNaPa_Caste,Rajbansi,-1,-1,FarWDR_GaNaPa_Caste,Rajbansi,-1,-1,MWDR_GaNaPa_Caste,Rajbansi,-1,-1,WDR_GaNaPa_Caste,Rajbansi,-1,-1;Sunuwar 'Sunuwar' true true false 16 Double 6 15 ,First,#,EDR_GaNaPa_Caste,Sunuwar,-1,-1,CDR_GaNaPa_Caste,Sunuwar,-1,-1,FarWDR_GaNaPa_Caste,Sunuwar,-1,-1,MWDR_GaNaPa_Caste,Sunuwar,-1,-1,WDR_GaNaPa_Caste,Sunuwar,-1,-1;Sudhi 'Sudhi' true true false 16 Double 6 15 ,First,#,EDR_GaNaPa_Caste,Sudhi,-1,-1,CDR_GaNaPa_Caste,Sudhi,-1,-1,FarWDR_GaNaPa_Caste,Sudhi,-1,-1,MWDR_GaNaPa_Caste,Sudhi,-1,-1,WDR_GaNaPa_Caste,Sudhi,-1,-1;Lohar 'Lohar' true true false 16 Double 6 15 ,First,#,EDR_GaNaPa_Caste,Lohar,-1,-1,CDR_GaNaPa_Caste,Lohar,-1,-1,FarWDR_GaNaPa_Caste,Lohar,-1,-1,MWDR_GaNaPa_Caste,Lohar,-1,-1,WDR_GaNaPa_Caste,Lohar,-1,-1;Tatma_Tatw 'Tatma_Tatw' true true false 16 Double 6 15 ,First,#,EDR_GaNaPa_Caste,Tatma_Tatw,-1,-1,CDR_GaNaPa_Caste,Tatma_Tatw,-1,-1,FarWDR_GaNaPa_Caste,Tatma_Tatw,-1,-1,MWDR_GaNaPa_Caste,Tatma_Tatw,-1,-1,WDR_GaNaPa_Caste,Tatma_Tatw,-1,-1;Khatwe 'Khatwe' true true false 16 Double 6 15 ,First,#,EDR_GaNaPa_Caste,Khatwe,-1,-1,CDR_GaNaPa_Caste,Khatwe,-1,-1,FarWDR_GaNaPa_Caste,Khatwe,-1,-1,MWDR_GaNaPa_Caste,Khatwe,-1,-1,WDR_GaNaPa_Caste,Khatwe,-1,-1;Dhobi 'Dhobi' true true false 16 Double 6 15 ,First,#,EDR_GaNaPa_Caste,Dhobi,-1,-1,CDR_GaNaPa_Caste,Dhobi,-1,-1,FarWDR_GaNaPa_Caste,Dhobi,-1,-1,MWDR_GaNaPa_Caste,Dhobi,-1,-1,WDR_GaNaPa_Caste,Dhobi,-1,-1;Majhi 'Majhi' true true false 16 Double 6 15 ,First,#,EDR_GaNaPa_Caste,Majhi,-1,-1,CDR_GaNaPa_Caste,Majhi,-1,-1,FarWDR_GaNaPa_Caste,Majhi,-1,-1,MWDR_GaNaPa_Caste,Majhi,-1,-1,WDR_GaNaPa_Caste,Majhi,-1,-1;Nuniya 'Nuniya' true true false 16 Double 6 15 ,First,#,EDR_GaNaPa_Caste,Nuniya,-1,-1,CDR_GaNaPa_Caste,Nuniya,-1,-1,FarWDR_GaNaPa_Caste,Nuniya,-1,-1,MWDR_GaNaPa_Caste,Nuniya,-1,-1,WDR_GaNaPa_Caste,Nuniya,-1,-1;Kumhar 'Kumhar' true true false 16 Double 6 15 ,First,#,EDR_GaNaPa_Caste,Kumhar,-1,-1,CDR_GaNaPa_Caste,Kumhar,-1,-1,FarWDR_GaNaPa_Caste,Kumhar,-1,-1,MWDR_GaNaPa_Caste,Kumhar,-1,-1,WDR_GaNaPa_Caste,Kumhar,-1,-1;Danuwar 'Danuwar' true true false 16 Double 6 15 ,First,#,EDR_GaNaPa_Caste,Danuwar,-1,-1,CDR_GaNaPa_Caste,Danuwar,-1,-1,FarWDR_GaNaPa_Caste,Danuwar,-1,-1,MWDR_GaNaPa_Caste,Danuwar,-1,-1,WDR_GaNaPa_Caste,Danuwar,-1,-1;Chepang_Pr 'Chepang_Pr' true true false 16 Double 6 15 ,First,#,EDR_GaNaPa_Caste,Chepang_Pr,-1,-1,CDR_GaNaPa_Caste,Chepang_Pr,-1,-1,FarWDR_GaNaPa_Caste,Chepang_Pr,-1,-1,MWDR_GaNaPa_Caste,Chepang_Pr,-1,-1,WDR_GaNaPa_Caste,Chepang_Pr,-1,-1;Haluwai 'Haluwai' true true false 16 Double 6 15 ,First,#,EDR_GaNaPa_Caste,Haluwai,-1,-1,CDR_GaNaPa_Caste,Haluwai,-1,-1,FarWDR_GaNaPa_Caste,Haluwai,-1,-1,MWDR_GaNaPa_Caste,Haluwai,-1,-1,WDR_GaNaPa_Caste,Haluwai,-1,-1;Rajput 'Rajput' true true false 16 Double 6 15 ,First,#,EDR_GaNaPa_Caste,Rajput,-1,-1,CDR_GaNaPa_Caste,Rajput,-1,-1,FarWDR_GaNaPa_Caste,Rajput,-1,-1,MWDR_GaNaPa_Caste,Rajput,-1,-1,WDR_GaNaPa_Caste,Rajput,-1,-1;Kayastha 'Kayastha' true true false 16 Double 6 15 ,First,#,EDR_GaNaPa_Caste,Kayastha,-1,-1,CDR_GaNaPa_Caste,Kayastha,-1,-1,FarWDR_GaNaPa_Caste,Kayastha,-1,-1,MWDR_GaNaPa_Caste,Kayastha,-1,-1,WDR_GaNaPa_Caste,Kayastha,-1,-1;Badhaee 'Badhaee' true true false 16 Double 6 15 ,First,#,EDR_GaNaPa_Caste,Badhaee,-1,-1,CDR_GaNaPa_Caste,Badhaee,-1,-1,FarWDR_GaNaPa_Caste,Badhaee,-1,-1,MWDR_GaNaPa_Caste,Badhaee,-1,-1,WDR_GaNaPa_Caste,Badhaee,-1,-1;Marwadi 'Marwadi' true true false 16 Double 6 15 ,First,#,EDR_GaNaPa_Caste,Marwadi,-1,-1,CDR_GaNaPa_Caste,Marwadi,-1,-1,FarWDR_GaNaPa_Caste,Marwadi,-1,-1,MWDR_GaNaPa_Caste,Marwadi,-1,-1,WDR_GaNaPa_Caste,Marwadi,-1,-1;Satar_Sant 'Satar_Sant' true true false 16 Double 6 15 ,First,#,EDR_GaNaPa_Caste,Satar_Sant,-1,-1,CDR_GaNaPa_Caste,Satar_Sant,-1,-1,FarWDR_GaNaPa_Caste,Satar_Sant,-1,-1,MWDR_GaNaPa_Caste,Satar_Sant,-1,-1,WDR_GaNaPa_Caste,Satar_Sant,-1,-1;Jhangad_Dh 'Jhangad_Dh' true true false 16 Double 6 15 ,First,#,EDR_GaNaPa_Caste,Jhangad_Dh,-1,-1,CDR_GaNaPa_Caste,Jhangad_Dh,-1,-1,FarWDR_GaNaPa_Caste,Jhangad_Dh,-1,-1,MWDR_GaNaPa_Caste,Jhangad_Dh,-1,-1,WDR_GaNaPa_Caste,Jhangad_Dh,-1,-1;Bantar_Sar 'Bantar_Sar' true true false 16 Double 6 15 ,First,#,EDR_GaNaPa_Caste,Bantar_Sar,-1,-1,CDR_GaNaPa_Caste,Bantar_Sar,-1,-1,FarWDR_GaNaPa_Caste,Bantar_Sar,-1,-1,MWDR_GaNaPa_Caste,Bantar_Sar,-1,-1,WDR_GaNaPa_Caste,Bantar_Sar,-1,-1;Baraee 'Baraee' true true false 16 Double 6 15 ,First,#,EDR_GaNaPa_Caste,Baraee,-1,-1,CDR_GaNaPa_Caste,Baraee,-1,-1,FarWDR_GaNaPa_Caste,Baraee,-1,-1,MWDR_GaNaPa_Caste,Baraee,-1,-1,WDR_GaNaPa_Caste,Baraee,-1,-1;Kahar 'Kahar' true true false 16 Double 6 15 ,First,#,EDR_GaNaPa_Caste,Kahar,-1,-1,CDR_GaNaPa_Caste,Kahar,-1,-1,FarWDR_GaNaPa_Caste,Kahar,-1,-1,MWDR_GaNaPa_Caste,Kahar,-1,-1,WDR_GaNaPa_Caste,Kahar,-1,-1;Gangai 'Gangai' true true false 16 Double 6 15 ,First,#,EDR_GaNaPa_Caste,Gangai,-1,-1,CDR_GaNaPa_Caste,Gangai,-1,-1,FarWDR_GaNaPa_Caste,Gangai,-1,-1,MWDR_GaNaPa_Caste,Gangai,-1,-1,WDR_GaNaPa_Caste,Gangai,-1,-1;Lodh 'Lodh' true true false 16 Double 6 15 ,First,#,EDR_GaNaPa_Caste,Lodh,-1,-1,CDR_GaNaPa_Caste,Lodh,-1,-1,FarWDR_GaNaPa_Caste,Lodh,-1,-1,MWDR_GaNaPa_Caste,Lodh,-1,-1,WDR_GaNaPa_Caste,Lodh,-1,-1;Rajbhar 'Rajbhar' true true false 16 Double 6 15 ,First,#,EDR_GaNaPa_Caste,Rajbhar,-1,-1,CDR_GaNaPa_Caste,Rajbhar,-1,-1,FarWDR_GaNaPa_Caste,Rajbhar,-1,-1,MWDR_GaNaPa_Caste,Rajbhar,-1,-1,WDR_GaNaPa_Caste,Rajbhar,-1,-1;Thami 'Thami' true true false 16 Double 6 15 ,First,#,EDR_GaNaPa_Caste,Thami,-1,-1,CDR_GaNaPa_Caste,Thami,-1,-1,FarWDR_GaNaPa_Caste,Thami,-1,-1,MWDR_GaNaPa_Caste,Thami,-1,-1,WDR_GaNaPa_Caste,Thami,-1,-1;Dhimal 'Dhimal' true true false 16 Double 6 15 ,First,#,EDR_GaNaPa_Caste,Dhimal,-1,-1,CDR_GaNaPa_Caste,Dhimal,-1,-1,FarWDR_GaNaPa_Caste,Dhimal,-1,-1,MWDR_GaNaPa_Caste,Dhimal,-1,-1,WDR_GaNaPa_Caste,Dhimal,-1,-1;Bhote 'Bhote' true true false 16 Double 6 15 ,First,#,EDR_GaNaPa_Caste,Bhote,-1,-1,CDR_GaNaPa_Caste,Bhote,-1,-1,FarWDR_GaNaPa_Caste,Bhote,-1,-1,MWDR_GaNaPa_Caste,Bhote,-1,-1,WDR_GaNaPa_Caste,Bhote,-1,-1;Bin 'Bin' true true false 16 Double 6 15 ,First,#,EDR_GaNaPa_Caste,Bin,-1,-1,CDR_GaNaPa_Caste,Bin,-1,-1,FarWDR_GaNaPa_Caste,Bin,-1,-1,MWDR_GaNaPa_Caste,Bin,-1,-1,WDR_GaNaPa_Caste,Bin,-1,-1;Gaderi_Bhe 'Gaderi_Bhe' true true false 16 Double 6 15 ,First,#,EDR_GaNaPa_Caste,Gaderi_Bhe,-1,-1,CDR_GaNaPa_Caste,Gaderi_Bhe,-1,-1,FarWDR_GaNaPa_Caste,Gaderi_Bhe,-1,-1,MWDR_GaNaPa_Caste,Gaderi_Bhe,-1,-1,WDR_GaNaPa_Caste,Gaderi_Bhe,-1,-1;Nurang 'Nurang' true true false 16 Double 6 15 ,First,#,EDR_GaNaPa_Caste,Nurang,-1,-1,CDR_GaNaPa_Caste,Nurang,-1,-1,FarWDR_GaNaPa_Caste,Nurang,-1,-1,MWDR_GaNaPa_Caste,Nurang,-1,-1,WDR_GaNaPa_Caste,Nurang,-1,-1;Yakkha 'Yakkha' true true false 16 Double 6 15 ,First,#,EDR_GaNaPa_Caste,Yakkha,-1,-1,CDR_GaNaPa_Caste,Yakkha,-1,-1,FarWDR_GaNaPa_Caste,Yakkha,-1,-1,MWDR_GaNaPa_Caste,Yakkha,-1,-1,WDR_GaNaPa_Caste,Yakkha,-1,-1;Darai 'Darai' true true false 16 Double 6 15 ,First,#,EDR_GaNaPa_Caste,Darai,-1,-1,CDR_GaNaPa_Caste,Darai,-1,-1,FarWDR_GaNaPa_Caste,Darai,-1,-1,MWDR_GaNaPa_Caste,Darai,-1,-1,WDR_GaNaPa_Caste,Darai,-1,-1;Tajpuriya 'Tajpuriya' true true false 16 Double 6 15 ,First,#,EDR_GaNaPa_Caste,Tajpuriya,-1,-1,CDR_GaNaPa_Caste,Tajpuriya,-1,-1,FarWDR_GaNaPa_Caste,Tajpuriya,-1,-1,MWDR_GaNaPa_Caste,Tajpuriya,-1,-1,WDR_GaNaPa_Caste,Tajpuriya,-1,-1;Thakali 'Thakali' true true false 16 Double 6 15 ,First,#,EDR_GaNaPa_Caste,Thakali,-1,-1,CDR_GaNaPa_Caste,Thakali,-1,-1,FarWDR_GaNaPa_Caste,Thakali,-1,-1,MWDR_GaNaPa_Caste,Thakali,-1,-1,WDR_GaNaPa_Caste,Thakali,-1,-1;Chidimar 'Chidimar' true true false 16 Double 6 15 ,First,#,EDR_GaNaPa_Caste,Chidimar,-1,-1,CDR_GaNaPa_Caste,Chidimar,-1,-1,FarWDR_GaNaPa_Caste,Chidimar,-1,-1,MWDR_GaNaPa_Caste,Chidimar,-1,-1,WDR_GaNaPa_Caste,Chidimar,-1,-1;Pahari 'Pahari' true true false 16 Double 6 15 ,First,#,EDR_GaNaPa_Caste,Pahari,-1,-1,CDR_GaNaPa_Caste,Pahari,-1,-1,FarWDR_GaNaPa_Caste,Pahari,-1,-1,MWDR_GaNaPa_Caste,Pahari,-1,-1,WDR_GaNaPa_Caste,Pahari,-1,-1;Mali 'Mali' true true false 16 Double 6 15 ,First,#,EDR_GaNaPa_Caste,Mali,-1,-1,CDR_GaNaPa_Caste,Mali,-1,-1,FarWDR_GaNaPa_Caste,Mali,-1,-1,MWDR_GaNaPa_Caste,Mali,-1,-1,WDR_GaNaPa_Caste,Mali,-1,-1;Bangali 'Bangali' true true false 16 Double 6 15 ,First,#,EDR_GaNaPa_Caste,Bangali,-1,-1,CDR_GaNaPa_Caste,Bangali,-1,-1,FarWDR_GaNaPa_Caste,Bangali,-1,-1,MWDR_GaNaPa_Caste,Bangali,-1,-1,WDR_GaNaPa_Caste,Bangali,-1,-1;Chhantyal_ 'Chhantyal_' true true false 16 Double 6 15 ,First,#,EDR_GaNaPa_Caste,Chhantyal_,-1,-1,CDR_GaNaPa_Caste,Chhantyal_,-1,-1,FarWDR_GaNaPa_Caste,Chhantyal_,-1,-1,MWDR_GaNaPa_Caste,Chhantyal_,-1,-1,WDR_GaNaPa_Caste,Chhantyal_,-1,-1;Dom 'Dom' true true false 16 Double 6 15 ,First,#,EDR_GaNaPa_Caste,Dom,-1,-1,CDR_GaNaPa_Caste,Dom,-1,-1,FarWDR_GaNaPa_Caste,Dom,-1,-1,MWDR_GaNaPa_Caste,Dom,-1,-1,WDR_GaNaPa_Caste,Dom,-1,-1;Kamar 'Kamar' true true false 16 Double 6 15 ,First,#,EDR_GaNaPa_Caste,Kamar,-1,-1,CDR_GaNaPa_Caste,Kamar,-1,-1,FarWDR_GaNaPa_Caste,Kamar,-1,-1,MWDR_GaNaPa_Caste,Kamar,-1,-1,WDR_GaNaPa_Caste,Kamar,-1,-1;Bote 'Bote' true true false 16 Double 6 15 ,First,#,EDR_GaNaPa_Caste,Bote,-1,-1,CDR_GaNaPa_Caste,Bote,-1,-1,FarWDR_GaNaPa_Caste,Bote,-1,-1,MWDR_GaNaPa_Caste,Bote,-1,-1,WDR_GaNaPa_Caste,Bote,-1,-1;Brahmu_Bar 'Brahmu_Bar' true true false 16 Double 6 15 ,First,#,EDR_GaNaPa_Caste,Brahmu_Bar,-1,-1,CDR_GaNaPa_Caste,Brahmu_Bar,-1,-1,FarWDR_GaNaPa_Caste,Brahmu_Bar,-1,-1,MWDR_GaNaPa_Caste,Brahmu_Bar,-1,-1,WDR_GaNaPa_Caste,Brahmu_Bar,-1,-1;Gaine 'Gaine' true true false 16 Double 6 15 ,First,#,EDR_GaNaPa_Caste,Gaine,-1,-1,CDR_GaNaPa_Caste,Gaine,-1,-1,FarWDR_GaNaPa_Caste,Gaine,-1,-1,MWDR_GaNaPa_Caste,Gaine,-1,-1,WDR_GaNaPa_Caste,Gaine,-1,-1;Jirel 'Jirel' true true false 16 Double 6 15 ,First,#,EDR_GaNaPa_Caste,Jirel,-1,-1,CDR_GaNaPa_Caste,Jirel,-1,-1,FarWDR_GaNaPa_Caste,Jirel,-1,-1,MWDR_GaNaPa_Caste,Jirel,-1,-1,WDR_GaNaPa_Caste,Jirel,-1,-1;Dura 'Dura' true true false 16 Double 6 15 ,First,#,EDR_GaNaPa_Caste,Dura,-1,-1,CDR_GaNaPa_Caste,Dura,-1,-1,FarWDR_GaNaPa_Caste,Dura,-1,-1,MWDR_GaNaPa_Caste,Dura,-1,-1,WDR_GaNaPa_Caste,Dura,-1,-1;Badi 'Badi' true true false 16 Double 6 15 ,First,#,EDR_GaNaPa_Caste,Badi,-1,-1,CDR_GaNaPa_Caste,Badi,-1,-1,FarWDR_GaNaPa_Caste,Badi,-1,-1,MWDR_GaNaPa_Caste,Badi,-1,-1,WDR_GaNaPa_Caste,Badi,-1,-1;Meche 'Meche' true true false 16 Double 6 15 ,First,#,EDR_GaNaPa_Caste,Meche,-1,-1,CDR_GaNaPa_Caste,Meche,-1,-1,FarWDR_GaNaPa_Caste,Meche,-1,-1,MWDR_GaNaPa_Caste,Meche,-1,-1,WDR_GaNaPa_Caste,Meche,-1,-1;Lepcha 'Lepcha' true true false 16 Double 6 15 ,First,#,EDR_GaNaPa_Caste,Lepcha,-1,-1,CDR_GaNaPa_Caste,Lepcha,-1,-1,FarWDR_GaNaPa_Caste,Lepcha,-1,-1,MWDR_GaNaPa_Caste,Lepcha,-1,-1,WDR_GaNaPa_Caste,Lepcha,-1,-1;Halkhor 'Halkhor' true true false 16 Double 6 15 ,First,#,EDR_GaNaPa_Caste,Halkhor,-1,-1,CDR_GaNaPa_Caste,Halkhor,-1,-1,FarWDR_GaNaPa_Caste,Halkhor,-1,-1,MWDR_GaNaPa_Caste,Halkhor,-1,-1,WDR_GaNaPa_Caste,Halkhor,-1,-1;Punjabi_Sh 'Punjabi_Sh' true true false 16 Double 6 15 ,First,#,EDR_GaNaPa_Caste,Punjabi_Sh,-1,-1,CDR_GaNaPa_Caste,Punjabi_Sh,-1,-1,FarWDR_GaNaPa_Caste,Punjabi_Sh,-1,-1,MWDR_GaNaPa_Caste,Punjabi_Sh,-1,-1,WDR_GaNaPa_Caste,Punjabi_Sh,-1,-1;Kisan 'Kisan' true true false 16 Double 6 15 ,First,#,EDR_GaNaPa_Caste,Kisan,-1,-1,CDR_GaNaPa_Caste,Kisan,-1,-1,FarWDR_GaNaPa_Caste,Kisan,-1,-1,MWDR_GaNaPa_Caste,Kisan,-1,-1,WDR_GaNaPa_Caste,Kisan,-1,-1;Raji 'Raji' true true false 16 Double 6 15 ,First,#,EDR_GaNaPa_Caste,Raji,-1,-1,CDR_GaNaPa_Caste,Raji,-1,-1,FarWDR_GaNaPa_Caste,Raji,-1,-1,MWDR_GaNaPa_Caste,Raji,-1,-1,WDR_GaNaPa_Caste,Raji,-1,-1;Byasi_Sank 'Byasi_Sank' true true false 16 Double 6 15 ,First,#,EDR_GaNaPa_Caste,Byasi_Sank,-1,-1,CDR_GaNaPa_Caste,Byasi_Sank,-1,-1,FarWDR_GaNaPa_Caste,Byasi_Sank,-1,-1,MWDR_GaNaPa_Caste,Byasi_Sank,-1,-1,WDR_GaNaPa_Caste,Byasi_Sank,-1,-1;Hayu 'Hayu' true true false 16 Double 6 15 ,First,#,EDR_GaNaPa_Caste,Hayu,-1,-1,CDR_GaNaPa_Caste,Hayu,-1,-1,FarWDR_GaNaPa_Caste,Hayu,-1,-1,MWDR_GaNaPa_Caste,Hayu,-1,-1,WDR_GaNaPa_Caste,Hayu,-1,-1;Koche 'Koche' true true false 16 Double 6 15 ,First,#,EDR_GaNaPa_Caste,Koche,-1,-1,CDR_GaNaPa_Caste,Koche,-1,-1,FarWDR_GaNaPa_Caste,Koche,-1,-1,MWDR_GaNaPa_Caste,Koche,-1,-1,WDR_GaNaPa_Caste,Koche,-1,-1;Dhunia 'Dhunia' true true false 16 Double 6 15 ,First,#,EDR_GaNaPa_Caste,Dhunia,-1,-1,CDR_GaNaPa_Caste,Dhunia,-1,-1,FarWDR_GaNaPa_Caste,Dhunia,-1,-1,MWDR_GaNaPa_Caste,Dhunia,-1,-1,WDR_GaNaPa_Caste,Dhunia,-1,-1;Walung 'Walung' true true false 16 Double 6 15 ,First,#,EDR_GaNaPa_Caste,Walung,-1,-1,CDR_GaNaPa_Caste,Walung,-1,-1,FarWDR_GaNaPa_Caste,Walung,-1,-1,MWDR_GaNaPa_Caste,Walung,-1,-1,WDR_GaNaPa_Caste,Walung,-1,-1;Munda 'Munda' true true false 16 Double 6 15 ,First,#,EDR_GaNaPa_Caste,Munda,-1,-1,CDR_GaNaPa_Caste,Munda,-1,-1,FarWDR_GaNaPa_Caste,Munda,-1,-1,MWDR_GaNaPa_Caste,Munda,-1,-1,WDR_GaNaPa_Caste,Munda,-1,-1;Raute 'Raute' true true false 16 Double 6 15 ,First,#,EDR_GaNaPa_Caste,Raute,-1,-1,CDR_GaNaPa_Caste,Raute,-1,-1,FarWDR_GaNaPa_Caste,Raute,-1,-1,MWDR_GaNaPa_Caste,Raute,-1,-1,WDR_GaNaPa_Caste,Raute,-1,-1;Hyolmo 'Hyolmo' true true false 16 Double 6 15 ,First,#,EDR_GaNaPa_Caste,Hyolmo,-1,-1,CDR_GaNaPa_Caste,Hyolmo,-1,-1,FarWDR_GaNaPa_Caste,Hyolmo,-1,-1,MWDR_GaNaPa_Caste,Hyolmo,-1,-1,WDR_GaNaPa_Caste,Hyolmo,-1,-1;Pattharkat 'Pattharkat' true true false 16 Double 6 15 ,First,#,EDR_GaNaPa_Caste,Pattharkat,-1,-1,CDR_GaNaPa_Caste,Pattharkat,-1,-1,FarWDR_GaNaPa_Caste,Pattharkat,-1,-1,MWDR_GaNaPa_Caste,Pattharkat,-1,-1,WDR_GaNaPa_Caste,Pattharkat,-1,-1;Kusunda 'Kusunda' true true false 16 Double 6 15 ,First,#,EDR_GaNaPa_Caste,Kusunda,-1,-1,CDR_GaNaPa_Caste,Kusunda,-1,-1,FarWDR_GaNaPa_Caste,Kusunda,-1,-1,MWDR_GaNaPa_Caste,Kusunda,-1,-1,WDR_GaNaPa_Caste,Kusunda,-1,-1;Lhomi 'Lhomi' true true false 16 Double 6 15 ,First,#,EDR_GaNaPa_Caste,Lhomi,-1,-1,CDR_GaNaPa_Caste,Lhomi,-1,-1,FarWDR_GaNaPa_Caste,Lhomi,-1,-1,MWDR_GaNaPa_Caste,Lhomi,-1,-1,WDR_GaNaPa_Caste,Lhomi,-1,-1;Kalar 'Kalar' true true false 16 Double 6 15 ,First,#,EDR_GaNaPa_Caste,Kalar,-1,-1,CDR_GaNaPa_Caste,Kalar,-1,-1,FarWDR_GaNaPa_Caste,Kalar,-1,-1,MWDR_GaNaPa_Caste,Kalar,-1,-1,WDR_GaNaPa_Caste,Kalar,-1,-1;Natuwa 'Natuwa' true true false 16 Double 6 15 ,First,#,EDR_GaNaPa_Caste,Natuwa,-1,-1,CDR_GaNaPa_Caste,Natuwa,-1,-1,FarWDR_GaNaPa_Caste,Natuwa,-1,-1,MWDR_GaNaPa_Caste,Natuwa,-1,-1,WDR_GaNaPa_Caste,Natuwa,-1,-1;Dhandi 'Dhandi' true true false 16 Double 6 15 ,First,#,EDR_GaNaPa_Caste,Dhandi,-1,-1,CDR_GaNaPa_Caste,Dhandi,-1,-1,FarWDR_GaNaPa_Caste,Dhandi,-1,-1,MWDR_GaNaPa_Caste,Dhandi,-1,-1,WDR_GaNaPa_Caste,Dhandi,-1,-1;Dhankar_Kh 'Dhankar_Kh' true true false 16 Double 6 15 ,First,#,EDR_GaNaPa_Caste,Dhankar_Kh,-1,-1,CDR_GaNaPa_Caste,Dhankar_Kh,-1,-1,FarWDR_GaNaPa_Caste,Dhankar_Kh,-1,-1,MWDR_GaNaPa_Caste,Dhankar_Kh,-1,-1,WDR_GaNaPa_Caste,Dhankar_Kh,-1,-1;Kulung 'Kulung' true true false 16 Double 6 15 ,First,#,EDR_GaNaPa_Caste,Kulung,-1,-1,CDR_GaNaPa_Caste,Kulung,-1,-1,FarWDR_GaNaPa_Caste,Kulung,-1,-1,MWDR_GaNaPa_Caste,Kulung,-1,-1,WDR_GaNaPa_Caste,Kulung,-1,-1;Ghale 'Ghale' true true false 16 Double 6 15 ,First,#,EDR_GaNaPa_Caste,Ghale,-1,-1,CDR_GaNaPa_Caste,Ghale,-1,-1,FarWDR_GaNaPa_Caste,Ghale,-1,-1,MWDR_GaNaPa_Caste,Ghale,-1,-1,WDR_GaNaPa_Caste,Ghale,-1,-1;Khawas 'Khawas' true true false 16 Double 6 15 ,First,#,EDR_GaNaPa_Caste,Khawas,-1,-1,CDR_GaNaPa_Caste,Khawas,-1,-1,FarWDR_GaNaPa_Caste,Khawas,-1,-1,MWDR_GaNaPa_Caste,Khawas,-1,-1,WDR_GaNaPa_Caste,Khawas,-1,-1;Rajdhob 'Rajdhob' true true false 16 Double 6 15 ,First,#,EDR_GaNaPa_Caste,Rajdhob,-1,-1,CDR_GaNaPa_Caste,Rajdhob,-1,-1,FarWDR_GaNaPa_Caste,Rajdhob,-1,-1,MWDR_GaNaPa_Caste,Rajdhob,-1,-1,WDR_GaNaPa_Caste,Rajdhob,-1,-1;Kori 'Kori' true true false 16 Double 6 15 ,First,#,EDR_GaNaPa_Caste,Kori,-1,-1,CDR_GaNaPa_Caste,Kori,-1,-1,FarWDR_GaNaPa_Caste,Kori,-1,-1,MWDR_GaNaPa_Caste,Kori,-1,-1,WDR_GaNaPa_Caste,Kori,-1,-1;Nachhiring 'Nachhiring' true true false 16 Double 6 15 ,First,#,EDR_GaNaPa_Caste,Nachhiring,-1,-1,CDR_GaNaPa_Caste,Nachhiring,-1,-1,FarWDR_GaNaPa_Caste,Nachhiring,-1,-1,MWDR_GaNaPa_Caste,Nachhiring,-1,-1,WDR_GaNaPa_Caste,Nachhiring,-1,-1;Yamphu 'Yamphu' true true false 16 Double 6 15 ,First,#,EDR_GaNaPa_Caste,Yamphu,-1,-1,CDR_GaNaPa_Caste,Yamphu,-1,-1,FarWDR_GaNaPa_Caste,Yamphu,-1,-1,MWDR_GaNaPa_Caste,Yamphu,-1,-1,WDR_GaNaPa_Caste,Yamphu,-1,-1;Chamling 'Chamling' true true false 16 Double 6 15 ,First,#,EDR_GaNaPa_Caste,Chamling,-1,-1,CDR_GaNaPa_Caste,Chamling,-1,-1,FarWDR_GaNaPa_Caste,Chamling,-1,-1,MWDR_GaNaPa_Caste,Chamling,-1,-1,WDR_GaNaPa_Caste,Chamling,-1,-1;Aathpariya 'Aathpariya' true true false 16 Double 6 15 ,First,#,EDR_GaNaPa_Caste,Aathpariya,-1,-1,CDR_GaNaPa_Caste,Aathpariya,-1,-1,FarWDR_GaNaPa_Caste,Aathpariya,-1,-1,MWDR_GaNaPa_Caste,Aathpariya,-1,-1,WDR_GaNaPa_Caste,Aathpariya,-1,-1;Sarbaria 'Sarbaria' true true false 16 Double 6 15 ,First,#,EDR_GaNaPa_Caste,Sarbaria,-1,-1,CDR_GaNaPa_Caste,Sarbaria,-1,-1,FarWDR_GaNaPa_Caste,Sarbaria,-1,-1,MWDR_GaNaPa_Caste,Sarbaria,-1,-1,WDR_GaNaPa_Caste,Sarbaria,-1,-1;Bantaba 'Bantaba' true true false 16 Double 6 15 ,First,#,EDR_GaNaPa_Caste,Bantaba,-1,-1,CDR_GaNaPa_Caste,Bantaba,-1,-1,FarWDR_GaNaPa_Caste,Bantaba,-1,-1,MWDR_GaNaPa_Caste,Bantaba,-1,-1,WDR_GaNaPa_Caste,Bantaba,-1,-1;Dolpo 'Dolpo' true true false 16 Double 6 15 ,First,#,EDR_GaNaPa_Caste,Dolpo,-1,-1,CDR_GaNaPa_Caste,Dolpo,-1,-1,FarWDR_GaNaPa_Caste,Dolpo,-1,-1,MWDR_GaNaPa_Caste,Dolpo,-1,-1,WDR_GaNaPa_Caste,Dolpo,-1,-1;Amat 'Amat' true true false 16 Double 6 15 ,First,#,EDR_GaNaPa_Caste,Amat,-1,-1,CDR_GaNaPa_Caste,Amat,-1,-1,FarWDR_GaNaPa_Caste,Amat,-1,-1,MWDR_GaNaPa_Caste,Amat,-1,-1,WDR_GaNaPa_Caste,Amat,-1,-1;Thulung 'Thulung' true true false 16 Double 6 15 ,First,#,EDR_GaNaPa_Caste,Thulung,-1,-1,CDR_GaNaPa_Caste,Thulung,-1,-1,FarWDR_GaNaPa_Caste,Thulung,-1,-1,MWDR_GaNaPa_Caste,Thulung,-1,-1,WDR_GaNaPa_Caste,Thulung,-1,-1;Mewahang_B 'Mewahang_B' true true false 16 Double 6 15 ,First,#,EDR_GaNaPa_Caste,Mewahang_B,-1,-1,CDR_GaNaPa_Caste,Mewahang_B,-1,-1,FarWDR_GaNaPa_Caste,Mewahang_B,-1,-1,MWDR_GaNaPa_Caste,Mewahang_B,-1,-1,WDR_GaNaPa_Caste,Mewahang_B,-1,-1;Bahing 'Bahing' true true false 16 Double 6 15 ,First,#,EDR_GaNaPa_Caste,Bahing,-1,-1,CDR_GaNaPa_Caste,Bahing,-1,-1,FarWDR_GaNaPa_Caste,Bahing,-1,-1,MWDR_GaNaPa_Caste,Bahing,-1,-1,WDR_GaNaPa_Caste,Bahing,-1,-1;Lhopa 'Lhopa' true true false 16 Double 6 15 ,First,#,EDR_GaNaPa_Caste,Lhopa,-1,-1,CDR_GaNaPa_Caste,Lhopa,-1,-1,FarWDR_GaNaPa_Caste,Lhopa,-1,-1,MWDR_GaNaPa_Caste,Lhopa,-1,-1,WDR_GaNaPa_Caste,Lhopa,-1,-1;Dev 'Dev' true true false 16 Double 6 15 ,First,#,EDR_GaNaPa_Caste,Dev,-1,-1,CDR_GaNaPa_Caste,Dev,-1,-1,FarWDR_GaNaPa_Caste,Dev,-1,-1,MWDR_GaNaPa_Caste,Dev,-1,-1,WDR_GaNaPa_Caste,Dev,-1,-1;Samgpang 'Samgpang' true true false 16 Double 6 15 ,First,#,EDR_GaNaPa_Caste,Samgpang,-1,-1,CDR_GaNaPa_Caste,Samgpang,-1,-1,FarWDR_GaNaPa_Caste,Samgpang,-1,-1,MWDR_GaNaPa_Caste,Samgpang,-1,-1,WDR_GaNaPa_Caste,Samgpang,-1,-1;Khaling 'Khaling' true true false 16 Double 6 15 ,First,#,EDR_GaNaPa_Caste,Khaling,-1,-1,CDR_GaNaPa_Caste,Khaling,-1,-1,FarWDR_GaNaPa_Caste,Khaling,-1,-1,MWDR_GaNaPa_Caste,Khaling,-1,-1,WDR_GaNaPa_Caste,Khaling,-1,-1;Topkegola 'Topkegola' true true false 16 Double 6 15 ,First,#,EDR_GaNaPa_Caste,Topkegola,-1,-1,CDR_GaNaPa_Caste,Topkegola,-1,-1,FarWDR_GaNaPa_Caste,Topkegola,-1,-1,MWDR_GaNaPa_Caste,Topkegola,-1,-1,WDR_GaNaPa_Caste,Topkegola,-1,-1;Loharung 'Loharung' true true false 16 Double 6 15 ,First,#,EDR_GaNaPa_Caste,Loharung,-1,-1,CDR_GaNaPa_Caste,Loharung,-1,-1,FarWDR_GaNaPa_Caste,Loharung,-1,-1,MWDR_GaNaPa_Caste,Loharung,-1,-1,WDR_GaNaPa_Caste,Loharung,-1,-1;Dalit_Othe 'Dalit_Othe' true true false 16 Double 6 15 ,First,#,EDR_GaNaPa_Caste,Dalit_Othe,-1,-1,CDR_GaNaPa_Caste,Dalit_Othe,-1,-1,FarWDR_GaNaPa_Caste,Dalit_Othe,-1,-1,MWDR_GaNaPa_Caste,Dalit_Othe,-1,-1,WDR_GaNaPa_Caste,Dalit_Othe,-1,-1;Janajati_O 'Janajati_O' true true false 16 Double 6 15 ,First,#,EDR_GaNaPa_Caste,Janajati_O,-1,-1,CDR_GaNaPa_Caste,Janajati_O,-1,-1,FarWDR_GaNaPa_Caste,Janajati_O,-1,-1,MWDR_GaNaPa_Caste,Janajati_O,-1,-1,WDR_GaNaPa_Caste,Janajati_O,-1,-1;Terai_Othe 'Terai_Othe' true true false 16 Double 6 15 ,First,#,EDR_GaNaPa_Caste,Terai_Othe,-1,-1,CDR_GaNaPa_Caste,Terai_Othe,-1,-1,FarWDR_GaNaPa_Caste,Terai_Othe,-1,-1,MWDR_GaNaPa_Caste,Terai_Othe,-1,-1,WDR_GaNaPa_Caste,Terai_Othe,-1,-1;Undefined 'Undefined' true true false 16 Double 6 15 ,First,#,EDR_GaNaPa_Caste,Undefined,-1,-1,CDR_GaNaPa_Caste,Undefined,-1,-1,FarWDR_GaNaPa_Caste,Undefined,-1,-1,MWDR_GaNaPa_Caste,Undefined,-1,-1,WDR_GaNaPa_Caste,Undefined,-1,-1;Foreigner 'Foreigner' true true false 16 Double 6 15 ,First,#,EDR_GaNaPa_Caste,Foreigner,-1,-1,CDR_GaNaPa_Caste,Foreigner,-1,-1,FarWDR_GaNaPa_Caste,Foreigner,-1,-1,MWDR_GaNaPa_Caste,Foreigner,-1,-1,WDR_GaNaPa_Caste,Foreigner,-1,-1;Total 'Total' true true false 16 Double 6 15 ,First,#,EDR_GaNaPa_Caste,Total,-1,-1,CDR_GaNaPa_Caste,Total,-1,-1,FarWDR_GaNaPa_Caste,Total,-1,-1,MWDR_GaNaPa_Caste,Total,-1,-1,WDR_GaNaPa_Caste,Total,-1,-1;Max_pop 'Max_pop' true true false 16 Double 6 15 ,First,#,EDR_GaNaPa_Caste,Max_pop,-1,-1,CDR_GaNaPa_Caste,Max_pop,-1,-1,FarWDR_GaNaPa_Caste,Max_pop,-1,-1,MWDR_GaNaPa_Caste,Max_pop,-1,-1,WDR_GaNaPa_Caste,Max_pop,-1,-1;Caste_with 'Caste_with' true true false 254 Text 0 0 ,First,#,EDR_GaNaPa_Caste,Caste_with,-1,-1,CDR_GaNaPa_Caste,Caste_with,-1,-1,FarWDR_GaNaPa_Caste,Caste_with,-1,-1,MWDR_GaNaPa_Caste,Caste_with,-1,-1,WDR_GaNaPa_Caste,Caste_with,-1,-1;Percentage 'Percentage' true true false 16 Double 6 15 ,First,#,EDR_GaNaPa_Caste,Percentage,-1,-1,CDR_GaNaPa_Caste,Percentage,-1,-1,FarWDR_GaNaPa_Caste,Percentage,-1,-1,MWDR_GaNaPa_Caste,Percentage,-1,-1,WDR_GaNaPa_Caste,Percentage,-1,-1"</Process><Process ToolSource="c:\program files\arcgis\desktop10.1\ArcToolbox\Toolboxes\Data Management Tools.tbx\CalculateField" Date="20170220" Time="110732">CalculateField Nepal_GaNaPa_Caste DCODE 13 VB #</Process><Process ToolSource="c:\program files\arcgis\desktop10.1\ArcToolbox\Toolboxes\Data Management Tools.tbx\CalculateField" Date="20170220" Time="110755">CalculateField Nepal_GaNaPa_Caste DGN_Code "[DCODE]+0+ [GN_CODE]" VB #</Process><Process ToolSource="c:\program files\arcgis\desktop10.1\ArcToolbox\Toolboxes\Data Management Tools.tbx\CalculateField" Date="20170220" Time="110825">CalculateField Nepal_GaNaPa_Caste DGN_Code "[DCODE] &amp; 0 &amp; [GN_CODE]" VB #</Process><Process ToolSource="c:\program files\arcgis\desktop10.1\ArcToolbox\Toolboxes\Data Management Tools.tbx\CalculateField" Date="20170220" Time="110835">CalculateField Nepal_GaNaPa_Caste DGN_Code_1 "[DCODE] &amp; 0 &amp; [GN_CODE]" VB #</Process><Process ToolSource="c:\program files\arcgis\desktop10.1\ArcToolbox\Toolboxes\Data Management Tools.tbx\CalculateField" Date="20170220" Time="110914">CalculateField Nepal_GaNaPa_Caste DCODE 12 VB #</Process><Process ToolSource="c:\program files\arcgis\desktop10.1\ArcToolbox\Toolboxes\Data Management Tools.tbx\CalculateField" Date="20170220" Time="110948">CalculateField Nepal_GaNaPa_Caste DGN_Code "[DCODE] &amp; 0 &amp; [GN_CODE]" VB #</Process><Process ToolSource="c:\program files\arcgis\desktop10.1\ArcToolbox\Toolboxes\Data Management Tools.tbx\CalculateField" Date="20170220" Time="110958">CalculateField Nepal_GaNaPa_Caste DGN_Code_1 "[DCODE] &amp; 0 &amp; [GN_CODE]" VB #</Process><Process ToolSource="c:\program files (x86)\arcgis\desktop10.3\ArcToolbox\Toolboxes\Data Management Tools.tbx\CalculateField" Date="20170413" Time="105703">CalculateField To_Upload DCODE 19 VB #</Process><Process ToolSource="c:\program files (x86)\arcgis\desktop10.3\ArcToolbox\Toolboxes\Data Management Tools.tbx\CalculateField" Date="20170413" Time="105735">CalculateField To_Upload DISTRICT 32 VB #</Process><Process ToolSource="c:\program files (x86)\arcgis\desktop10.3\ArcToolbox\Toolboxes\Data Management Tools.tbx\CalculateField" Date="20170413" Time="105755">CalculateField To_Upload DCODE 34
 VB #</Process><Process ToolSource="c:\program files (x86)\arcgis\desktop10.3\ArcToolbox\Toolboxes\Data Management Tools.tbx\CalculateField" Date="20170413" Time="105810">CalculateField To_Upload DCODE 28
 VB #</Process><Process ToolSource="c:\program files (x86)\arcgis\desktop10.3\ArcToolbox\Toolboxes\Data Management Tools.tbx\CalculateField" Date="20170413" Time="105822">CalculateField To_Upload DCODE 41
 VB #</Process><Process ToolSource="c:\program files (x86)\arcgis\desktop10.3\ArcToolbox\Toolboxes\Data Management Tools.tbx\CalculateField" Date="20170413" Time="105843">CalculateField To_Upload DCODE 18
 VB #</Process><Process ToolSource="c:\program files (x86)\arcgis\desktop10.3\ArcToolbox\Toolboxes\Data Management Tools.tbx\CalculateField" Date="20170413" Time="105901">CalculateField To_Upload DCODE 17
 VB #</Process><Process ToolSource="c:\program files (x86)\arcgis\desktop10.3\ArcToolbox\Toolboxes\Data Management Tools.tbx\CalculateField" Date="20170413" Time="105915">CalculateField To_Upload DCODE 33
 VB #</Process><Process ToolSource="c:\program files (x86)\arcgis\desktop10.3\ArcToolbox\Toolboxes\Data Management Tools.tbx\CalculateField" Date="20170413" Time="110118">CalculateField To_Upload DCODE 32 VB #</Process><Process ToolSource="c:\program files (x86)\arcgis\desktop10.3\ArcToolbox\Toolboxes\Data Management Tools.tbx\CalculateField" Date="20170413" Time="110136">CalculateField To_Upload DISTRICT "RAUTAHAT" VB #</Process><Process ToolSource="c:\program files (x86)\arcgis\desktop10.3\ArcToolbox\Toolboxes\Data Management Tools.tbx\CalculateField" Date="20170413" Time="110246">CalculateField To_Upload DGN_Code "1000* [DCODE]+ [GN_CODE]" VB #</Process><Process ToolSource="c:\program files (x86)\arcgis\desktop10.3\ArcToolbox\Toolboxes\Data Management Tools.tbx\CalculateField" Date="20170413" Time="110320">CalculateField To_Upload DGN_Code "1000* [DCODE]+ [GN_CODE]" VB #</Process><Process ToolSource="c:\program files (x86)\arcgis\desktop10.3\ArcToolbox\Toolboxes\Data Management Tools.tbx\CalculateField" Date="20170413" Time="110414">CalculateField To_Upload DGN_Code "1000* [DCODE]" VB #</Process><Process ToolSource="c:\program files (x86)\arcgis\desktop10.3\ArcToolbox\Toolboxes\Data Management Tools.tbx\CalculateField" Date="20170413" Time="121555">CalculateField To_Upload ZONE "MECHI" VB #</Process><Process ToolSource="c:\program files (x86)\arcgis\desktop10.3\ArcToolbox\Toolboxes\Data Management Tools.tbx\CalculateField" Date="20170413" Time="121608">CalculateField To_Upload Z_CODE 1 VB #</Process><Process ToolSource="c:\program files (x86)\arcgis\desktop10.3\ArcToolbox\Toolboxes\Data Management Tools.tbx\CalculateField" Date="20170413" Time="121641">CalculateField To_Upload ZONE "KOSHI" VB #</Process><Process ToolSource="c:\program files (x86)\arcgis\desktop10.3\ArcToolbox\Toolboxes\Data Management Tools.tbx\CalculateField" Date="20170413" Time="121657">CalculateField To_Upload Z_CODE 2 VB #</Process><Process ToolSource="c:\program files (x86)\arcgis\desktop10.3\ArcToolbox\Toolboxes\Data Management Tools.tbx\CalculateField" Date="20170413" Time="121722">CalculateField To_Upload ZONE "SAGARMATHA" VB #</Process><Process ToolSource="c:\program files (x86)\arcgis\desktop10.3\ArcToolbox\Toolboxes\Data Management Tools.tbx\CalculateField" Date="20170413" Time="121730">CalculateField To_Upload Z_CODE 3 VB #</Process><Process ToolSource="c:\program files (x86)\arcgis\desktop10.3\ArcToolbox\Toolboxes\Data Management Tools.tbx\CalculateField" Date="20170413" Time="121756">CalculateField To_Upload ZONE "SAGARMATHA" VB #</Process><Process ToolSource="c:\program files (x86)\arcgis\desktop10.3\ArcToolbox\Toolboxes\Data Management Tools.tbx\CalculateField" Date="20170413" Time="121811">CalculateField To_Upload Z_CODE 4 VB #</Process><Process ToolSource="c:\program files (x86)\arcgis\desktop10.3\ArcToolbox\Toolboxes\Data Management Tools.tbx\CalculateField" Date="20170413" Time="121851">CalculateField To_Upload ZONE "JANAKPUR" VB #</Process><Process ToolSource="c:\program files (x86)\arcgis\desktop10.3\ArcToolbox\Toolboxes\Data Management Tools.tbx\CalculateField" Date="20170413" Time="121916">CalculateField To_Upload ZONE "BAGMATI" VB #</Process><Process ToolSource="c:\program files (x86)\arcgis\desktop10.3\ArcToolbox\Toolboxes\Data Management Tools.tbx\CalculateField" Date="20170413" Time="121925">CalculateField To_Upload Z_CODE 5 VB #</Process><Process ToolSource="c:\program files (x86)\arcgis\desktop10.3\ArcToolbox\Toolboxes\Data Management Tools.tbx\CalculateField" Date="20170413" Time="122004">CalculateField To_Upload ZONE "NARAYANI" VB #</Process><Process ToolSource="c:\program files (x86)\arcgis\desktop10.3\ArcToolbox\Toolboxes\Data Management Tools.tbx\CalculateField" Date="20170413" Time="122013">CalculateField To_Upload Z_CODE 6 VB #</Process><Process ToolSource="c:\program files (x86)\arcgis\desktop10.3\ArcToolbox\Toolboxes\Data Management Tools.tbx\CalculateField" Date="20170413" Time="122319">CalculateField To_Upload ZONE "GANDAKI" VB #</Process><Process ToolSource="c:\program files (x86)\arcgis\desktop10.3\ArcToolbox\Toolboxes\Data Management Tools.tbx\CalculateField" Date="20170413" Time="122327">CalculateField To_Upload Z_CODE 7 VB #</Process><Process ToolSource="c:\program files (x86)\arcgis\desktop10.3\ArcToolbox\Toolboxes\Data Management Tools.tbx\CalculateField" Date="20170413" Time="122401">CalculateField To_Upload ZONE "DHAWALAGIRI" VB #</Process><Process ToolSource="c:\program files (x86)\arcgis\desktop10.3\ArcToolbox\Toolboxes\Data Management Tools.tbx\CalculateField" Date="20170413" Time="122408">CalculateField To_Upload Z_CODE 8 VB #</Process><Process ToolSource="c:\program files (x86)\arcgis\desktop10.3\ArcToolbox\Toolboxes\Data Management Tools.tbx\CalculateField" Date="20170413" Time="122614">CalculateField To_Upload ZONE "LUMBINI" VB #</Process><Process ToolSource="c:\program files (x86)\arcgis\desktop10.3\ArcToolbox\Toolboxes\Data Management Tools.tbx\CalculateField" Date="20170413" Time="122622">CalculateField To_Upload Z_CODE 8 VB #</Process><Process ToolSource="c:\program files (x86)\arcgis\desktop10.3\ArcToolbox\Toolboxes\Data Management Tools.tbx\CalculateField" Date="20170413" Time="122711">CalculateField To_Upload Z_CODE 9 VB #</Process><Process ToolSource="c:\program files (x86)\arcgis\desktop10.3\ArcToolbox\Toolboxes\Data Management Tools.tbx\CalculateField" Date="20170413" Time="122723">CalculateField To_Upload ZONE "RAPTI" VB #</Process><Process ToolSource="c:\program files (x86)\arcgis\desktop10.3\ArcToolbox\Toolboxes\Data Management Tools.tbx\CalculateField" Date="20170413" Time="122753">CalculateField To_Upload ZONE "BHERI" VB #</Process><Process ToolSource="c:\program files (x86)\arcgis\desktop10.3\ArcToolbox\Toolboxes\Data Management Tools.tbx\CalculateField" Date="20170413" Time="122815">CalculateField To_Upload Z_CODE 10 VB #</Process><Process ToolSource="c:\program files (x86)\arcgis\desktop10.3\ArcToolbox\Toolboxes\Data Management Tools.tbx\CalculateField" Date="20170413" Time="122905">CalculateField To_Upload Z_CODE 9 VB #</Process><Process ToolSource="c:\program files (x86)\arcgis\desktop10.3\ArcToolbox\Toolboxes\Data Management Tools.tbx\CalculateField" Date="20170413" Time="122919">CalculateField To_Upload Z_CODE 10 VB #</Process><Process ToolSource="c:\program files (x86)\arcgis\desktop10.3\ArcToolbox\Toolboxes\Data Management Tools.tbx\CalculateField" Date="20170413" Time="122932">CalculateField To_Upload Z_CODE 11 VB #</Process><Process ToolSource="c:\program files (x86)\arcgis\desktop10.3\ArcToolbox\Toolboxes\Data Management Tools.tbx\CalculateField" Date="20170413" Time="122957">CalculateField To_Upload Z_CODE 12 VB #</Process><Process ToolSource="c:\program files (x86)\arcgis\desktop10.3\ArcToolbox\Toolboxes\Data Management Tools.tbx\CalculateField" Date="20170413" Time="123009">CalculateField To_Upload ZONE "KARNALI" VB #</Process><Process ToolSource="c:\program files (x86)\arcgis\desktop10.3\ArcToolbox\Toolboxes\Data Management Tools.tbx\CalculateField" Date="20170413" Time="123057">CalculateField To_Upload ZONE "SETI" VB #</Process><Process ToolSource="c:\program files (x86)\arcgis\desktop10.3\ArcToolbox\Toolboxes\Data Management Tools.tbx\CalculateField" Date="20170413" Time="123105">CalculateField To_Upload Z_CODE 13 VB #</Process><Process ToolSource="c:\program files (x86)\arcgis\desktop10.3\ArcToolbox\Toolboxes\Data Management Tools.tbx\CalculateField" Date="20170413" Time="123122">CalculateField To_Upload ZONE "MAHAKALI" VB #</Process><Process ToolSource="c:\program files (x86)\arcgis\desktop10.3\ArcToolbox\Toolboxes\Data Management Tools.tbx\CalculateField" Date="20170413" Time="123130">CalculateField To_Upload Z_CODE 14 VB #</Process><Process ToolSource="c:\program files (x86)\arcgis\desktop10.3\ArcToolbox\Toolboxes\Data Management Tools.tbx\CalculateField" Date="20170413" Time="123219">CalculateField To_Upload REGION "EASTERN DEVELOPMENT REGION" VB #</Process><Process ToolSource="c:\program files (x86)\arcgis\desktop10.3\ArcToolbox\Toolboxes\Data Management Tools.tbx\CalculateField" Date="20170413" Time="123230">CalculateField To_Upload R_CODE 1 VB #</Process><Process ToolSource="c:\program files (x86)\arcgis\desktop10.3\ArcToolbox\Toolboxes\Data Management Tools.tbx\CalculateField" Date="20170413" Time="123313">CalculateField To_Upload REGION "CENTRAL DEVELOPMENT REGION" VB #</Process><Process ToolSource="c:\program files (x86)\arcgis\desktop10.3\ArcToolbox\Toolboxes\Data Management Tools.tbx\CalculateField" Date="20170413" Time="123322">CalculateField To_Upload R_CODE 2 VB #</Process><Process ToolSource="c:\program files (x86)\arcgis\desktop10.3\ArcToolbox\Toolboxes\Data Management Tools.tbx\CalculateField" Date="20170413" Time="123400">CalculateField To_Upload REGION "WESTERN DEVELOPMENT REGION" VB #</Process><Process ToolSource="c:\program files (x86)\arcgis\desktop10.3\ArcToolbox\Toolboxes\Data Management Tools.tbx\CalculateField" Date="20170413" Time="123410">CalculateField To_Upload R_CODE 3 VB #</Process><Process ToolSource="c:\program files (x86)\arcgis\desktop10.3\ArcToolbox\Toolboxes\Data Management Tools.tbx\CalculateField" Date="20170413" Time="123445">CalculateField To_Upload REGION "MID WESTERN DEVELOPMENT REEGION" VB #</Process><Process ToolSource="c:\program files (x86)\arcgis\desktop10.3\ArcToolbox\Toolboxes\Data Management Tools.tbx\CalculateField" Date="20170413" Time="123452">CalculateField To_Upload R_CODE 4 VB #</Process><Process ToolSource="c:\program files (x86)\arcgis\desktop10.3\ArcToolbox\Toolboxes\Data Management Tools.tbx\CalculateField" Date="20170413" Time="123516">CalculateField To_Upload REGION "FAR WESTERN DEVELOPMENT REGION" VB #</Process><Process ToolSource="c:\program files (x86)\arcgis\desktop10.3\ArcToolbox\Toolboxes\Data Management Tools.tbx\CalculateField" Date="20170413" Time="123523">CalculateField To_Upload R_CODE 5 VB #</Process><Process ToolSource="c:\program files (x86)\arcgis\desktop10.3\ArcToolbox\Toolboxes\Data Management Tools.tbx\CalculateField" Date="20170413" Time="124610">CalculateField To_Upload STATE_CODE 1 VB #</Process><Process ToolSource="c:\program files (x86)\arcgis\desktop10.3\ArcToolbox\Toolboxes\Data Management Tools.tbx\CalculateField" Date="20170413" Time="124654">CalculateField To_Upload STATE_CODE 2 VB #</Process><Process ToolSource="c:\program files (x86)\arcgis\desktop10.3\ArcToolbox\Toolboxes\Data Management Tools.tbx\CalculateField" Date="20170413" Time="124739">CalculateField To_Upload STATE_CODE 2 VB #</Process><Process ToolSource="c:\program files (x86)\arcgis\desktop10.3\ArcToolbox\Toolboxes\Data Management Tools.tbx\CalculateField" Date="20170413" Time="124843">CalculateField To_Upload STATE_CODE 3 VB #</Process><Process ToolSource="c:\program files (x86)\arcgis\desktop10.3\ArcToolbox\Toolboxes\Data Management Tools.tbx\CalculateField" Date="20170413" Time="124946">CalculateField To_Upload STATE_CODE 4 VB #</Process><Process ToolSource="c:\program files (x86)\arcgis\desktop10.3\ArcToolbox\Toolboxes\Data Management Tools.tbx\CalculateField" Date="20170413" Time="125036">CalculateField To_Upload STATE_CODE "4 AND 5" VB #</Process><Process ToolSource="c:\program files (x86)\arcgis\desktop10.3\ArcToolbox\Toolboxes\Data Management Tools.tbx\CalculateField" Date="20170413" Time="125109">CalculateField To_Upload STATE_CODE "4 &amp; 5" VB #</Process><Process ToolSource="c:\program files (x86)\arcgis\desktop10.3\ArcToolbox\Toolboxes\Data Management Tools.tbx\CalculateField" Date="20170413" Time="125140">CalculateField To_Upload STATE_CODE "4 AND 5" VB #</Process><Process ToolSource="c:\program files (x86)\arcgis\desktop10.3\ArcToolbox\Toolboxes\Data Management Tools.tbx\CalculateField" Date="20170413" Time="125454">CalculateField To_Upload STATE_CODE 5 VB #</Process><Process ToolSource="c:\program files (x86)\arcgis\desktop10.3\ArcToolbox\Toolboxes\Data Management Tools.tbx\CalculateField" Date="20170413" Time="125552">CalculateField To_Upload STATE_CODE "5 AND 6" VB #</Process><Process ToolSource="c:\program files (x86)\arcgis\desktop10.3\ArcToolbox\Toolboxes\Data Management Tools.tbx\CalculateField" Date="20170413" Time="125755">CalculateField To_Upload STATE_CODE 6 VB #</Process><Process ToolSource="c:\program files (x86)\arcgis\desktop10.3\ArcToolbox\Toolboxes\Data Management Tools.tbx\CalculateField" Date="20170413" Time="125822">CalculateField To_Upload STATE_CODE 7 VB #</Process><Process ToolSource="c:\program files (x86)\arcgis\desktop10.3\ArcToolbox\Toolboxes\Data Management Tools.tbx\CalculateField" Date="20170413" Time="125941">CalculateField To_Upload DGN_Code "1000* [DCODE]" VB #</Process><Process ToolSource="c:\program files (x86)\arcgis\desktop10.3\ArcToolbox\Toolboxes\Data Management Tools.tbx\CalculateField" Date="20170413" Time="130005">CalculateField To_Upload DGN_Code_1 "[DGN_Code]+ [GN_CODE]" VB #</Process><Process ToolSource="C:\Program Files (x86)\ArcGIS\ArcToolbox\Toolboxes\Conversion Tools.tbx\FeatureClassToFeatureClass" Date="20170517" Time="113759">FeatureClassToFeatureClass F:\SURESH_SIR\Seamless_with_restricted\NEPAL_GAPANAPA.shp "D:\Topology Check\Nepal_744.gdb" NEPAL_GAPANAPA_744 # "OBJECTID 'OBJECTID' true true false 10 Double 0 10 ,First,#,F:\SURESH_SIR\Seamless_with_restricted\NEPAL_GAPANAPA.shp,OBJECTID,-1,-1;DCODE 'DCODE' true true false 5 Long 0 5 ,First,#,F:\SURESH_SIR\Seamless_with_restricted\NEPAL_GAPANAPA.shp,DCODE,-1,-1;DISTRICT 'DISTRICT' true true false 50 Text 0 0 ,First,#,F:\SURESH_SIR\Seamless_with_restricted\NEPAL_GAPANAPA.shp,DISTRICT,-1,-1;GaPa_NaPa 'GaPa_NaPa' true true false 50 Text 0 0 ,First,#,F:\SURESH_SIR\Seamless_with_restricted\NEPAL_GAPANAPA.shp,GaPa_NaPa,-1,-1;Type_GN 'Type_GN' true true false 50 Text 0 0 ,First,#,F:\SURESH_SIR\Seamless_with_restricted\NEPAL_GAPANAPA.shp,Type_GN,-1,-1;GN_CODE 'GN_CODE' true true false 10 Double 0 10 ,First,#,F:\SURESH_SIR\Seamless_with_restricted\NEPAL_GAPANAPA.shp,GN_CODE,-1,-1;ZONE 'ZONE' true true false 50 Text 0 0 ,First,#,F:\SURESH_SIR\Seamless_with_restricted\NEPAL_GAPANAPA.shp,ZONE,-1,-1;Z_CODE 'Z_CODE' true true false 5 Long 0 5 ,First,#,F:\SURESH_SIR\Seamless_with_restricted\NEPAL_GAPANAPA.shp,Z_CODE,-1,-1;REGION 'REGION' true true false 50 Text 0 0 ,First,#,F:\SURESH_SIR\Seamless_with_restricted\NEPAL_GAPANAPA.shp,REGION,-1,-1;R_CODE 'R_CODE' true true false 5 Long 0 5 ,First,#,F:\SURESH_SIR\Seamless_with_restricted\NEPAL_GAPANAPA.shp,R_CODE,-1,-1;DDGN_CODE 'DDGN_CODE' true true false 9 Long 0 9 ,First,#,F:\SURESH_SIR\Seamless_with_restricted\NEPAL_GAPANAPA.shp,DDGN_CODE,-1,-1;STATE_CODE 'STATE_CODE' true true false 9 Long 0 9 ,First,#,F:\SURESH_SIR\Seamless_with_restricted\NEPAL_GAPANAPA.shp,STATE_CODE,-1,-1" # "D:\Topology Check\Nepal_744.gdb\NEPAL_GAPANAPA_744"</Process><Process ToolSource="C:\Program Files (x86)\ArcGIS\ArcToolbox\Toolboxes\Conversion Tools.tbx\FeatureClassToFeatureClass" Date="20170517" Time="114145">FeatureClassToFeatureClass "D:\Topology Check\Nepal_744.gdb\NEPAL_GAPANAPA_744" "D:\Topology Check\Nepal_744.gdb\Nepal_744" NEPAL_GAPANAPA_744_T1 # "OBJECTID 'OBJECTID' true true false 8 Double 0 0 ,First,#,D:\Topology Check\Nepal_744.gdb\NEPAL_GAPANAPA_744,OBJECTID,-1,-1;DCODE 'DCODE' true true false 4 Long 0 0 ,First,#,D:\Topology Check\Nepal_744.gdb\NEPAL_GAPANAPA_744,DCODE,-1,-1;DISTRICT 'DISTRICT' true true false 50 Text 0 0 ,First,#,D:\Topology Check\Nepal_744.gdb\NEPAL_GAPANAPA_744,DISTRICT,-1,-1;GaPa_NaPa 'GaPa_NaPa' true true false 50 Text 0 0 ,First,#,D:\Topology Check\Nepal_744.gdb\NEPAL_GAPANAPA_744,GaPa_NaPa,-1,-1;Type_GN 'Type_GN' true true false 50 Text 0 0 ,First,#,D:\Topology Check\Nepal_744.gdb\NEPAL_GAPANAPA_744,Type_GN,-1,-1;GN_CODE 'GN_CODE' true true false 8 Double 0 0 ,First,#,D:\Topology Check\Nepal_744.gdb\NEPAL_GAPANAPA_744,GN_CODE,-1,-1;ZONE 'ZONE' true true false 50 Text 0 0 ,First,#,D:\Topology Check\Nepal_744.gdb\NEPAL_GAPANAPA_744,ZONE,-1,-1;Z_CODE 'Z_CODE' true true false 4 Long 0 0 ,First,#,D:\Topology Check\Nepal_744.gdb\NEPAL_GAPANAPA_744,Z_CODE,-1,-1;REGION 'REGION' true true false 50 Text 0 0 ,First,#,D:\Topology Check\Nepal_744.gdb\NEPAL_GAPANAPA_744,REGION,-1,-1;R_CODE 'R_CODE' true true false 4 Long 0 0 ,First,#,D:\Topology Check\Nepal_744.gdb\NEPAL_GAPANAPA_744,R_CODE,-1,-1;DDGN_CODE 'DDGN_CODE' true true false 4 Long 0 0 ,First,#,D:\Topology Check\Nepal_744.gdb\NEPAL_GAPANAPA_744,DDGN_CODE,-1,-1;STATE_CODE 'STATE_CODE' true true false 4 Long 0 0 ,First,#,D:\Topology Check\Nepal_744.gdb\NEPAL_GAPANAPA_744,STATE_CODE,-1,-1;Shape_Length 'Shape_Length' false true true 8 Double 0 0 ,First,#,D:\Topology Check\Nepal_744.gdb\NEPAL_GAPANAPA_744,Shape_Length,-1,-1;Shape_Area 'Shape_Area' false true true 8 Double 0 0 ,First,#,D:\Topology Check\Nepal_744.gdb\NEPAL_GAPANAPA_744,Shape_Area,-1,-1" # "D:\Topology Check\Nepal_744.gdb\Nepal_744\NEPAL_GAPANAPA_744_T1"</Process><Process ToolSource="c:\program files\arcgis\desktop10.3\ArcToolbox\Toolboxes\Data Management Tools.tbx\CalculateField" Date="20170621" Time="153240">CalculateField NEPAL_GAPANAPA_744_T2 GaPa_NaPa "Shuklaphanta National Park" VB #</Process><Process ToolSource="c:\program files\arcgis\desktop10.3\ArcToolbox\Toolboxes\Data Management Tools.tbx\CalculateField" Date="20170621" Time="153251">CalculateField NEPAL_GAPANAPA_744_T2 Type_GN "National Park" VB #</Process><Process ToolSource="c:\program files\arcgis\desktop10.3\ArcToolbox\Toolboxes\Data Management Tools.tbx\CalculateField" Date="20170621" Time="153535">CalculateField NEPAL_GAPANAPA_744_T2 GaPa_NaPa "Chitwan National Park" VB #</Process><Process ToolSource="c:\program files\arcgis\desktop10.3\ArcToolbox\Toolboxes\Data Management Tools.tbx\CalculateField" Date="20170622" Time="110339">CalculateField NEPAL_GAPANAPA_744_T2 DDGN_CODE "1000* [DCODE]+ [GN_CODE]" VB #</Process><Process ToolSource="c:\program files\arcgis\desktop10.3\ArcToolbox\Toolboxes\Data Management Tools.tbx\CalculateField" Date="20170627" Time="115009">CalculateField LOCAL_UNITS_744_GN GN_ID [GN_CODE] VB #</Process><Process ToolSource="c:\program files (x86)\arcgis\desktop10.4\ArcToolbox\Toolboxes\Data Management Tools.tbx\Dissolve" Date="20170817" Time="131219">Dissolve ADMIN_NEPAL C:\Users\jmarinos\Documents\ArcGIS\Default.gdb\NPL_States STATE_CODE # SINGLE_PART DISSOLVE_LINES</Process><Process ToolSource="c:\program files (x86)\arcgis\desktop10.4\ArcToolbox\Toolboxes\Data Management Tools.tbx\CalculateField" Date="20170817" Time="132037">CalculateField NPL_Adm1_poly_sd_170817 PROV_CODE [STATE_CODE] VB #</Process><Process ToolSource="c:\program files (x86)\arcgis\desktop10.3\ArcToolbox\Toolboxes\Data Management Tools.tbx\CalculateField" Date="20171009" Time="160618">CalculateField NPL_ADM1 Name [Prov_Name] VB #</Process><Process ToolSource="c:\program files (x86)\arcgis\desktop10.3\ArcToolbox\Toolboxes\Data Management Tools.tbx\CalculateField" Date="20171009" Time="160628">CalculateField NPL_ADM1 Level "ADM1" VB #</Process><Process ToolSource="c:\program files (x86)\arcgis\desktop10.5\ArcToolbox\Toolboxes\Data Management Tools.tbx\Project" Date="20180124" Time="224829">Project NPL_ADM1 C:\Users\lnsei\Desktop\adm1fixed\NPL_ADM1.shp GEOGCS['GCS_WGS_1984',DATUM['D_WGS_1984',SPHEROID['WGS_1984',6378137.0,298.257223563]],PRIMEM['Greenwich',0.0],UNIT['Degree',0.0174532925199433]] # GEOGCS['GCS_Everest_1830',DATUM['D_Everest_1830',SPHEROID['Everest_1830',6377276.345,300.8017]],PRIMEM['Greenwich',0.0],UNIT['Degree',0.0174532925199433]] NO_PRESERVE_SHAPE # NO_VERTICAL</Process></lineage><itemProps><itemName Sync="TRUE">NPL_States</itemName><imsContentType Sync="TRUE">002</imsContentType><itemLocation><linkage Sync="TRUE">file://\\OCHA-16182216\Users\jmarinos\Documents\ArcGIS\Default.gdb</linkage><protocol Sync="TRUE">Local Area Network</protocol></itemLocation></itemProps><coordRef><type Sync="TRUE">Geographic</type><geogcsn Sync="TRUE">GCS_Everest_1830</geogcsn><csUnits Sync="TRUE">Angular Unit: Degree (0.017453)</csUnits><peXml Sync="TRUE">&lt;GeographicCoordinateSystem xsi:type='typens:GeographicCoordinateSystem' xmlns:xsi='http://www.w3.org/2001/XMLSchema-instance' xmlns:xs='http://www.w3.org/2001/XMLSchema' xmlns:typens='http://www.esri.com/schemas/ArcGIS/10.4'&gt;&lt;WKT&gt;GEOGCS[&amp;quot;GCS_Everest_1830&amp;quot;,DATUM[&amp;quot;D_Everest_1830&amp;quot;,SPHEROID[&amp;quot;Everest_1830&amp;quot;,6377276.345,300.8017]],PRIMEM[&amp;quot;Greenwich&amp;quot;,0.0],UNIT[&amp;quot;Degree&amp;quot;,0.0174532925199433]]&lt;/WKT&gt;&lt;XOrigin&gt;-400&lt;/XOrigin&gt;&lt;YOrigin&gt;-400&lt;/YOrigin&gt;&lt;XYScale&gt;1111948722.2222221&lt;/XYScale&gt;&lt;ZOrigin&gt;-100000&lt;/ZOrigin&gt;&lt;ZScale&gt;10000&lt;/ZScale&gt;&lt;MOrigin&gt;-100000&lt;/MOrigin&gt;&lt;MScale&gt;10000&lt;/MScale&gt;&lt;XYTolerance&gt;8.9843651762094569e-009&lt;/XYTolerance&gt;&lt;ZTolerance&gt;0.001&lt;/ZTolerance&gt;&lt;MTolerance&gt;0.001&lt;/MTolerance&gt;&lt;HighPrecision&gt;true&lt;/HighPrecision&gt;&lt;LeftLongitude&gt;-180&lt;/LeftLongitude&gt;&lt;/GeographicCoordinateSystem&gt;</peXml></coordRef><copyHistory><copy source="D:\LOCAL_UNITS_744_EVEREST_1830_DD\ADMIN_NEPAL" dest="\\DELL-PC\F\ADMIN_NEPAL\ADMIN_NEPAL" date="20170627" time="12145300"></copy></copyHistory></DataProperties><ArcGISFormat>1.0</ArcGISFormat></Esri><idinfo><native Sync="TRUE">Microsoft Windows Vista Version 6.1 (Build 7601) Service Pack 1; ESRI ArcCatalog 9.3.0.1770</native><descript><langdata Sync="TRUE">en</langdata><abstract>REQUIRED: A brief narrative summary of the data set.</abstract><purpose>REQUIRED: A summary of the intentions with which the data set was developed.</purpose></descript><citation><citeinfo><origin>REQUIRED: The name of an organization or individual that developed the data set.</origin><pubdate>REQUIRED: The date when the data set is published or otherwise made available for release.</pubdate><title Sync="TRUE">NEPAL_GAPANAPA_744_T1</title><ftname Sync="TRUE">NEPAL_GAPANAPA_744_T1</ftname><geoform Sync="TRUE">vector digital data</geoform><onlink Sync="TRUE"></onlink></citeinfo></citation><timeperd><current>REQUIRED: The basis on which the time period of content information is determined.</current><timeinfo><sngdate><caldate>REQUIRED: The year (and optionally month, or month and day) for which the data set corresponds to the ground.</caldate></sngdate></timeinfo></timeperd><status><progress>REQUIRED: The state of the data set.</progress><update>REQUIRED: The frequency with which changes and additions are made to the data set after the initial data set is completed.</update></status><spdom><bounding><westbc Sync="TRUE">REQUIRED: Western-most coordinate of the limit of coverage expressed in longitude.</westbc><eastbc Sync="TRUE">REQUIRED: Eastern-most coordinate of the limit of coverage expressed in longitude.</eastbc><northbc Sync="TRUE">REQUIRED: Northern-most coordinate of the limit of coverage expressed in latitude.</northbc><southbc Sync="TRUE">REQUIRED: Southern-most coordinate of the limit of coverage expressed in latitude.</southbc></bounding></spdom><keywords><theme><themekt>REQUIRED: Reference to a formally registered thesaurus or a similar authoritative source of theme keywords.</themekt><themekey>REQUIRED: Common-use word or phrase used to describe the subject of the data set.</themekey></theme></keywords><accconst>REQUIRED: Restrictions and legal prerequisites for accessing the data set.</accconst><useconst>REQUIRED: Restrictions and legal prerequisites for using the data set after access is granted.</useconst><natvform Sync="TRUE">File Geodatabase Feature Class</natvform></idinfo><dataIdInfo><envirDesc Sync="TRUE">Microsoft Windows 7 Version 6.1 (Build 7601) Service Pack 1; Esri ArcGIS 10.4.1.5686</envirDesc><dataLang><languageCode Sync="TRUE" value="eng"></languageCode><countryCode value="USA" Sync="TRUE"></countryCode></dataLang><idCitation><resTitle Sync="TRUE">NPL_States</resTitle><presForm><PresFormCd Sync="TRUE" value="005"></PresFormCd></presForm></idCitation><spatRpType><SpatRepTypCd Sync="TRUE" value="001"></SpatRepTypCd></spatRpType></dataIdInfo><metainfo><langmeta Sync="TRUE">en</langmeta><metstdn Sync="TRUE">FGDC Content Standards for Digital Geospatial Metadata</metstdn><metstdv Sync="TRUE">FGDC-STD-001-1998</metstdv><mettc Sync="TRUE">local time</mettc><metc><cntinfo><cntorgp><cntper>REQUIRED: The person responsible for the metadata information.</cntper><cntorg>REQUIRED: The organization responsible for the metadata information.</cntorg></cntorgp><cntaddr><addrtype>REQUIRED: The mailing and/or physical address for the organization or individual.</addrtype><city>REQUIRED: The city of the address.</city><state>REQUIRED: The state or province of the address.</state><postal>REQUIRED: The ZIP or other postal code of the address.</postal></cntaddr><cntvoice>REQUIRED: The telephone number by which individuals can speak to the organization or individual.</cntvoice></cntinfo></metc><metd Sync="TRUE">20170517</metd></metainfo><mdLang><languageCode Sync="TRUE" value="eng"></languageCode><countryCode value="USA" Sync="TRUE"></countryCode></mdLang><mdStanName Sync="TRUE">ISO 19115 Geographic Information - Metadata</mdStanName><mdStanVer Sync="TRUE">DIS_ESRI1.0</mdStanVer><mdChar><CharSetCd Sync="TRUE" value="004"></CharSetCd></mdChar><mdHrLv><ScopeCd Sync="TRUE" value="005"></ScopeCd></mdHrLv><mdHrLvName Sync="TRUE">dataset</mdHrLvName><distinfo><resdesc Sync="TRUE">Downloadable Data</resdesc><stdorder><digform><digtinfo><transize Sync="TRUE">0.000</transize><dssize Sync="TRUE">0.000</dssize></digtinfo></digform></stdorder></distinfo><distInfo><distributor><distorTran><onLineSrc><orDesc Sync="TRUE">002</orDesc><linkage Sync="TRUE">file://</linkage><protocol Sync="TRUE">Local Area Network</protocol></onLineSrc><transSize Sync="TRUE">0.000</transSize></distorTran><distorFormat><formatName Sync="TRUE">File Geodatabase Feature Class</formatName></distorFormat></distributor><distFormat><formatName Sync="TRUE">File Geodatabase Feature Class</formatName></distFormat></distInfo><spdoinfo><direct Sync="TRUE">Vector</direct><ptvctinf><esriterm Name="NPL_States"><efeatyp Sync="TRUE">Simple</efeatyp><efeageom code="4" Sync="TRUE"></efeageom><esritopo Sync="TRUE">FALSE</esritopo><efeacnt Sync="TRUE">0</efeacnt><spindex Sync="TRUE">TRUE</spindex><linrefer Sync="TRUE">FALSE</linrefer></esriterm></ptvctinf></spdoinfo><spref><horizsys><cordsysn><geogcsn Sync="TRUE">GCS_Everest_1830</geogcsn><projcsn Sync="TRUE">Nepal_MUTM_Central_84_Everest_1830</projcsn></cordsysn><geodetic><horizdn Sync="TRUE">D_Everest_1830</horizdn><ellips Sync="TRUE">Everest_1830</ellips><semiaxis Sync="TRUE">6377276.345000</semiaxis><denflat Sync="TRUE">300.801700</denflat></geodetic></horizsys><vertdef><altsys><altenc Sync="TRUE">Explicit elevation coordinate included with horizontal coordinates</altenc><altres Sync="TRUE">0.000100</altres></altsys></vertdef></spref><refSysInfo><RefSystem><refSysID><identCode Sync="TRUE" code="0">Nepal_MUTM_Central_84_Everest_1830</identCode></refSysID></RefSystem></refSysInfo><spatRepInfo><VectSpatRep><geometObjs Name="NPL_States"><geoObjTyp><GeoObjTypCd value="002" Sync="TRUE"></GeoObjTypCd></geoObjTyp><geoObjCnt Sync="TRUE">0</geoObjCnt></geometObjs><topLvl><TopoLevCd value="001" Sync="TRUE"></TopoLevCd></topLvl></VectSpatRep></spatRepInfo><eainfo><detailed Name="NPL_States"><enttyp><enttypl Sync="TRUE">NPL_States</enttypl><enttypt Sync="TRUE">Feature Class</enttypt><enttypc Sync="TRUE">0</enttypc></enttyp><attr><attrlabl Sync="TRUE">OBJECTID</attrlabl><attalias Sync="TRUE">FID</attalias><attrtype Sync="TRUE">OID</attrtype><attwidth Sync="TRUE">4</attwidth><atprecis Sync="TRUE">0</atprecis><attscale Sync="TRUE">0</attscale><attrdef Sync="TRUE">Internal feature number.</attrdef><attrdefs Sync="TRUE">Esri</attrdefs><attrdomv><udom Sync="TRUE">Sequential unique whole numbers that are automatically generated.</udom></attrdomv></attr><attr><attrlabl Sync="TRUE">Shape</attrlabl><attalias Sync="TRUE">Shape</attalias><attrtype Sync="TRUE">Geometry</attrtype><attwidth Sync="TRUE">0</attwidth><atprecis Sync="TRUE">0</atprecis><attscale Sync="TRUE">0</attscale><attrdef Sync="TRUE">Feature geometry.</attrdef><attrdefs Sync="TRUE">ESRI</attrdefs><attrdomv><udom Sync="TRUE">Coordinates defining the features.</udom></attrdomv></attr><attr><attrlabl Sync="TRUE">STATE_CODE</attrlabl><attalias Sync="TRUE">STATE_CODE</attalias><attrtype Sync="TRUE">Integer</attrtype><attwidth Sync="TRUE">4</attwidth><atprecis Sync="TRUE">0</atprecis><attscale Sync="TRUE">0</attscale></attr><attr><attrlabl Sync="TRUE">Shape_Length</attrlabl><attalias Sync="TRUE">Shape_Length</attalias><attrtype Sync="TRUE">Double</attrtype><attwidth Sync="TRUE">8</attwidth><atprecis Sync="TRUE">0</atprecis><attscale Sync="TRUE">0</attscale><attrdef Sync="TRUE">Length of feature in internal units.</attrdef><attrdefs Sync="TRUE">Esri</attrdefs><attrdomv><udom Sync="TRUE">Positive real numbers that are automatically generated.</udom></attrdomv></attr><attr><attrlabl Sync="TRUE">Shape_Area</attrlabl><attalias Sync="TRUE">Shape_Area</attalias><attrtype Sync="TRUE">Double</attrtype><attwidth Sync="TRUE">8</attwidth><atprecis Sync="TRUE">0</atprecis><attscale Sync="TRUE">0</attscale><attrdef Sync="TRUE">Area of feature in internal units squared.</attrdef><attrdefs Sync="TRUE">Esri</attrdefs><attrdomv><udom Sync="TRUE">Positive real numbers that are automatically generated.</udom></attrdomv></attr></detailed></eainfo><mdDateSt Sync="TRUE">20170817</mdDateSt><dataqual><lineage><procstep><procdesc Sync="TRUE">Dataset copied.</procdesc><srcused Sync="TRUE"></srcused><procdate Sync="TRUE">20170410</procdate><proctime Sync="TRUE">11445100</proctime></procstep><procstep><procdesc Sync="TRUE">Dataset copied.</procdesc><srcused Sync="TRUE"></srcused><procdate Sync="TRUE">20170424</procdate><proctime Sync="TRUE">16351700</proctime></procstep><procstep><procdesc Sync="TRUE">Dataset moved.</procdesc><srcused Sync="TRUE">F:\SURESH_SIR\NEPAL_GAPANAPA</srcused><procdate Sync="TRUE">20170507</procdate><proctime Sync="TRUE">11400600</proctime></procstep><procstep><procdesc Sync="TRUE">Dataset copied.</procdesc><srcused Sync="TRUE">\\NEC\F\Topology Check\Nepal_744.gdb</srcused><procdate Sync="TRUE">20170522</procdate><proctime Sync="TRUE">11140800</proctime></procstep></lineage></dataqual></metadata>
