<?xml version="1.0" encoding="UTF-8"?>
<metadata xml:lang="fr"><Esri><CreaDate>20180215</CreaDate><CreaTime>12421100</CreaTime><ArcGISFormat>1.0</ArcGISFormat><SyncOnce>FALSE</SyncOnce><DataProperties><itemProps><itemName Sync="TRUE">lbr_admbnda_adm2_ocha</itemName><imsContentType Sync="TRUE">002</imsContentType><itemLocation><linkage Sync="TRUE">file://\\OCHAWKS-SEN-5MA\C$\Local Cloud\Shared\ROWCA\00_Regional Office Dakar\Information Management\07 GIS\00_ROWCA gdb\LBR.gdb</linkage><protocol Sync="TRUE">Local Area Network</protocol></itemLocation></itemProps><coordRef><type Sync="TRUE">Geographic</type><geogcsn Sync="TRUE">GCS_WGS_1984</geogcsn><csUnits Sync="TRUE">Angular Unit: Degree (0.017453)</csUnits><peXml Sync="TRUE">&lt;GeographicCoordinateSystem xsi:type='typens:GeographicCoordinateSystem' xmlns:xsi='http://www.w3.org/2001/XMLSchema-instance' xmlns:xs='http://www.w3.org/2001/XMLSchema' xmlns:typens='http://www.esri.com/schemas/ArcGIS/10.1'&gt;&lt;WKT&gt;GEOGCS[&amp;quot;GCS_WGS_1984&amp;quot;,DATUM[&amp;quot;D_WGS_1984&amp;quot;,SPHEROID[&amp;quot;WGS_1984&amp;quot;,6378137.0,298.257223563]],PRIMEM[&amp;quot;Greenwich&amp;quot;,0.0],UNIT[&amp;quot;Degree&amp;quot;,0.0174532925199433],AUTHORITY[&amp;quot;EPSG&amp;quot;,4326]]&lt;/WKT&gt;&lt;XOrigin&gt;-400&lt;/XOrigin&gt;&lt;YOrigin&gt;-400&lt;/YOrigin&gt;&lt;XYScale&gt;999999999.99999988&lt;/XYScale&gt;&lt;ZOrigin&gt;-100000&lt;/ZOrigin&gt;&lt;ZScale&gt;10000&lt;/ZScale&gt;&lt;MOrigin&gt;-100000&lt;/MOrigin&gt;&lt;MScale&gt;10000&lt;/MScale&gt;&lt;XYTolerance&gt;8.983152841195215e-009&lt;/XYTolerance&gt;&lt;ZTolerance&gt;0.001&lt;/ZTolerance&gt;&lt;MTolerance&gt;0.001&lt;/MTolerance&gt;&lt;HighPrecision&gt;true&lt;/HighPrecision&gt;&lt;LeftLongitude&gt;-180&lt;/LeftLongitude&gt;&lt;WKID&gt;4326&lt;/WKID&gt;&lt;LatestWKID&gt;4326&lt;/LatestWKID&gt;&lt;/GeographicCoordinateSystem&gt;</peXml></coordRef><lineage><Process ToolSource="c:\program files (x86)\arcgis\desktop10.1\ArcToolbox\Toolboxes\Conversion Tools.tbx\FeatureClassToFeatureClass" Date="20160530" Time="104908">FeatureClassToFeatureClass "C:\Local Cloud\Shared\ROWCA\00_Regional Office Dakar\Information Management\07 GIS\00_ROWCA gdb\LBR\Data\Base_data\Admin\Working\lbr_admbnd2_ocha.shp" "C:\Local Cloud\Shared\ROWCA\00_Regional Office Dakar\Information Management\07 GIS\00_ROWCA gdb\LBR.gdb\Admin" lbr_admbnda_adm2_ocha # "ADM2_NAME "ADM2_NAME" true true false 254 Text 0 0 ,First,#,C:\Local Cloud\Shared\ROWCA\00_Regional Office Dakar\Information Management\07 GIS\00_ROWCA gdb\LBR\Data\Base_data\Admin\Working\lbr_admbnd2_ocha.shp,ADM2_NAME,-1,-1;ADM2_CODE "ADM2_CODE" true true false 254 Text 0 0 ,First,#,C:\Local Cloud\Shared\ROWCA\00_Regional Office Dakar\Information Management\07 GIS\00_ROWCA gdb\LBR\Data\Base_data\Admin\Working\lbr_admbnd2_ocha.shp,ADM2_CODE,-1,-1;ADM1_NAME "ADM1_NAME" true true false 254 Text 0 0 ,First,#,C:\Local Cloud\Shared\ROWCA\00_Regional Office Dakar\Information Management\07 GIS\00_ROWCA gdb\LBR\Data\Base_data\Admin\Working\lbr_admbnd2_ocha.shp,ADM1_NAME,-1,-1;ADM1_CODE "ADM1_CODE" true true false 254 Text 0 0 ,First,#,C:\Local Cloud\Shared\ROWCA\00_Regional Office Dakar\Information Management\07 GIS\00_ROWCA gdb\LBR\Data\Base_data\Admin\Working\lbr_admbnd2_ocha.shp,ADM1_CODE,-1,-1;CNTRY_NAME "CNTRY_NAME" true true false 254 Text 0 0 ,First,#,C:\Local Cloud\Shared\ROWCA\00_Regional Office Dakar\Information Management\07 GIS\00_ROWCA gdb\LBR\Data\Base_data\Admin\Working\lbr_admbnd2_ocha.shp,CNTRY_NAME,-1,-1;CNTRY_CODE "CNTRY_CODE" true true false 254 Text 0 0 ,First,#,C:\Local Cloud\Shared\ROWCA\00_Regional Office Dakar\Information Management\07 GIS\00_ROWCA gdb\LBR\Data\Base_data\Admin\Working\lbr_admbnd2_ocha.shp,CNTRY_CODE,-1,-1;WHO_CODE "WHO_CODE" true true false 254 Text 0 0 ,First,#,C:\Local Cloud\Shared\ROWCA\00_Regional Office Dakar\Information Management\07 GIS\00_ROWCA gdb\LBR\Data\Base_data\Admin\Working\lbr_admbnd2_ocha.shp,WHO_CODE,-1,-1;RowcaCode1 "RowcaCode1" true true false 254 Text 0 0 ,First,#,C:\Local Cloud\Shared\ROWCA\00_Regional Office Dakar\Information Management\07 GIS\00_ROWCA gdb\LBR\Data\Base_data\Admin\Working\lbr_admbnd2_ocha.shp,RowcaCode1,-1,-1;RowcaCode2 "RowcaCode2" true true false 254 Text 0 0 ,First,#,C:\Local Cloud\Shared\ROWCA\00_Regional Office Dakar\Information Management\07 GIS\00_ROWCA gdb\LBR\Data\Base_data\Admin\Working\lbr_admbnd2_ocha.shp,RowcaCode2,-1,-1;Hrname "Hrname" true true false 254 Text 0 0 ,First,#,C:\Local Cloud\Shared\ROWCA\00_Regional Office Dakar\Information Management\07 GIS\00_ROWCA gdb\LBR\Data\Base_data\Admin\Working\lbr_admbnd2_ocha.shp,Hrname,-1,-1;Hrpcode "Hrpcode" true true false 254 Text 0 0 ,First,#,C:\Local Cloud\Shared\ROWCA\00_Regional Office Dakar\Information Management\07 GIS\00_ROWCA gdb\LBR\Data\Base_data\Admin\Working\lbr_admbnd2_ocha.shp,Hrpcode,-1,-1;Hrparent "Hrparent" true true false 254 Text 0 0 ,First,#,C:\Local Cloud\Shared\ROWCA\00_Regional Office Dakar\Information Management\07 GIS\00_ROWCA gdb\LBR\Data\Base_data\Admin\Working\lbr_admbnd2_ocha.shp,Hrparent,-1,-1" #</Process><Process ToolSource="c:\program files (x86)\arcgis\desktop10.4\ArcToolbox\Toolboxes\Data Management Tools.tbx\CalculateField" Date="20170227" Time="112210">CalculateField lbr_admbnda_adm2_ocha Hrparent ""LB0"&amp;Right ( [ADM1_CODE] ,Len( [ADM1_CODE] ) - 2)" VB #</Process><Process ToolSource="c:\program files (x86)\arcgis\desktop10.4\ArcToolbox\Toolboxes\Data Management Tools.tbx\CalculateField" Date="20170227" Time="112413">CalculateField lbr_admbnda_adm2_ocha Hrpcode "[Hrparent]&amp;Right ( [ADM2_CODE] ,Len( [ADM2_CODE]) - 5)" VB #</Process><Process ToolSource="c:\program files (x86)\arcgis\desktop10.4\ArcToolbox\Toolboxes\Data Management Tools.tbx\CalculateField" Date="20170227" Time="112427">CalculateField lbr_admbnda_adm2_ocha Hrpcode "[Hrparent]&amp;Right ( [ADM2_CODE] ,Len( [ADM2_CODE]) - 4)" VB #</Process><Process ToolSource="c:\program files (x86)\arcgis\desktop10.4\ArcToolbox\Toolboxes\Data Management Tools.tbx\CalculateField" Date="20170227" Time="112436">CalculateField lbr_admbnda_adm2_ocha Hrpcode "[Hrparent]&amp;Right ( [ADM2_CODE] ,Len( [ADM2_CODE]) - 6)" VB #</Process><Process ToolSource="c:\program files (x86)\arcgis\desktop10.4\ArcToolbox\Toolboxes\Data Management Tools.tbx\CalculateField" Date="20170227" Time="112554">CalculateField lbr_admbnda_adm2_ocha Hrparent ""LB0"&amp;Right ( [ADM1_CODE] ,Len( [ADM1_CODE] ) - 2)" VB #</Process><Process ToolSource="c:\program files (x86)\arcgis\desktop10.4\ArcToolbox\Toolboxes\Data Management Tools.tbx\CalculateField" Date="20170227" Time="112602">CalculateField lbr_admbnda_adm2_ocha Hrparent ""LB0"&amp;Right ( [ADM1_CODE] ,Len( [ADM1_CODE] ) - 4)" VB #</Process><Process ToolSource="c:\program files (x86)\arcgis\desktop10.4\ArcToolbox\Toolboxes\Data Management Tools.tbx\CalculateField" Date="20170227" Time="112616">CalculateField lbr_admbnda_adm2_ocha Hrparent ""LB0"&amp;Right ( [ADM1_CODE] ,Len( [ADM1_CODE] ) - 3)" VB #</Process><Process ToolSource="c:\program files (x86)\arcgis\desktop10.4\ArcToolbox\Toolboxes\Data Management Tools.tbx\CalculateField" Date="20170227" Time="112655">CalculateField lbr_admbnda_adm2_ocha Hrpcode "[Hrparent] &amp;Right ( [ADM2_CODE] ,Len( [ADM2_CODE]) - 4)" VB #</Process><Process ToolSource="c:\program files (x86)\arcgis\desktop10.4\ArcToolbox\Toolboxes\Data Management Tools.tbx\CalculateField" Date="20170227" Time="112723">CalculateField lbr_admbnda_adm2_ocha Hrpcode "[Hrparent] &amp;"0"&amp;Right ( [ADM2_CODE] ,Len( [ADM2_CODE]) - 6)" VB #</Process><Process ToolSource="c:\program files (x86)\arcgis\desktop10.4\ArcToolbox\Toolboxes\Data Management Tools.tbx\CalculateField" Date="20170227" Time="112736">CalculateField lbr_admbnda_adm2_ocha Hrpcode "[Hrparent] &amp;"0"&amp;Right ( [ADM2_CODE] ,Len( [ADM2_CODE]) - 5)" VB #</Process><Process ToolSource="c:\program files (x86)\arcgis\desktop10.4\ArcToolbox\Toolboxes\Data Management Tools.tbx\CalculateField" Date="20170426" Time="144414">CalculateField lbr_admbnda_adm2_ocha Hrparent ""LR"&amp;Right ( [Hrparent],Len( [Hrparent]) - 3)" VB #</Process><Process ToolSource="c:\program files (x86)\arcgis\desktop10.4\ArcToolbox\Toolboxes\Data Management Tools.tbx\CalculateField" Date="20170426" Time="145003">CalculateField lbr_admbnda_adm2_ocha Hrpcode "[Hrparent]&amp;Right ( [Hrpcode],Len( [Hrpcode]) - 4)" VB #</Process><Process ToolSource="c:\program files (x86)\arcgis\desktop10.4\ArcToolbox\Toolboxes\Data Management Tools.tbx\CalculateField" Date="20170426" Time="145130">CalculateField lbr_admbnda_adm2_ocha Hrparent ""LR"&amp;Right ( [RowcaCode1],Len( [RowcaCode1]) - 2)" VB #</Process><Process ToolSource="c:\program files (x86)\arcgis\desktop10.4\ArcToolbox\Toolboxes\Data Management Tools.tbx\CalculateField" Date="20170426" Time="145140">CalculateField lbr_admbnda_adm2_ocha Hrparent ""LR"&amp;Right ( [RowcaCode1],Len( [RowcaCode1]) - 4)" VB #</Process><Process ToolSource="c:\program files (x86)\arcgis\desktop10.4\ArcToolbox\Toolboxes\Data Management Tools.tbx\CalculateField" Date="20170426" Time="145246">CalculateField lbr_admbnda_adm2_ocha Hrpcode "[Hrparent]&amp;Right ( [RowcaCode2],Len( [RowcaCode2]) - 6)" VB #</Process><Process ToolSource="c:\program files (x86)\arcgis\desktop10.4\ArcToolbox\Toolboxes\Data Management Tools.tbx\CalculateField" Date="20170426" Time="145303">CalculateField lbr_admbnda_adm2_ocha Hrpcode "[Hrparent]&amp;Right ( [RowcaCode2],Len( [RowcaCode2]) - 5)" VB #</Process><Process ToolSource="c:\program files (x86)\arcgis\desktop10.4\ArcToolbox\Toolboxes\Data Management Tools.tbx\CalculateField" Date="20170426" Time="145311">CalculateField lbr_admbnda_adm2_ocha Hrpcode "[Hrparent]&amp;Right ( [RowcaCode2],Len( [RowcaCode2]) - 7)" VB #</Process><Process ToolSource="c:\program files (x86)\arcgis\desktop10.4\ArcToolbox\Toolboxes\Data Management Tools.tbx\CalculateField" Date="20170426" Time="162622">CalculateField lbr_admbnda_adm2_ocha admin1Name [ADM1_NAME] VB #</Process><Process ToolSource="c:\program files (x86)\arcgis\desktop10.4\ArcToolbox\Toolboxes\Data Management Tools.tbx\CalculateField" Date="20170426" Time="162735">CalculateField lbr_admbnda_adm2_ocha admin1Pcod ""LR"&amp;Right ( [Hrparent],Len( [Hrparent]) - 2)" VB #</Process><Process ToolSource="c:\program files (x86)\arcgis\desktop10.4\ArcToolbox\Toolboxes\Data Management Tools.tbx\CalculateField" Date="20170426" Time="162743">CalculateField lbr_admbnda_adm2_ocha admin1Pcod ""LR0"&amp;Right ( [Hrparent],Len( [Hrparent]) - 2)" VB #</Process><Process ToolSource="c:\program files (x86)\arcgis\desktop10.4\ArcToolbox\Toolboxes\Data Management Tools.tbx\CalculateField" Date="20170426" Time="162807">CalculateField lbr_admbnda_adm2_ocha admin2Name [ADM2_NAME] VB #</Process><Process ToolSource="c:\program files (x86)\arcgis\desktop10.4\ArcToolbox\Toolboxes\Data Management Tools.tbx\CalculateField" Date="20170426" Time="162938">CalculateField lbr_admbnda_adm2_ocha admin2Pcod "[admin1Pcod] &amp;Right ( [Hrpcode],Len( [Hrpcode]) - 4)" VB #</Process><Process ToolSource="c:\program files (x86)\arcgis\desktop10.4\ArcToolbox\Toolboxes\Data Management Tools.tbx\CalculateField" Date="20170426" Time="163006">CalculateField lbr_admbnda_adm2_ocha admin2Pcod "[admin1Pcod] &amp;"0"&amp;Right ( [Hrpcode],Len( [Hrpcode]) - 4)" VB #</Process><Process ToolSource="c:\program files (x86)\arcgis\desktop10.4\ArcToolbox\Toolboxes\Data Management Tools.tbx\CalculateField" Date="20171227" Time="124709">CalculateField lbr_admbnda_adm2_ocha correct ""LR"&amp;Right ( [admin1Pcod] ,Len( [admin1Pcod] ) - 3)" VB #</Process><Process ToolSource="c:\program files (x86)\arcgis\desktop10.4\ArcToolbox\Toolboxes\Data Management Tools.tbx\CalculateField" Date="20171227" Time="124726">CalculateField lbr_admbnda_adm2_ocha admin1Pcod [correct] VB #</Process><Process ToolSource="c:\program files (x86)\arcgis\desktop10.4\ArcToolbox\Toolboxes\Data Management Tools.tbx\CalculateField" Date="20171227" Time="124752">CalculateField lbr_admbnda_adm2_ocha correct "[admin1Pcod] &amp;Right ( [admin2Pcod] ,Len( [admin2Pcod] ) - 3)" VB #</Process><Process ToolSource="c:\program files (x86)\arcgis\desktop10.4\ArcToolbox\Toolboxes\Data Management Tools.tbx\CalculateField" Date="20171227" Time="124802">CalculateField lbr_admbnda_adm2_ocha correct "[admin1Pcod] &amp;Right ( [admin2Pcod] ,Len( [admin2Pcod] ) - 6)" VB #</Process><Process ToolSource="c:\program files (x86)\arcgis\desktop10.4\ArcToolbox\Toolboxes\Data Management Tools.tbx\CalculateField" Date="20171227" Time="124829">CalculateField lbr_admbnda_adm2_ocha admin2Pcod [correct] VB #</Process><Process ToolSource="c:\program files (x86)\arcgis\desktop10.4\ArcToolbox\Toolboxes\Data Management Tools.tbx\CalculateField" Date="20171227" Time="124912">CalculateField lbr_admbnda_adm2_ocha Pcod1_iso3 [RowcaCode1] VB #</Process><Process ToolSource="c:\program files (x86)\arcgis\desktop10.4\ArcToolbox\Toolboxes\Data Management Tools.tbx\CalculateField" Date="20171227" Time="124931">CalculateField lbr_admbnda_adm2_ocha Pcod2_iso3 [RowcaCode2] VB #</Process><Process ToolSource="c:\program files (x86)\arcgis\desktop10.5\ArcToolbox\Toolboxes\Data Management Tools.tbx\CalculateField" Date="20180215" Time="124630">CalculateField LBR_ADM2 Name [admin2Name] VB #</Process><Process ToolSource="c:\program files (x86)\arcgis\desktop10.5\ArcToolbox\Toolboxes\Data Management Tools.tbx\CalculateField" Date="20180215" Time="124646">CalculateField LBR_ADM2 Level "ADM2" VB #</Process></lineage></DataProperties><SyncDate>20160530</SyncDate><SyncTime>10490800</SyncTime><ModDate>20160530</ModDate><ModTime>10490800</ModTime></Esri><dataIdInfo><envirDesc Sync="TRUE">Microsoft Windows 7 Version 6.1 (Build 7601) Service Pack 1; Esri ArcGIS 10.1.0.3035</envirDesc><dataLang><languageCode value="fra" Sync="TRUE"></languageCode><countryCode value="FRA" Sync="TRUE"></countryCode></dataLang><idCitation><resTitle Sync="TRUE">lbr_admbnda_adm2_ocha</resTitle><presForm><PresFormCd value="005" Sync="TRUE"></PresFormCd></presForm></idCitation><spatRpType><SpatRepTypCd value="001" Sync="TRUE"></SpatRepTypCd></spatRpType></dataIdInfo><mdLang><languageCode value="fra" Sync="TRUE"></languageCode><countryCode value="FRA" Sync="TRUE"></countryCode></mdLang><distInfo><distFormat><formatName Sync="TRUE">File Geodatabase Feature Class</formatName></distFormat></distInfo><mdHrLv><ScopeCd value="005" Sync="TRUE"></ScopeCd></mdHrLv><mdHrLvName Sync="TRUE">dataset</mdHrLvName><refSysInfo><RefSystem><refSysID><identCode code="4326" Sync="TRUE"></identCode><idCodeSpace Sync="TRUE">EPSG</idCodeSpace><idVersion Sync="TRUE">7.9.4</idVersion></refSysID></RefSystem></refSysInfo><spatRepInfo><VectSpatRep><geometObjs Name="lbr_admbnda_adm2_ocha"><geoObjTyp><GeoObjTypCd value="002" Sync="TRUE"></GeoObjTypCd></geoObjTyp><geoObjCnt Sync="TRUE">0</geoObjCnt></geometObjs><topLvl><TopoLevCd value="001" Sync="TRUE"></TopoLevCd></topLvl></VectSpatRep></spatRepInfo><spdoinfo><ptvctinf><esriterm Name="lbr_admbnda_adm2_ocha"><efeatyp Sync="TRUE">Simple</efeatyp><efeageom code="4" Sync="TRUE"></efeageom><esritopo Sync="TRUE">FALSE</esritopo><efeacnt Sync="TRUE">0</efeacnt><spindex Sync="TRUE">TRUE</spindex><linrefer Sync="TRUE">FALSE</linrefer></esriterm></ptvctinf></spdoinfo><eainfo><detailed Name="lbr_admbnda_adm2_ocha"><enttyp><enttypl Sync="TRUE">lbr_admbnda_adm2_ocha</enttypl><enttypt Sync="TRUE">Feature Class</enttypt><enttypc Sync="TRUE">0</enttypc></enttyp><attr><attrlabl Sync="TRUE">OBJECTID</attrlabl><attalias Sync="TRUE">OBJECTID</attalias><attrtype Sync="TRUE">OID</attrtype><attwidth Sync="TRUE">4</attwidth><atprecis Sync="TRUE">0</atprecis><attscale Sync="TRUE">0</attscale><attrdef Sync="TRUE">Internal feature number.</attrdef><attrdefs Sync="TRUE">Esri</attrdefs><attrdomv><udom Sync="TRUE">Sequential unique whole numbers that are automatically generated.</udom></attrdomv></attr><attr><attrlabl Sync="TRUE">Shape</attrlabl><attalias Sync="TRUE">Shape</attalias><attrtype Sync="TRUE">Geometry</attrtype><attwidth Sync="TRUE">0</attwidth><atprecis Sync="TRUE">0</atprecis><attscale Sync="TRUE">0</attscale><attrdef Sync="TRUE">Feature geometry.</attrdef><attrdefs Sync="TRUE">Esri</attrdefs><attrdomv><udom Sync="TRUE">Coordinates defining the features.</udom></attrdomv></attr><attr><attrlabl Sync="TRUE">ADM2_NAME</attrlabl><attalias Sync="TRUE">ADM2_NAME</attalias><attrtype Sync="TRUE">String</attrtype><attwidth Sync="TRUE">254</attwidth><atprecis Sync="TRUE">0</atprecis><attscale Sync="TRUE">0</attscale></attr><attr><attrlabl Sync="TRUE">ADM2_CODE</attrlabl><attalias Sync="TRUE">ADM2_CODE</attalias><attrtype Sync="TRUE">String</attrtype><attwidth Sync="TRUE">254</attwidth><atprecis Sync="TRUE">0</atprecis><attscale Sync="TRUE">0</attscale></attr><attr><attrlabl Sync="TRUE">ADM1_NAME</attrlabl><attalias Sync="TRUE">ADM1_NAME</attalias><attrtype Sync="TRUE">String</attrtype><attwidth Sync="TRUE">254</attwidth><atprecis Sync="TRUE">0</atprecis><attscale Sync="TRUE">0</attscale></attr><attr><attrlabl Sync="TRUE">ADM1_CODE</attrlabl><attalias Sync="TRUE">ADM1_CODE</attalias><attrtype Sync="TRUE">String</attrtype><attwidth Sync="TRUE">254</attwidth><atprecis Sync="TRUE">0</atprecis><attscale Sync="TRUE">0</attscale></attr><attr><attrlabl Sync="TRUE">CNTRY_NAME</attrlabl><attalias Sync="TRUE">CNTRY_NAME</attalias><attrtype Sync="TRUE">String</attrtype><attwidth Sync="TRUE">254</attwidth><atprecis Sync="TRUE">0</atprecis><attscale Sync="TRUE">0</attscale></attr><attr><attrlabl Sync="TRUE">CNTRY_CODE</attrlabl><attalias Sync="TRUE">CNTRY_CODE</attalias><attrtype Sync="TRUE">String</attrtype><attwidth Sync="TRUE">254</attwidth><atprecis Sync="TRUE">0</atprecis><attscale Sync="TRUE">0</attscale></attr><attr><attrlabl Sync="TRUE">WHO_CODE</attrlabl><attalias Sync="TRUE">WHO_CODE</attalias><attrtype Sync="TRUE">String</attrtype><attwidth Sync="TRUE">254</attwidth><atprecis Sync="TRUE">0</atprecis><attscale Sync="TRUE">0</attscale></attr><attr><attrlabl Sync="TRUE">RowcaCode1</attrlabl><attalias Sync="TRUE">RowcaCode1</attalias><attrtype Sync="TRUE">String</attrtype><attwidth Sync="TRUE">254</attwidth><atprecis Sync="TRUE">0</atprecis><attscale Sync="TRUE">0</attscale></attr><attr><attrlabl Sync="TRUE">RowcaCode2</attrlabl><attalias Sync="TRUE">RowcaCode2</attalias><attrtype Sync="TRUE">String</attrtype><attwidth Sync="TRUE">254</attwidth><atprecis Sync="TRUE">0</atprecis><attscale Sync="TRUE">0</attscale></attr><attr><attrlabl Sync="TRUE">Hrname</attrlabl><attalias Sync="TRUE">Hrname</attalias><attrtype Sync="TRUE">String</attrtype><attwidth Sync="TRUE">254</attwidth><atprecis Sync="TRUE">0</atprecis><attscale Sync="TRUE">0</attscale></attr><attr><attrlabl Sync="TRUE">Hrpcode</attrlabl><attalias Sync="TRUE">Hrpcode</attalias><attrtype Sync="TRUE">String</attrtype><attwidth Sync="TRUE">254</attwidth><atprecis Sync="TRUE">0</atprecis><attscale Sync="TRUE">0</attscale></attr><attr><attrlabl Sync="TRUE">Hrparent</attrlabl><attalias Sync="TRUE">Hrparent</attalias><attrtype Sync="TRUE">String</attrtype><attwidth Sync="TRUE">254</attwidth><atprecis Sync="TRUE">0</atprecis><attscale Sync="TRUE">0</attscale></attr><attr><attrlabl Sync="TRUE">Shape_Length</attrlabl><attalias Sync="TRUE">Shape_Length</attalias><attrtype Sync="TRUE">Double</attrtype><attwidth Sync="TRUE">8</attwidth><atprecis Sync="TRUE">0</atprecis><attscale Sync="TRUE">0</attscale><attrdef Sync="TRUE">Length of feature in internal units.</attrdef><attrdefs Sync="TRUE">Esri</attrdefs><attrdomv><udom Sync="TRUE">Positive real numbers that are automatically generated.</udom></attrdomv></attr><attr><attrlabl Sync="TRUE">Shape_Area</attrlabl><attalias Sync="TRUE">Shape_Area</attalias><attrtype Sync="TRUE">Double</attrtype><attwidth Sync="TRUE">8</attwidth><atprecis Sync="TRUE">0</atprecis><attscale Sync="TRUE">0</attscale><attrdef Sync="TRUE">Area of feature in internal units squared.</attrdef><attrdefs Sync="TRUE">Esri</attrdefs><attrdomv><udom Sync="TRUE">Positive real numbers that are automatically generated.</udom></attrdomv></attr></detailed></eainfo><mdDateSt Sync="TRUE">20160530</mdDateSt></metadata>
