<metadata xml:lang="en"><Esri><CreaDate>20210929</CreaDate><CreaTime>21423700</CreaTime><ArcGISFormat>1.0</ArcGISFormat><SyncOnce>FALSE</SyncOnce><DataProperties><itemProps><itemName Sync="TRUE">SLB_ADM1</itemName><imsContentType Sync="TRUE">002</imsContentType><itemSize Sync="TRUE">0.000</itemSize><itemLocation><linkage Sync="TRUE">file://\\AC-FHHJK93-DSMI\C$\Users\cmrivera\Desktop\SLB_ADM1F\SLB_ADM1.shp</linkage><protocol Sync="TRUE">Local Area Network</protocol></itemLocation></itemProps><coordRef><type Sync="TRUE">Geographic</type><geogcsn Sync="TRUE">GCS_WGS_1984</geogcsn><csUnits Sync="TRUE">Angular Unit: Degree (0.017453)</csUnits><peXml Sync="TRUE">&lt;GeographicCoordinateSystem xsi:type='typens:GeographicCoordinateSystem' xmlns:xsi='http://www.w3.org/2001/XMLSchema-instance' xmlns:xs='http://www.w3.org/2001/XMLSchema' xmlns:typens='http://www.esri.com/schemas/ArcGIS/2.7.0'&gt;&lt;WKT&gt;GEOGCS[&amp;quot;GCS_WGS_1984&amp;quot;,DATUM[&amp;quot;D_WGS_1984&amp;quot;,SPHEROID[&amp;quot;WGS_1984&amp;quot;,6378137.0,298.257223563]],PRIMEM[&amp;quot;Greenwich&amp;quot;,0.0],UNIT[&amp;quot;Degree&amp;quot;,0.0174532925199433],AUTHORITY[&amp;quot;EPSG&amp;quot;,4326]]&lt;/WKT&gt;&lt;XOrigin&gt;-400&lt;/XOrigin&gt;&lt;YOrigin&gt;-400&lt;/YOrigin&gt;&lt;XYScale&gt;11258999068426.238&lt;/XYScale&gt;&lt;ZOrigin&gt;-100000&lt;/ZOrigin&gt;&lt;ZScale&gt;10000&lt;/ZScale&gt;&lt;MOrigin&gt;-100000&lt;/MOrigin&gt;&lt;MScale&gt;10000&lt;/MScale&gt;&lt;XYTolerance&gt;8.983152841195215e-09&lt;/XYTolerance&gt;&lt;ZTolerance&gt;0.001&lt;/ZTolerance&gt;&lt;MTolerance&gt;0.001&lt;/MTolerance&gt;&lt;HighPrecision&gt;true&lt;/HighPrecision&gt;&lt;LeftLongitude&gt;-180&lt;/LeftLongitude&gt;&lt;WKID&gt;4326&lt;/WKID&gt;&lt;LatestWKID&gt;4326&lt;/LatestWKID&gt;&lt;/GeographicCoordinateSystem&gt;</peXml></coordRef><lineage><Process ToolSource="c:\program files\arcgis\pro\Resources\ArcToolbox\toolboxes\Conversion Tools.tbx\FeatureClassToFeatureClass" Date="20210929" Time="214057">FeatureClassToFeatureClass ne_10m_admin_1_states_provinces "C:\Users\cmrivera\Desktop\RAW DATA" SLBRAWADM1.shp # "featurecla "featurecla" true true false 20 Text 0 0,First,#,ne_10m_admin_1_states_provinces,featurecla,0,20;scalerank "scalerank" true true false 2 Short 0 2,First,#,ne_10m_admin_1_states_provinces,scalerank,-1,-1;adm1_code "adm1_code" true true false 9 Text 0 0,First,#,ne_10m_admin_1_states_provinces,adm1_code,0,9;diss_me "diss_me" true true false 5 Long 0 5,First,#,ne_10m_admin_1_states_provinces,diss_me,-1,-1;iso_3166_2 "iso_3166_2" true true false 8 Text 0 0,First,#,ne_10m_admin_1_states_provinces,iso_3166_2,0,8;wikipedia "wikipedia" true true false 84 Text 0 0,First,#,ne_10m_admin_1_states_provinces,wikipedia,0,84;iso_a2 "iso_a2" true true false 2 Text 0 0,First,#,ne_10m_admin_1_states_provinces,iso_a2,0,2;adm0_sr "adm0_sr" true true false 1 Short 0 1,First,#,ne_10m_admin_1_states_provinces,adm0_sr,-1,-1;name "name" true true false 44 Text 0 0,First,#,ne_10m_admin_1_states_provinces,name,0,44;name_alt "name_alt" true true false 129 Text 0 0,First,#,ne_10m_admin_1_states_provinces,name_alt,0,129;name_local "name_local" true true false 66 Text 0 0,First,#,ne_10m_admin_1_states_provinces,name_local,0,66;type "type" true true false 38 Text 0 0,First,#,ne_10m_admin_1_states_provinces,type,0,38;type_en "type_en" true true false 27 Text 0 0,First,#,ne_10m_admin_1_states_provinces,type_en,0,27;code_local "code_local" true true false 5 Text 0 0,First,#,ne_10m_admin_1_states_provinces,code_local,0,5;code_hasc "code_hasc" true true false 8 Text 0 0,First,#,ne_10m_admin_1_states_provinces,code_hasc,0,8;note "note" true true false 114 Text 0 0,First,#,ne_10m_admin_1_states_provinces,note,0,114;hasc_maybe "hasc_maybe" true true false 13 Text 0 0,First,#,ne_10m_admin_1_states_provinces,hasc_maybe,0,13;region "region" true true false 43 Text 0 0,First,#,ne_10m_admin_1_states_provinces,region,0,43;region_cod "region_cod" true true false 15 Text 0 0,First,#,ne_10m_admin_1_states_provinces,region_cod,0,15;provnum_ne "provnum_ne" true true false 5 Long 0 5,First,#,ne_10m_admin_1_states_provinces,provnum_ne,-1,-1;gadm_level "gadm_level" true true false 2 Short 0 2,First,#,ne_10m_admin_1_states_provinces,gadm_level,-1,-1;check_me "check_me" true true false 2 Short 0 2,First,#,ne_10m_admin_1_states_provinces,check_me,-1,-1;datarank "datarank" true true false 2 Short 0 2,First,#,ne_10m_admin_1_states_provinces,datarank,-1,-1;abbrev "abbrev" true true false 9 Text 0 0,First,#,ne_10m_admin_1_states_provinces,abbrev,0,9;postal "postal" true true false 3 Text 0 0,First,#,ne_10m_admin_1_states_provinces,postal,0,3;area_sqkm "area_sqkm" true true false 1 Short 0 1,First,#,ne_10m_admin_1_states_provinces,area_sqkm,-1,-1;sameascity "sameascity" true true false 3 Short 0 3,First,#,ne_10m_admin_1_states_provinces,sameascity,-1,-1;labelrank "labelrank" true true false 2 Short 0 2,First,#,ne_10m_admin_1_states_provinces,labelrank,-1,-1;name_len "name_len" true true false 2 Short 0 2,First,#,ne_10m_admin_1_states_provinces,name_len,-1,-1;mapcolor9 "mapcolor9" true true false 1 Short 0 1,First,#,ne_10m_admin_1_states_provinces,mapcolor9,-1,-1;mapcolor13 "mapcolor13" true true false 2 Short 0 2,First,#,ne_10m_admin_1_states_provinces,mapcolor13,-1,-1;fips "fips" true true false 5 Text 0 0,First,#,ne_10m_admin_1_states_provinces,fips,0,5;fips_alt "fips_alt" true true false 9 Text 0 0,First,#,ne_10m_admin_1_states_provinces,fips_alt,0,9;woe_id "woe_id" true true false 9 Long 0 9,First,#,ne_10m_admin_1_states_provinces,woe_id,-1,-1;woe_label "woe_label" true true false 64 Text 0 0,First,#,ne_10m_admin_1_states_provinces,woe_label,0,64;woe_name "woe_name" true true false 44 Text 0 0,First,#,ne_10m_admin_1_states_provinces,woe_name,0,44;latitude "latitude" true true false 12 Double 8 11,First,#,ne_10m_admin_1_states_provinces,latitude,-1,-1;longitude "longitude" true true false 12 Double 7 11,First,#,ne_10m_admin_1_states_provinces,longitude,-1,-1;sov_a3 "sov_a3" true true false 3 Text 0 0,First,#,ne_10m_admin_1_states_provinces,sov_a3,0,3;adm0_a3 "adm0_a3" true true false 3 Text 0 0,First,#,ne_10m_admin_1_states_provinces,adm0_a3,0,3;adm0_label "adm0_label" true true false 2 Short 0 2,First,#,ne_10m_admin_1_states_provinces,adm0_label,-1,-1;admin "admin" true true false 36 Text 0 0,First,#,ne_10m_admin_1_states_provinces,admin,0,36;geonunit "geonunit" true true false 40 Text 0 0,First,#,ne_10m_admin_1_states_provinces,geonunit,0,40;gu_a3 "gu_a3" true true false 3 Text 0 0,First,#,ne_10m_admin_1_states_provinces,gu_a3,0,3;gn_id "gn_id" true true false 8 Long 0 8,First,#,ne_10m_admin_1_states_provinces,gn_id,-1,-1;gn_name "gn_name" true true false 72 Text 0 0,First,#,ne_10m_admin_1_states_provinces,gn_name,0,72;gns_id "gns_id" true true false 8 Long 0 8,First,#,ne_10m_admin_1_states_provinces,gns_id,-1,-1;gns_name "gns_name" true true false 80 Text 0 0,First,#,ne_10m_admin_1_states_provinces,gns_name,0,80;gn_level "gn_level" true true false 2 Short 0 2,First,#,ne_10m_admin_1_states_provinces,gn_level,-1,-1;gn_region "gn_region" true true false 1 Text 0 0,First,#,ne_10m_admin_1_states_provinces,gn_region,0,1;gn_a1_code "gn_a1_code" true true false 10 Text 0 0,First,#,ne_10m_admin_1_states_provinces,gn_a1_code,0,10;region_sub "region_sub" true true false 41 Text 0 0,First,#,ne_10m_admin_1_states_provinces,region_sub,0,41;sub_code "sub_code" true true false 5 Text 0 0,First,#,ne_10m_admin_1_states_provinces,sub_code,0,5;gns_level "gns_level" true true false 3 Short 0 3,First,#,ne_10m_admin_1_states_provinces,gns_level,-1,-1;gns_lang "gns_lang" true true false 3 Text 0 0,First,#,ne_10m_admin_1_states_provinces,gns_lang,0,3;gns_adm1 "gns_adm1" true true false 4 Text 0 0,First,#,ne_10m_admin_1_states_provinces,gns_adm1,0,4;gns_region "gns_region" true true false 4 Text 0 0,First,#,ne_10m_admin_1_states_provinces,gns_region,0,4;min_label "min_label" true true false 4 Float 1 3,First,#,ne_10m_admin_1_states_provinces,min_label,-1,-1;max_label "max_label" true true false 4 Float 1 3,First,#,ne_10m_admin_1_states_provinces,max_label,-1,-1;min_zoom "min_zoom" true true false 4 Float 1 3,First,#,ne_10m_admin_1_states_provinces,min_zoom,-1,-1;wikidataid "wikidataid" true true false 9 Text 0 0,First,#,ne_10m_admin_1_states_provinces,wikidataid,0,9;name_ar "name_ar" true true false 85 Text 0 0,First,#,ne_10m_admin_1_states_provinces,name_ar,0,85;name_bn "name_bn" true true false 128 Text 0 0,First,#,ne_10m_admin_1_states_provinces,name_bn,0,128;name_de "name_de" true true false 51 Text 0 0,First,#,ne_10m_admin_1_states_provinces,name_de,0,51;name_en "name_en" true true false 47 Text 0 0,First,#,ne_10m_admin_1_states_provinces,name_en,0,47;name_es "name_es" true true false 52 Text 0 0,First,#,ne_10m_admin_1_states_provinces,name_es,0,52;name_fr "name_fr" true true false 52 Text 0 0,First,#,ne_10m_admin_1_states_provinces,name_fr,0,52;name_el "name_el" true true false 82 Text 0 0,First,#,ne_10m_admin_1_states_provinces,name_el,0,82;name_hi "name_hi" true true false 134 Text 0 0,First,#,ne_10m_admin_1_states_provinces,name_hi,0,134;name_hu "name_hu" true true false 41 Text 0 0,First,#,ne_10m_admin_1_states_provinces,name_hu,0,41;name_id "name_id" true true false 45 Text 0 0,First,#,ne_10m_admin_1_states_provinces,name_id,0,45;name_it "name_it" true true false 49 Text 0 0,First,#,ne_10m_admin_1_states_provinces,name_it,0,49;name_ja "name_ja" true true false 93 Text 0 0,First,#,ne_10m_admin_1_states_provinces,name_ja,0,93;name_ko "name_ko" true true false 58 Text 0 0,First,#,ne_10m_admin_1_states_provinces,name_ko,0,58;name_nl "name_nl" true true false 44 Text 0 0,First,#,ne_10m_admin_1_states_provinces,name_nl,0,44;name_pl "name_pl" true true false 45 Text 0 0,First,#,ne_10m_admin_1_states_provinces,name_pl,0,45;name_pt "name_pt" true true false 43 Text 0 0,First,#,ne_10m_admin_1_states_provinces,name_pt,0,43;name_ru "name_ru" true true false 91 Text 0 0,First,#,ne_10m_admin_1_states_provinces,name_ru,0,91;name_sv "name_sv" true true false 48 Text 0 0,First,#,ne_10m_admin_1_states_provinces,name_sv,0,48;name_tr "name_tr" true true false 44 Text 0 0,First,#,ne_10m_admin_1_states_provinces,name_tr,0,44;name_vi "name_vi" true true false 49 Text 0 0,First,#,ne_10m_admin_1_states_provinces,name_vi,0,49;name_zh "name_zh" true true false 61 Text 0 0,First,#,ne_10m_admin_1_states_provinces,name_zh,0,61;ne_id "ne_id" true true false 10 Long 0 10,First,#,ne_10m_admin_1_states_provinces,ne_id,-1,-1" #</Process><Process ToolSource="c:\program files\arcgis\pro\Resources\ArcToolbox\toolboxes\Data Management Tools.tbx\Project" Date="20210929" Time="214237">Project SLBRAWADM1 C:\Users\cmrivera\AppData\Local\Temp\ArcGISProTemp9952\57363449-33fd-48dc-ad6c-69378af1654f\Default.gdb\SLBRAWADM1_Project GEOGCS['GCS_WGS_1984',DATUM['D_WGS_1984',SPHEROID['WGS_1984',6378137.0,298.257223563]],PRIMEM['Greenwich',0.0],UNIT['Degree',0.0174532925199433]] # GEOGCS['GCS_WGS_1984',DATUM['D_WGS_1984',SPHEROID['WGS_1984',6378137.0,298.257223563]],PRIMEM['Greenwich',0.0],UNIT['Degree',0.0174532925199433]] NO_PRESERVE_SHAPE # NO_VERTICAL</Process><Process ToolSource="c:\program files\arcgis\pro\Resources\ArcToolbox\toolboxes\Data Management Tools.tbx\UpdateSchema" Date="20210929" Time="214400">UpdateSchema "CIMDATA=&lt;CIMStandardDataConnection xsi:type='typens:CIMStandardDataConnection' xmlns:xsi='http://www.w3.org/2001/XMLSchema-instance' xmlns:xs='http://www.w3.org/2001/XMLSchema' xmlns:typens='http://www.esri.com/schemas/ArcGIS/2.7.0'&gt;&lt;WorkspaceConnectionString&gt;DATABASE=C:\Users\cmrivera\AppData\Local\Temp\ArcGISProTemp9952\57363449-33fd-48dc-ad6c-69378af1654f\Default.gdb&lt;/WorkspaceConnectionString&gt;&lt;WorkspaceFactory&gt;FileGDB&lt;/WorkspaceFactory&gt;&lt;Dataset&gt;SLBRAWADM1_Project&lt;/Dataset&gt;&lt;DatasetType&gt;esriDTFeatureClass&lt;/DatasetType&gt;&lt;/CIMStandardDataConnection&gt;" &lt;operationSequence&gt;&lt;workflow&gt;&lt;DeleteField&gt;&lt;field_name&gt;gn_region&lt;/field_name&gt;&lt;field_name&gt;gn_a1_code&lt;/field_name&gt;&lt;field_name&gt;region_sub&lt;/field_name&gt;&lt;field_name&gt;sub_code&lt;/field_name&gt;&lt;field_name&gt;gns_level&lt;/field_name&gt;&lt;field_name&gt;gns_lang&lt;/field_name&gt;&lt;field_name&gt;gns_adm1&lt;/field_name&gt;&lt;field_name&gt;gns_region&lt;/field_name&gt;&lt;field_name&gt;min_label&lt;/field_name&gt;&lt;field_name&gt;max_label&lt;/field_name&gt;&lt;field_name&gt;min_zoom&lt;/field_name&gt;&lt;field_name&gt;wikidataid&lt;/field_name&gt;&lt;field_name&gt;name_ar&lt;/field_name&gt;&lt;field_name&gt;name_bn&lt;/field_name&gt;&lt;field_name&gt;name_de&lt;/field_name&gt;&lt;field_name&gt;name_en&lt;/field_name&gt;&lt;field_name&gt;name_es&lt;/field_name&gt;&lt;field_name&gt;name_fr&lt;/field_name&gt;&lt;field_name&gt;name_el&lt;/field_name&gt;&lt;field_name&gt;name_hi&lt;/field_name&gt;&lt;field_name&gt;name_hu&lt;/field_name&gt;&lt;field_name&gt;name_id&lt;/field_name&gt;&lt;field_name&gt;name_it&lt;/field_name&gt;&lt;field_name&gt;name_ja&lt;/field_name&gt;&lt;field_name&gt;name_ko&lt;/field_name&gt;&lt;field_name&gt;name_nl&lt;/field_name&gt;&lt;field_name&gt;name_pl&lt;/field_name&gt;&lt;field_name&gt;name_pt&lt;/field_name&gt;&lt;field_name&gt;name_ru&lt;/field_name&gt;&lt;field_name&gt;name_sv&lt;/field_name&gt;&lt;/DeleteField&gt;&lt;/workflow&gt;&lt;/operationSequence&gt;</Process><Process ToolSource="c:\program files\arcgis\pro\Resources\ArcToolbox\toolboxes\Data Management Tools.tbx\UpdateSchema" Date="20210929" Time="214452">UpdateSchema "CIMDATA=&lt;CIMStandardDataConnection xsi:type='typens:CIMStandardDataConnection' xmlns:xsi='http://www.w3.org/2001/XMLSchema-instance' xmlns:xs='http://www.w3.org/2001/XMLSchema' xmlns:typens='http://www.esri.com/schemas/ArcGIS/2.7.0'&gt;&lt;WorkspaceConnectionString&gt;DATABASE=C:\Users\cmrivera\AppData\Local\Temp\ArcGISProTemp9952\57363449-33fd-48dc-ad6c-69378af1654f\Default.gdb&lt;/WorkspaceConnectionString&gt;&lt;WorkspaceFactory&gt;FileGDB&lt;/WorkspaceFactory&gt;&lt;Dataset&gt;SLBRAWADM1_Project&lt;/Dataset&gt;&lt;DatasetType&gt;esriDTFeatureClass&lt;/DatasetType&gt;&lt;/CIMStandardDataConnection&gt;" &lt;operationSequence&gt;&lt;workflow&gt;&lt;DeleteField&gt;&lt;field_name&gt;featurecla&lt;/field_name&gt;&lt;field_name&gt;scalerank&lt;/field_name&gt;&lt;field_name&gt;adm1_code&lt;/field_name&gt;&lt;field_name&gt;diss_me&lt;/field_name&gt;&lt;field_name&gt;iso_3166_2&lt;/field_name&gt;&lt;field_name&gt;wikipedia&lt;/field_name&gt;&lt;field_name&gt;iso_a2&lt;/field_name&gt;&lt;field_name&gt;adm0_sr&lt;/field_name&gt;&lt;field_name&gt;name_alt&lt;/field_name&gt;&lt;field_name&gt;name_local&lt;/field_name&gt;&lt;field_name&gt;type&lt;/field_name&gt;&lt;field_name&gt;type_en&lt;/field_name&gt;&lt;field_name&gt;code_local&lt;/field_name&gt;&lt;field_name&gt;code_hasc&lt;/field_name&gt;&lt;field_name&gt;note&lt;/field_name&gt;&lt;field_name&gt;hasc_maybe&lt;/field_name&gt;&lt;field_name&gt;region&lt;/field_name&gt;&lt;field_name&gt;region_cod&lt;/field_name&gt;&lt;field_name&gt;provnum_ne&lt;/field_name&gt;&lt;field_name&gt;gadm_level&lt;/field_name&gt;&lt;field_name&gt;check_me&lt;/field_name&gt;&lt;field_name&gt;datarank&lt;/field_name&gt;&lt;field_name&gt;abbrev&lt;/field_name&gt;&lt;field_name&gt;postal&lt;/field_name&gt;&lt;field_name&gt;area_sqkm&lt;/field_name&gt;&lt;field_name&gt;sameascity&lt;/field_name&gt;&lt;field_name&gt;labelrank&lt;/field_name&gt;&lt;field_name&gt;name_len&lt;/field_name&gt;&lt;field_name&gt;mapcolor9&lt;/field_name&gt;&lt;field_name&gt;mapcolor13&lt;/field_name&gt;&lt;field_name&gt;fips&lt;/field_name&gt;&lt;field_name&gt;fips_alt&lt;/field_name&gt;&lt;field_name&gt;woe_id&lt;/field_name&gt;&lt;field_name&gt;woe_label&lt;/field_name&gt;&lt;field_name&gt;woe_name&lt;/field_name&gt;&lt;field_name&gt;latitude&lt;/field_name&gt;&lt;field_name&gt;longitude&lt;/field_name&gt;&lt;field_name&gt;sov_a3&lt;/field_name&gt;&lt;field_name&gt;adm0_a3&lt;/field_name&gt;&lt;field_name&gt;adm0_label&lt;/field_name&gt;&lt;field_name&gt;admin&lt;/field_name&gt;&lt;field_name&gt;geonunit&lt;/field_name&gt;&lt;field_name&gt;gu_a3&lt;/field_name&gt;&lt;field_name&gt;gn_id&lt;/field_name&gt;&lt;field_name&gt;gn_name&lt;/field_name&gt;&lt;field_name&gt;gns_id&lt;/field_name&gt;&lt;field_name&gt;gns_name&lt;/field_name&gt;&lt;field_name&gt;gn_level&lt;/field_name&gt;&lt;field_name&gt;name_tr&lt;/field_name&gt;&lt;field_name&gt;name_vi&lt;/field_name&gt;&lt;field_name&gt;name_zh&lt;/field_name&gt;&lt;field_name&gt;ne_id&lt;/field_name&gt;&lt;/DeleteField&gt;&lt;/workflow&gt;&lt;/operationSequence&gt;</Process><Process ToolSource="c:\program files\arcgis\pro\Resources\ArcToolbox\toolboxes\Data Management Tools.tbx\UpdateSchema" Date="20210929" Time="214516">UpdateSchema "CIMDATA=&lt;CIMStandardDataConnection xsi:type='typens:CIMStandardDataConnection' xmlns:xsi='http://www.w3.org/2001/XMLSchema-instance' xmlns:xs='http://www.w3.org/2001/XMLSchema' xmlns:typens='http://www.esri.com/schemas/ArcGIS/2.7.0'&gt;&lt;WorkspaceConnectionString&gt;DATABASE=C:\Users\cmrivera\AppData\Local\Temp\ArcGISProTemp9952\57363449-33fd-48dc-ad6c-69378af1654f\Default.gdb&lt;/WorkspaceConnectionString&gt;&lt;WorkspaceFactory&gt;FileGDB&lt;/WorkspaceFactory&gt;&lt;Dataset&gt;SLBRAWADM1_Project&lt;/Dataset&gt;&lt;DatasetType&gt;esriDTFeatureClass&lt;/DatasetType&gt;&lt;/CIMStandardDataConnection&gt;" &lt;operationSequence&gt;&lt;workflow&gt;&lt;AlterField&gt;&lt;field_name&gt;name&lt;/field_name&gt;&lt;new_field_name&gt;Name&lt;/new_field_name&gt;&lt;field_type&gt;TEXT&lt;/field_type&gt;&lt;field_is_nullable&gt;True&lt;/field_is_nullable&gt;&lt;clear_field_alias&gt;False&lt;/clear_field_alias&gt;&lt;/AlterField&gt;&lt;/workflow&gt;&lt;/operationSequence&gt;</Process><Process ToolSource="c:\program files\arcgis\pro\Resources\ArcToolbox\toolboxes\Data Management Tools.tbx\UpdateSchema" Date="20210929" Time="214543">UpdateSchema "CIMDATA=&lt;CIMStandardDataConnection xsi:type='typens:CIMStandardDataConnection' xmlns:xsi='http://www.w3.org/2001/XMLSchema-instance' xmlns:xs='http://www.w3.org/2001/XMLSchema' xmlns:typens='http://www.esri.com/schemas/ArcGIS/2.7.0'&gt;&lt;WorkspaceConnectionString&gt;DATABASE=C:\Users\cmrivera\AppData\Local\Temp\ArcGISProTemp9952\57363449-33fd-48dc-ad6c-69378af1654f\Default.gdb&lt;/WorkspaceConnectionString&gt;&lt;WorkspaceFactory&gt;FileGDB&lt;/WorkspaceFactory&gt;&lt;Dataset&gt;SLBRAWADM1_Project&lt;/Dataset&gt;&lt;DatasetType&gt;esriDTFeatureClass&lt;/DatasetType&gt;&lt;/CIMStandardDataConnection&gt;" &lt;operationSequence&gt;&lt;workflow&gt;&lt;AddField&gt;&lt;field_name&gt;Level&lt;/field_name&gt;&lt;field_type&gt;TEXT&lt;/field_type&gt;&lt;field_length&gt;25&lt;/field_length&gt;&lt;field_alias&gt;Level&lt;/field_alias&gt;&lt;field_is_nullable&gt;True&lt;/field_is_nullable&gt;&lt;field_is_required&gt;False&lt;/field_is_required&gt;&lt;/AddField&gt;&lt;/workflow&gt;&lt;workflow&gt;&lt;AddField&gt;&lt;field_name&gt;ISO_Code&lt;/field_name&gt;&lt;field_type&gt;TEXT&lt;/field_type&gt;&lt;field_length&gt;25&lt;/field_length&gt;&lt;field_alias&gt;ISO_Code&lt;/field_alias&gt;&lt;field_is_nullable&gt;True&lt;/field_is_nullable&gt;&lt;field_is_required&gt;False&lt;/field_is_required&gt;&lt;/AddField&gt;&lt;/workflow&gt;&lt;/operationSequence&gt;</Process><Process ToolSource="c:\program files\arcgis\pro\Resources\ArcToolbox\toolboxes\Data Management Tools.tbx\CalculateField" Date="20210929" Time="214557">CalculateField SLBRAWADM1_Project Level "ADM1" "Python 3" # Text</Process><Process ToolSource="c:\program files\arcgis\pro\Resources\ArcToolbox\toolboxes\Data Management Tools.tbx\CalculateField" Date="20210929" Time="214609">CalculateField SLBRAWADM1_Project ISO_Code "SLB" "Python 3" # Text</Process><Process ToolSource="c:\program files\arcgis\pro\Resources\ArcToolbox\toolboxes\Conversion Tools.tbx\FeatureClassToFeatureClass" Date="20210929" Time="214633">FeatureClassToFeatureClass SLBRAWADM1_Project C:\Users\cmrivera\Desktop\SLB_ADM1 SLB_ADM1.shp # "name "Name" true true false 44 Text 0 0,First,#,SLBRAWADM1_Project,name,0,44;Shape_Length "Shape_Length" false true true 8 Double 0 0,First,#,SLBRAWADM1_Project,Shape_Length,-1,-1;Shape_Area "Shape_Area" false true true 8 Double 0 0,First,#,SLBRAWADM1_Project,Shape_Area,-1,-1;Level "Level" true true false 25 Text 0 0,First,#,SLBRAWADM1_Project,Level,0,25;ISO_Code "ISO_Code" true true false 25 Text 0 0,First,#,SLBRAWADM1_Project,ISO_Code,0,25" #</Process><Process ToolSource="c:\program files\arcgis\pro\Resources\ArcToolbox\toolboxes\Conversion Tools.tbx\FeatureClassToFeatureClass" Date="20211009" Time="185827">FeatureClassToFeatureClass SLB_ADM1 C:\Users\cmrivera\Desktop\SLB_ADM1F SLB_ADM1.shp # "name "Name" true true false 44 Text 0 0,First,#,SLB_ADM1,name,0,44;Shape_Leng "Shape_Leng" true true false 19 Double 0 0,First,#,SLB_ADM1,Shape_Leng,-1,-1;Shape_Area "Shape_Area" true true false 19 Double 0 0,First,#,SLB_ADM1,Shape_Area,-1,-1;Level "Level" true true false 25 Text 0 0,First,#,SLB_ADM1,Level,0,25;ISO_Code "ISO_Code" true true false 25 Text 0 0,First,#,SLB_ADM1,ISO_Code,0,25" #</Process></lineage><LayerFile>{"type":"CIMLayerDocument","version":"2.7.0","build":26828,"layers":["CIMPATH=Basemap/9245fb24096144bfbf3faded2a015eb8.xml"],"layerDefinitions":[{"type":"CIMFeatureLayer","name":"SLB_ADM1","uRI":"CIMPATH=Basemap/9245fb24096144bfbf3faded2a015eb8.xml","sourceModifiedTime":{"type":"TimeInstant"},"useSourceMetadata":true,"description":"SLBRAWADM1_Project","layerElevation":{"type":"CIMLayerElevationSurface","mapElevationID":"{3BBD939A-1094-467C-91E2-9706428BBCAA}"},"expanded":true,"layerType":"BasemapBackground","showLegends":true,"visibility":true,"displayCacheType":"Permanent","maxDisplayCacheAge":5,"showPopups":true,"serviceLayerID":-1,"refreshRate":-1,"refreshRateUnit":"esriTimeUnitsSeconds","blendingMode":"Alpha","autoGenerateFeatureTemplates":true,"featureElevationExpression":"0","featureTable":{"type":"CIMFeatureTable","displayField":"name","editable":true,"dataConnection":{"type":"CIMStandardDataConnection","workspaceConnectionString":"DATABASE=..\\..\\..\\..\\Desktop\\SLB_ADM1F","workspaceFactory":"Shapefile","dataset":"SLB_ADM1","datasetType":"esriDTFeatureClass"},"studyAreaSpatialRel":"esriSpatialRelUndefined","searchOrder":"esriSearchOrderSpatial"},"htmlPopupEnabled":true,"selectable":true,"featureCacheType":"Session","displayFiltersType":"ByScale","featureBlendingMode":"Alpha","labelClasses":[{"type":"CIMLabelClass","expressionTitle":"Custom","expression":"$feature.name","expressionEngine":"Arcade","featuresToLabel":"AllVisibleFeatures","maplexLabelPlacementProperties":{"type":"CIMMaplexLabelPlacementProperties","featureType":"Polygon","avoidPolygonHoles":true,"canOverrunFeature":true,"canPlaceLabelOutsidePolygon":true,"canRemoveOverlappingLabel":true,"canStackLabel":true,"connectionType":"Unambiguous","constrainOffset":"NoConstraint","contourAlignmentType":"Page","contourLadderType":"Straight","contourMaximumAngle":90,"enableConnection":true,"featureWeight":0,"fontHeightReductionLimit":4,"fontHeightReductionStep":0.5,"fontWidthReductionLimit":90,"fontWidthReductionStep":5,"graticuleAlignmentType":"Straight","keyNumberGroupName":"Default","labelBuffer":15,"labelLargestPolygon":true,"labelPriority":-1,"labelStackingProperties":{"type":"CIMMaplexLabelStackingProperties","stackAlignment":"ChooseBest","maximumNumberOfLines":3,"minimumNumberOfCharsPerLine":3,"maximumNumberOfCharsPerLine":24,"separators":[{"type":"CIMMaplexStackingSeparator","separator":" ","splitAfter":true},{"type":"CIMMaplexStackingSeparator","separator":",","visible":true,"splitAfter":true}]},"lineFeatureType":"General","linePlacementMethod":"OffsetCurvedFromLine","maximumLabelOverrun":80,"maximumLabelOverrunUnit":"Point","minimumFeatureSizeUnit":"Map","multiPartOption":"OneLabelPerPart","offsetAlongLineProperties":{"type":"CIMMaplexOffsetAlongLineProperties","placementMethod":"BestPositionAlongLine","labelAnchorPoint":"CenterOfLabel","distanceUnit":"Percentage","useLineDirection":true},"pointExternalZonePriorities":{"type":"CIMMaplexExternalZonePriorities","aboveLeft":4,"aboveCenter":2,"aboveRight":1,"centerRight":3,"belowRight":5,"belowCenter":7,"belowLeft":8,"centerLeft":6},"pointPlacementMethod":"AroundPoint","polygonAnchorPointType":"GeometricCenter","polygonBoundaryWeight":0,"polygonExternalZones":{"type":"CIMMaplexExternalZonePriorities","aboveLeft":4,"aboveCenter":2,"aboveRight":1,"centerRight":3,"belowRight":5,"belowCenter":7,"belowLeft":8,"centerLeft":6},"polygonFeatureType":"General","polygonInternalZones":{"type":"CIMMaplexInternalZonePriorities","center":1},"polygonPlacementMethod":"HorizontalInPolygon","primaryOffset":1,"primaryOffsetUnit":"Point","removeExtraWhiteSpace":true,"repetitionIntervalUnit":"Point","rotationProperties":{"type":"CIMMaplexRotationProperties","rotationType":"Arithmetic","alignmentType":"Straight"},"secondaryOffset":100,"strategyPriorities":{"type":"CIMMaplexStrategyPriorities","stacking":1,"overrun":2,"fontCompression":3,"fontReduction":4,"abbreviation":5},"thinningDistanceUnit":"Point","truncationMarkerCharacter":".","truncationMinimumLength":1,"truncationPreferredCharacters":"aeiou","truncationExcludedCharacters":"0123456789","polygonAnchorPointPerimeterInsetUnit":"Point"},"name":"Class 1","priority":-1,"standardLabelPlacementProperties":{"type":"CIMStandardLabelPlacementProperties","featureType":"Line","featureWeight":"None","labelWeight":"High","numLabelsOption":"OneLabelPerName","lineLabelPosition":{"type":"CIMStandardLineLabelPosition","above":true,"inLine":true,"parallel":true},"lineLabelPriorities":{"type":"CIMStandardLineLabelPriorities","aboveStart":3,"aboveAlong":3,"aboveEnd":3,"centerStart":3,"centerAlong":3,"centerEnd":3,"belowStart":3,"belowAlong":3,"belowEnd":3},"pointPlacementMethod":"AroundPoint","pointPlacementPriorities":{"type":"CIMStandardPointPlacementPriorities","aboveLeft":2,"aboveCenter":2,"aboveRight":1,"centerLeft":3,"centerRight":2,"belowLeft":3,"belowCenter":3,"belowRight":2},"rotationType":"Arithmetic","polygonPlacementMethod":"AlwaysHorizontal"},"textSymbol":{"type":"CIMSymbolReference","symbol":{"type":"CIMTextSymbol","blockProgression":"TTB","depth3D":1,"extrapolateBaselines":true,"fontEffects":"Normal","fontEncoding":"Unicode","fontFamilyName":"Tahoma","fontStyleName":"Regular","fontType":"Unspecified","haloSize":1,"height":10,"hinting":"Default","horizontalAlignment":"Left","kerning":true,"letterWidth":100,"ligatures":true,"lineGapType":"ExtraLeading","symbol":{"type":"CIMPolygonSymbol","symbolLayers":[{"type":"CIMSolidFill","enable":true,"color":{"type":"CIMRGBColor","values":[0,0,0,100]}}]},"textCase":"Normal","textDirection":"LTR","verticalAlignment":"Bottom","verticalGlyphOrientation":"Right","wordSpacing":100,"billboardMode3D":"FaceNearPlane"}},"useCodedValue":true,"visibility":true,"iD":-1}],"renderer":{"type":"CIMSimpleRenderer","patch":"Default","symbol":{"type":"CIMSymbolReference","symbol":{"type":"CIMPolygonSymbol","symbolLayers":[{"type":"CIMSolidStroke","enable":true,"capStyle":"Round","joinStyle":"Round","lineStyle3D":"Strip","miterLimit":10,"width":0.69999999999999996,"color":{"type":"CIMRGBColor","values":[110,110,110,100]}},{"type":"CIMSolidFill","enable":true,"color":{"type":"CIMRGBColor","values":[252.449999999999989,224.180000000000007,181.759999999999991,100]}}]}}},"scaleSymbols":true,"snappable":true}]}</LayerFile></DataProperties><SyncDate>20211009</SyncDate><SyncTime>18582700</SyncTime><ModDate>20211009</ModDate><ModTime>18582700</ModTime></Esri><dataIdInfo><envirDesc Sync="TRUE">Microsoft Windows 10 Version 10.0 (Build 19042) ; Esri ArcGIS 12.7.0.26828</envirDesc><dataLang><languageCode value="eng" Sync="TRUE"></languageCode><countryCode value="USA" Sync="TRUE"></countryCode></dataLang><idCitation><resTitle Sync="TRUE">SLB_ADM1</resTitle><presForm><PresFormCd value="005" Sync="TRUE"></PresFormCd></presForm></idCitation><spatRpType><SpatRepTypCd value="001" Sync="TRUE"></SpatRepTypCd></spatRpType></dataIdInfo><mdLang><languageCode value="eng" Sync="TRUE"></languageCode><countryCode value="USA" Sync="TRUE"></countryCode></mdLang><mdChar><CharSetCd value="004" Sync="TRUE"></CharSetCd></mdChar><distInfo><distFormat><formatName Sync="TRUE">Shapefile</formatName></distFormat><distTranOps><transSize Sync="TRUE">0.000</transSize></distTranOps></distInfo><mdHrLv><ScopeCd value="005" Sync="TRUE"></ScopeCd></mdHrLv><mdHrLvName Sync="TRUE">dataset</mdHrLvName><refSysInfo><RefSystem><refSysID><identCode code="4326" Sync="TRUE"></identCode><idCodeSpace Sync="TRUE">EPSG</idCodeSpace><idVersion Sync="TRUE">6.2(3.0.1)</idVersion></refSysID></RefSystem></refSysInfo><spatRepInfo><VectSpatRep><geometObjs Name="SLB_ADM1"><geoObjTyp><GeoObjTypCd value="002" Sync="TRUE"></GeoObjTypCd></geoObjTyp><geoObjCnt Sync="TRUE">0</geoObjCnt></geometObjs><topLvl><TopoLevCd value="001" Sync="TRUE"></TopoLevCd></topLvl></VectSpatRep></spatRepInfo><spdoinfo><ptvctinf><esriterm Name="SLB_ADM1"><efeatyp Sync="TRUE">Simple</efeatyp><efeageom code="4" Sync="TRUE"></efeageom><esritopo Sync="TRUE">FALSE</esritopo><efeacnt Sync="TRUE">0</efeacnt><spindex Sync="TRUE">FALSE</spindex><linrefer Sync="TRUE">FALSE</linrefer></esriterm></ptvctinf></spdoinfo><eainfo><detailed Name="SLB_ADM1"><enttyp><enttypl Sync="TRUE">SLB_ADM1</enttypl><enttypt Sync="TRUE">Feature Class</enttypt><enttypc Sync="TRUE">0</enttypc></enttyp><attr><attrlabl Sync="TRUE">FID</attrlabl><attalias Sync="TRUE">FID</attalias><attrtype Sync="TRUE">OID</attrtype><attwidth Sync="TRUE">4</attwidth><atprecis Sync="TRUE">0</atprecis><attscale Sync="TRUE">0</attscale><attrdef Sync="TRUE">Internal feature number.</attrdef><attrdefs Sync="TRUE">Esri</attrdefs><attrdomv><udom Sync="TRUE">Sequential unique whole numbers that are automatically generated.</udom></attrdomv></attr><attr><attrlabl Sync="TRUE">Shape</attrlabl><attalias Sync="TRUE">Shape</attalias><attrtype Sync="TRUE">Geometry</attrtype><attwidth Sync="TRUE">0</attwidth><atprecis Sync="TRUE">0</atprecis><attscale Sync="TRUE">0</attscale><attrdef Sync="TRUE">Feature geometry.</attrdef><attrdefs Sync="TRUE">Esri</attrdefs><attrdomv><udom Sync="TRUE">Coordinates defining the features.</udom></attrdomv></attr><attr><attrlabl Sync="TRUE">name</attrlabl><attalias Sync="TRUE">name</attalias><attrtype Sync="TRUE">String</attrtype><attwidth Sync="TRUE">44</attwidth><atprecis Sync="TRUE">0</atprecis><attscale Sync="TRUE">0</attscale></attr><attr><attrlabl Sync="TRUE">Shape_Leng</attrlabl><attalias Sync="TRUE">Shape_Leng</attalias><attrtype Sync="TRUE">Double</attrtype><attwidth Sync="TRUE">19</attwidth><atprecis Sync="TRUE">0</atprecis><attscale Sync="TRUE">0</attscale></attr><attr><attrlabl Sync="TRUE">Shape_Area</attrlabl><attalias Sync="TRUE">Shape_Area</attalias><attrtype Sync="TRUE">Double</attrtype><attwidth Sync="TRUE">19</attwidth><atprecis Sync="TRUE">0</atprecis><attscale Sync="TRUE">0</attscale><attrdef Sync="TRUE">Area of feature in internal units squared.</attrdef><attrdefs Sync="TRUE">Esri</attrdefs><attrdomv><udom Sync="TRUE">Positive real numbers that are automatically generated.</udom></attrdomv></attr><attr><attrlabl Sync="TRUE">Level</attrlabl><attalias Sync="TRUE">Level</attalias><attrtype Sync="TRUE">String</attrtype><attwidth Sync="TRUE">25</attwidth><atprecis Sync="TRUE">0</atprecis><attscale Sync="TRUE">0</attscale></attr><attr><attrlabl Sync="TRUE">ISO_Code</attrlabl><attalias Sync="TRUE">ISO_Code</attalias><attrtype Sync="TRUE">String</attrtype><attwidth Sync="TRUE">25</attwidth><atprecis Sync="TRUE">0</atprecis><attscale Sync="TRUE">0</attscale></attr></detailed></eainfo><mdDateSt Sync="TRUE">20211009</mdDateSt></metadata>
