{"boundaryID": "MLI-ADM2-45504177", "boundaryISO": "MLI", "boundaryType": "ADM2", "boundaryYear": "01-01-1993 to 08-12-2003", "boundarySource-1": "From SALB Data, United Nations", "boundarySource-2": "Institut G\u00e9ographique du Mali", "boundaryCanonical": "Cercles", "boundaryLicense": "UN SALB Data License", "licenseDetail": "", "licenseSource": "https//www.unsalb.org/sites/default/files/wysiwyg_uploads/docs_uploads/SALB_DataSpecifications_v2.0_20210601.pdf", "boundarySourceURL": "https//www.unsalb.org/data/mli", "downloadURL": "https://github.com/wmgeolab/geoBoundaries/raw/main/releaseData/gbAuthoritative/MLI_ADM2.zip", "sourceDataUpdateDate": "Feb 08, 2022", "buildUpdateDate": "Oct 28, 2022"}