{"boundaryID": "HTI-ADM3-50546179", "boundaryISO": "HTI", "boundaryType": "ADM3", "boundaryYear": "2017", "boundarySource-1": "Centre National de l'Information G\u00e9o-Spatiale (CNIGS)", "boundarySource-2": "HDX", "boundaryCanonical": "", "boundaryLicense": "Creative Commons Attribution 3.0 Intergovernmental Organisations (CC BY 3.0 IGO)", "licenseDetail": "", "licenseSource": "https//data.humdata.org/dataset/hti-polbndl-adm1-cnigs-zip", "boundarySourceURL": "https//data.humdata.org/dataset/hti-polbndl-adm1-cnigs-zip", "downloadURL": "https://github.com/wmgeolab/geoBoundaries/raw/main/releaseData/gbHumanitarian/HTI_ADM3.zip", "sourceDataUpdateDate": "Aug 25, 2021", "buildUpdateDate": "Aug 26, 2021"}