{"boundaryID": "NGA-ADM1-52928470", "boundaryISO": "NGA", "boundaryType": "ADM1", "boundaryYear": "2016", "boundarySource-1": "Second Administrative Level Boundaries (SALB)", "boundarySource-2": "United Nations Office for the Coordination of Humanitarian Affairs Nigeria", "boundaryCanonical": "State", "boundaryLicense": "Other - Direct Permission", "licenseDetail": "Free to copy and redistribute for operational purpose only", "licenseSource": "https//data.humdata.org/dataset/nigeria-admin-level-0-1-and-2-administrative-boundaries", "boundarySourceURL": "https//data.humdata.org/dataset/nigeria-admin-level-0-1-and-2-administrative-boundaries", "downloadURL": "https://github.com/wmgeolab/geoBoundaries/raw/main/releaseData/gbHumanitarian/NGA_ADM1.zip", "sourceDataUpdateDate": "Oct 25, 2020", "buildUpdateDate": "Apr 08, 2021"}