{"boundaryID": "ECU-ADM1-49793562", "boundaryISO": "ECU", "boundaryType": "ADM1", "boundaryYear": "31-05-2013 to 20-02-2020", "boundarySource-1": "From SALB Data, United Nations", "boundarySource-2": "Instituto Geogr\u00e1fico Militar de Ecuador", "boundaryCanonical": "District", "boundaryLicense": "UN SALB Data License", "licenseDetail": "", "licenseSource": "https//www.unsalb.org/sites/default/files/wysiwyg_uploads/docs_uploads/SALB_DataSpecifications_v2.0_20210601.pdf", "boundarySourceURL": "https//www.unsalb.org/data/ecu", "downloadURL": "https://github.com/wmgeolab/geoBoundaries/raw/main/releaseData/gbAuthoritative/ECU_ADM1.zip", "sourceDataUpdateDate": "Mar 30, 2022", "buildUpdateDate": "Oct 27, 2022"}