{"boundaryID": "MLI-ADM1-61829018", "boundaryISO": "MLI", "boundaryType": "ADM1", "boundaryYear": "2015.0", "boundarySource-1": "DNCT - Direction Nationale des Colelctivit\u00c3\u0083\u00c2\u00a9s Territorielles, DNP - Direction Nationale de la Population", "boundarySource-2": "United Nations Office for the Coordination of Humanitarian Affairs, Mali", "boundaryCanonical": "", "boundaryLicense": "Creative Commons Attribution 4.0 International (CC BY 4.0)", "licenseDetail": "Noted in metadata tab", "licenseSource": "https//data.humdata.org/dataset/mali-admin-boundaries-level-1-2-and-3-including-2017-population-desagregated-by-sexe", "boundarySourceURL": "https//data.humdata.org/dataset/mali-admin-boundaries-level-1-2-and-3-including-2017-population-desagregated-by-sexe", "downloadURL": "https://github.com/wmgeolab/geoBoundaries/raw/main/releaseData/gbOpen/MLI_ADM1.zip", "sourceDataUpdateDate": "Sep 25, 2020", "buildUpdateDate": "Apr 08, 2021"}