<?xml version="1.0" encoding="UTF-8"?>
<metadata xml:lang="en"><Esri><CreaDate>20180219</CreaDate><CreaTime>12592300</CreaTime><ArcGISFormat>1.0</ArcGISFormat><ArcGISstyle>FGDC CSDGM Metadata</ArcGISstyle><SyncOnce>FALSE</SyncOnce><DataProperties><itemProps><itemName Sync="TRUE">mdg_polbnda_adm2_Distritcts_BNGRC_OCHA</itemName><imsContentType Sync="TRUE">002</imsContentType><itemLocation><linkage Sync="TRUE">file://\\OCHAJHB-AMANDA\E$\work_back_may17\mdg_cods\final_final\Mdg_Boundries_BNGRC_Dec17\mdg_polbnda_adm2_Distritcts_BNGRC_OCHA.shp</linkage><protocol Sync="TRUE">Local Area Network</protocol></itemLocation><itemSize Sync="TRUE">9.907</itemSize><nativeExtBox><westBL Sync="TRUE">43.176924</westBL><eastBL Sync="TRUE">50.484852</eastBL><southBL Sync="TRUE">-25.605753</southBL><northBL Sync="TRUE">-11.951388</northBL><exTypeCode Sync="TRUE">1</exTypeCode></nativeExtBox></itemProps><coordRef><type Sync="TRUE">Geographic</type><geogcsn Sync="TRUE">GCS_WGS_1984</geogcsn><csUnits Sync="TRUE">Angular Unit: Degree (0.017453)</csUnits><peXml Sync="TRUE">&lt;GeographicCoordinateSystem xsi:type='typens:GeographicCoordinateSystem' xmlns:xsi='http://www.w3.org/2001/XMLSchema-instance' xmlns:xs='http://www.w3.org/2001/XMLSchema' xmlns:typens='http://www.esri.com/schemas/ArcGIS/10.1'&gt;&lt;WKT&gt;GEOGCS[&amp;quot;GCS_WGS_1984&amp;quot;,DATUM[&amp;quot;D_WGS_1984&amp;quot;,SPHEROID[&amp;quot;WGS_1984&amp;quot;,6378137.0,298.257223563]],PRIMEM[&amp;quot;Greenwich&amp;quot;,0.0],UNIT[&amp;quot;Degree&amp;quot;,0.0174532925199433]],VERTCS[&amp;quot;WGS_1984&amp;quot;,DATUM[&amp;quot;D_WGS_1984&amp;quot;,SPHEROID[&amp;quot;WGS_1984&amp;quot;,6378137.0,298.257223563]],PARAMETER[&amp;quot;Vertical_Shift&amp;quot;,0.0],PARAMETER[&amp;quot;Direction&amp;quot;,1.0],UNIT[&amp;quot;Meter&amp;quot;,1.0],AUTHORITY[&amp;quot;ESRI&amp;quot;,115700]]&lt;/WKT&gt;&lt;XOrigin&gt;-400&lt;/XOrigin&gt;&lt;YOrigin&gt;-400&lt;/YOrigin&gt;&lt;XYScale&gt;11258999068426.238&lt;/XYScale&gt;&lt;ZOrigin&gt;-100000&lt;/ZOrigin&gt;&lt;ZScale&gt;10000&lt;/ZScale&gt;&lt;MOrigin&gt;-100000&lt;/MOrigin&gt;&lt;MScale&gt;10000&lt;/MScale&gt;&lt;XYTolerance&gt;8.983152841195215e-009&lt;/XYTolerance&gt;&lt;ZTolerance&gt;0.001&lt;/ZTolerance&gt;&lt;MTolerance&gt;0.001&lt;/MTolerance&gt;&lt;HighPrecision&gt;true&lt;/HighPrecision&gt;&lt;LeftLongitude&gt;-180&lt;/LeftLongitude&gt;&lt;WKID&gt;4326&lt;/WKID&gt;&lt;LatestWKID&gt;4326&lt;/LatestWKID&gt;&lt;VCSWKID&gt;115700&lt;/VCSWKID&gt;&lt;LatestVCSWKID&gt;115700&lt;/LatestVCSWKID&gt;&lt;/GeographicCoordinateSystem&gt;</peXml></coordRef><lineage><Process ToolSource="c:\program files (x86)\arcgis\desktop10.2\ArcToolbox\Toolboxes\Data Management Tools.tbx\CalculateField" Date="20171220" Time="182242" Name="" export="">CalculateField mdg_adm2_districts_join SOURCE "BNGRC (National Disaster Management Office), District (adm2)  polygons cleaned and merged by OCHA in Dec 2017" VB #</Process><Process ToolSource="c:\program files (x86)\arcgis\desktop10.2\ArcToolbox\Toolboxes\Data Management Tools.tbx\CalculateField" Date="20171220" Time="182521" Name="" export="">CalculateField mdg_adm2_districts_join SOURCE "BNGRC (National Disaster Management Office), District (adm2)  polygons cleaned and merged by OCHA in Dec 2017. BNGRC District Codes differ from INSTAT Fkt District codes" VB #</Process><Process ToolSource="c:\program files (x86)\arcgis\desktop10.5\ArcToolbox\Toolboxes\Data Management Tools.tbx\CalculateField" Date="20180219" Time="130024">CalculateField MDG_ADM2 Name [DISTRICT_N] VB #</Process><Process ToolSource="c:\program files (x86)\arcgis\desktop10.5\ArcToolbox\Toolboxes\Data Management Tools.tbx\CalculateField" Date="20180219" Time="130050">CalculateField MDG_ADM2 Level "ADM2" VB #</Process></lineage></DataProperties><SyncDate>20171220</SyncDate><SyncTime>19583600</SyncTime><ModDate>20171220</ModDate><ModTime>19583600</ModTime><scaleRange><minScale>150000000</minScale><maxScale>5000</maxScale></scaleRange><ArcGISProfile>ItemDescription</ArcGISProfile></Esri><dataIdInfo><envirDesc Sync="TRUE">Microsoft Windows 7 Version 6.1 (Build 7601) Service Pack 1; Esri ArcGIS 10.2.0.3348</envirDesc><dataLang><languageCode value="eng" Sync="TRUE"/><countryCode value="USA" Sync="TRUE"/></dataLang><idCitation><resTitle Sync="TRUE">mdg_polbnda_adm2_Distritcts_BNGRC_OCHA</resTitle><presForm><PresFormCd value="005" Sync="TRUE"/></presForm></idCitation><spatRpType><SpatRepTypCd value="001" Sync="TRUE"/></spatRpType><dataExt><geoEle xmlns=""><GeoBndBox esriExtentType="search"><exTypeCode Sync="TRUE">1</exTypeCode><westBL Sync="TRUE">43.176924</westBL><eastBL Sync="TRUE">50.484852</eastBL><northBL Sync="TRUE">-11.951388</northBL><southBL Sync="TRUE">-25.605753</southBL></GeoBndBox></geoEle></dataExt><idPurp>Madagascar Administrative Boundaries (Updated in December 2017 by UN OCHA ROSA ) : 

METADATA BACKGROUND 

The Madagascar COD Boundary Shapefiles contain 2 sets of Codes and Names, which is unusual for a COD (UNOCHA P-Codes/Names and BNGRC Codes/Names from the National Disaster Management Agency). The reason for this is that during the previous cyclone response it was noted that the BNGRC were using different codes for Regions (administrative boundary level 1) and Districts (administrative boundary level 2) that were not in the previous COD dataset, which they link to their reports. However the BNGRC district and region codes do not correlate with the full Fokontany (Administrative Boundary Level 4) Codes, therefore over time a move should be made to work with the P-Codes where possible. It is however important that the COD’s are in line with the data used by the BNGRC, as they are the key Disaster Management Agency. Both sets of codes and names have therefore  been included for reporting purposes and ease of use: 

Administrative Boundary Levels in Madagascar: 
1. Regions
2. Districts
3. Communes
4. Fokontany
(Provinces/Faritany were reportedly abolished in 2007, but are still occasionally referred to) 

A description of attribute field explanations in the shapefiles is set out below: 

P_CODE: Unique Fokontany code created by UN OCHA, based on Fokontany INSTAT and BNGRC codes (includes hierarchical codes for other administrative boundaries such as Regions, Districts and Communes) 

FOKONTANY_NAME: Fokontany Name in Proper/Lower Case cleaned by UN OCHA

FKT_BNGRC_NAME: Fokontany Name in Upper Case from the BNGRC Shapefile (FKT prefix removed for easier alphabetical sorting). (seems to correspond to Fokontany lower case names) 

C_FKT_BNGRC: Fokontany Code from the BNGRC Shapefile (corresponds with P-Code)

COM_PCODE: Unique Commune Code created by UN OCHA (corresponds with BNGRC &amp; Fokontany Codes).   

C_CODE: Unique Commune Code from BNGRC shape (corresponds with COD P-Code and Fokontany codes) 

COMMUNE_NAME: Commune Names in Proper/Lower Case cleaned by UN OCHA ROSA

BNGRC_COM_NAME:  Commune Names in Upper Case from the BNGRC shapefile 

DIST_PCODE: Unique District Code created by UN OCHA, based on Fokontany INSTAT and BNGRC codes (includes hierarchical codes for other administrative boundaries such as Regions)-differs from the BNGRC District shapefile code below.  

DISTRICT_NAME:  District Name in Proper/Lower Case cleaned by UN OCHA, based on District Names from the BNGRC Fokontany shapefile ‘DIS_FKT’ (these contain slightly different hyphens – punctuation to the District Names from the BNGRC District shapefile below)

BNGRC_D_CODE: District Code from the BNGRC Shapefile (DIFFERS from the P-Code and Fokontany Code Levels) 

BNGRC_DISTRICT_NAME: District Name in Upper Case from the BNGRC Shapefile 
DIS_FKT: District Name in Upper Case from the BNGRC Fokontany Shapefile (different _ underscore/hyphens  and punctuation) -used as the base of the lower case COD names.  

REG_PCODE:  Unique Region code created by UN OCHA, based on Fokontany INSTAT and BNGRC codes (differs from the BNGRC Region Shapefile code, bur corresponds with the BNGRC Fokontany code) 

REGION_NAME:  Region Name in Proper/Lower Case cleaned by UN OCHA.

BNGRC_R_CODE:  Region Code from the BNGRC Shapefile (DIFFERS from the P-Code and Fokontany Code Levels) 

BNGRC_REG_NAME: Region Name in Upper Case from the BNGRC Shapefile

REG_FKT_SHP: Region Names in Upper Case from the BNGRC Fokontany Shapefile (no hyphens – or punctuation) -used as the base of the lower case COD names. 

PROV_CODE: Old Province Codes from BNGRC Fokontany shapefile (Provinces were reportedly abolished in 2007) 

OLD_PROVINCE_FKT: Old Province Names in Upper Case from BNGRC Fokontany shapefile (Provinces were reportedly abolished in 2007) 

OLD_DISTRICT: Previous District Name (Antananarivo- Renivohitra district) before it was changed to Arondissement 1-6 in line with Commune level (as requested by the BNGRC). 

SOURCE: Data Source and Metadata


The following changes have been made to the previous Madagascar COD shapefiles, based on feedback from the BNGRC: 

• The district shapefile has been changed to include Tana 1-6 (Arrondissement 1-6) from the commune shapefile in place of the old Antananarivo- Renivohitra district, as requested by the BNGRC. The Tana 1-6 districts were therefore re-coded, using the same P-code as the commune code (P-Codes Mdg11101001 - Mdg11101006).  The communes are therefore now the district level in the old Antananrivo-Renivohitra district and the district is replaced by Arrondissement 1-6 polygons. 

• Added 7 missing Fokontany from the BNGRC data set that were missing from the Fokontany COD in Antanandava District, including: Antanandava; Antsirabe; Ambodirotra; Ambongabe; Bekatsaka; Ambodiapaly; and Manambato Fokontany. 

• Added BNGRC Region and District Codes and Names (in capital letters/upper case ), from the BNGRC shapefiles. (The BNGRC Region and District codes differ from the Fokontany code levels) , therefore over time a move should be made use the P-codes that relate to the Fokontany code levels where possible).  However it is important that the CODs are in line with data the BNGRC (National Disaster Management Agency) are using, for reporting purposes. 

• The FKT pre-fix was removed from Fokontany names to assist with alphabetical sorting. 

The following duplicate P-Codes from the Fokontany (administrative boundaries level 4) COD shapefile have been corrected: 

 MDG42409092006 (adjacent polygons with same name and code-renamed Antramehley I &amp; II with new code MDG42409092007, which was missing -noted in attribute metadata). 
 MDG24216231002 (polygons with different names-changed one to 003 as in BNGRC shape)  ANDRIAMANERO 003  and  FANDRANARIVO 002
 MDG52516152005 (duplicate ID-BNGRC data has same duplicate ID but different Fokontany names, namely Ampanaperandrotsy I &amp; II in BNGRC shape. Changed II to code 006 which was missing. 
 MDG42412070007 (adjacent polygons with same name-same in BNGRC and COD data; no missing codes in commune, other than 002, therefore left as is (duplicate code remains)

Therefore the following new Fokontany P-Codes have been added to the Fokontany shape: 
MDG24216231003, MDG52516152006, MDG42409092007

The UN OCHA COD Fokontany (admin 4) shapefile was used as the base shapefile as the Topology was clean. It is a COD requirement that administrative boundary levels nest/align with each other exactly. The OCHA COD Fokontany data (admin 4) was therefore merged/dissolved up to create the Commune (admin 3), District (admin 2) and Region (admin 1) boundary data sets, by UN OCHA ROSA, and BNGRC names and codes were joined to the dataset. 

*The Fokontany shapefile contains 2 missing gap polygons named ‘Unknown Name’ (MDG14111030998 and MDG14111030999). One unknown polygon ID was changed to Fokontany 998 (from 999), so that it does not merge with the other separate unknown polygon 999, when dissolving shapefile levels. 

-The shapefile data is currently  in a Geographic Coordination System (WGS 84). </idPurp></dataIdInfo><mdLang><languageCode value="eng" Sync="TRUE"/><countryCode value="USA" Sync="TRUE"/></mdLang><distInfo><distFormat><formatName Sync="TRUE">Shapefile</formatName></distFormat><distTranOps><transSize Sync="TRUE">9.907</transSize></distTranOps></distInfo><mdHrLv><ScopeCd value="005" Sync="TRUE"/></mdHrLv><mdHrLvName Sync="TRUE">dataset</mdHrLvName><refSysInfo><RefSystem><refSysID><identCode code="4326" Sync="TRUE"/><idCodeSpace Sync="TRUE">EPSG</idCodeSpace><idVersion Sync="TRUE">8.1.1</idVersion></refSysID></RefSystem></refSysInfo><spatRepInfo><VectSpatRep><geometObjs Name="mdg_polbnda_adm2_Distritcts_BNGRC_OCHA"><geoObjTyp><GeoObjTypCd value="002" Sync="TRUE"></GeoObjTypCd></geoObjTyp><geoObjCnt Sync="TRUE">119</geoObjCnt></geometObjs><topLvl><TopoLevCd value="001" Sync="TRUE"></TopoLevCd></topLvl></VectSpatRep></spatRepInfo><spdoinfo><ptvctinf><esriterm Name="mdg_polbnda_adm2_Distritcts_BNGRC_OCHA"><efeatyp Sync="TRUE">Simple</efeatyp><efeageom code="4" Sync="TRUE"></efeageom><esritopo Sync="TRUE">FALSE</esritopo><efeacnt Sync="TRUE">119</efeacnt><spindex Sync="TRUE">TRUE</spindex><linrefer Sync="TRUE">FALSE</linrefer></esriterm></ptvctinf></spdoinfo><eainfo><detailed Name="mdg_polbnda_adm2_Distritcts_BNGRC_OCHA"><enttyp><enttypl Sync="TRUE">mdg_polbnda_adm2_Distritcts_BNGRC_OCHA</enttypl><enttypt Sync="TRUE">Feature Class</enttypt><enttypc Sync="TRUE">119</enttypc></enttyp><attr><attrlabl Sync="TRUE">FID</attrlabl><attalias Sync="TRUE">FID</attalias><attrtype Sync="TRUE">OID</attrtype><attwidth Sync="TRUE">4</attwidth><atprecis Sync="TRUE">0</atprecis><attscale Sync="TRUE">0</attscale><attrdef Sync="TRUE">Internal feature number.</attrdef><attrdefs Sync="TRUE">Esri</attrdefs><attrdomv><udom Sync="TRUE">Sequential unique whole numbers that are automatically generated.</udom></attrdomv></attr><attr><attrlabl Sync="TRUE">Shape</attrlabl><attalias Sync="TRUE">Shape</attalias><attrtype Sync="TRUE">Geometry</attrtype><attwidth Sync="TRUE">0</attwidth><atprecis Sync="TRUE">0</atprecis><attscale Sync="TRUE">0</attscale><attrdef Sync="TRUE">Feature geometry.</attrdef><attrdefs Sync="TRUE">Esri</attrdefs><attrdomv><udom Sync="TRUE">Coordinates defining the features.</udom></attrdomv></attr><attr><attrlabl Sync="TRUE">DIST_PCODE</attrlabl><attalias Sync="TRUE">DIST_PCODE</attalias><attrtype Sync="TRUE">String</attrtype><attwidth Sync="TRUE">30</attwidth><atprecis Sync="TRUE">0</atprecis><attscale Sync="TRUE">0</attscale></attr><attr><attrlabl Sync="TRUE">DISTRICT_N</attrlabl><attalias Sync="TRUE">DISTRICT_N</attalias><attrtype Sync="TRUE">String</attrtype><attwidth Sync="TRUE">75</attwidth><atprecis Sync="TRUE">0</atprecis><attscale Sync="TRUE">0</attscale></attr><attr><attrlabl Sync="TRUE">BNGRC_D_CO</attrlabl><attalias Sync="TRUE">BNGRC_D_CO</attalias><attrtype Sync="TRUE">Double</attrtype><attwidth Sync="TRUE">19</attwidth><atprecis Sync="TRUE">0</atprecis><attscale Sync="TRUE">0</attscale></attr><attr><attrlabl Sync="TRUE">REG_PCODE</attrlabl><attalias Sync="TRUE">REG_PCODE</attalias><attrtype Sync="TRUE">String</attrtype><attwidth Sync="TRUE">30</attwidth><atprecis Sync="TRUE">0</atprecis><attscale Sync="TRUE">0</attscale></attr><attr><attrlabl Sync="TRUE">DIS_FKT</attrlabl><attalias Sync="TRUE">DIS_FKT</attalias><attrtype Sync="TRUE">String</attrtype><attwidth Sync="TRUE">254</attwidth><atprecis Sync="TRUE">0</atprecis><attscale Sync="TRUE">0</attscale></attr><attr><attrlabl Sync="TRUE">BNGRC_DIST</attrlabl><attalias Sync="TRUE">BNGRC_DIST</attalias><attrtype Sync="TRUE">String</attrtype><attwidth Sync="TRUE">254</attwidth><atprecis Sync="TRUE">0</atprecis><attscale Sync="TRUE">0</attscale></attr><attr><attrlabl Sync="TRUE">REGION_NAM</attrlabl><attalias Sync="TRUE">REGION_NAM</attalias><attrtype Sync="TRUE">String</attrtype><attwidth Sync="TRUE">75</attwidth><atprecis Sync="TRUE">0</atprecis><attscale Sync="TRUE">0</attscale></attr><attr><attrlabl Sync="TRUE">BNGRC_R_CO</attrlabl><attalias Sync="TRUE">BNGRC_R_CO</attalias><attrtype Sync="TRUE">Double</attrtype><attwidth Sync="TRUE">19</attwidth><atprecis Sync="TRUE">0</atprecis><attscale Sync="TRUE">0</attscale></attr><attr><attrlabl Sync="TRUE">BNGRC_REG_</attrlabl><attalias Sync="TRUE">BNGRC_REG_</attalias><attrtype Sync="TRUE">String</attrtype><attwidth Sync="TRUE">254</attwidth><atprecis Sync="TRUE">0</atprecis><attscale Sync="TRUE">0</attscale></attr><attr><attrlabl Sync="TRUE">REG_FKT_SH</attrlabl><attalias Sync="TRUE">REG_FKT_SH</attalias><attrtype Sync="TRUE">String</attrtype><attwidth Sync="TRUE">254</attwidth><atprecis Sync="TRUE">0</atprecis><attscale Sync="TRUE">0</attscale></attr><attr><attrlabl Sync="TRUE">C_PROV</attrlabl><attalias Sync="TRUE">C_PROV</attalias><attrtype Sync="TRUE">SmallInteger</attrtype><attwidth Sync="TRUE">4</attwidth><atprecis Sync="TRUE">4</atprecis><attscale Sync="TRUE">0</attscale></attr><attr><attrlabl Sync="TRUE">OLD_PROVIN</attrlabl><attalias Sync="TRUE">OLD_PROVIN</attalias><attrtype Sync="TRUE">String</attrtype><attwidth Sync="TRUE">30</attwidth><atprecis Sync="TRUE">0</atprecis><attscale Sync="TRUE">0</attscale></attr><attr><attrlabl Sync="TRUE">NOTES</attrlabl><attalias Sync="TRUE">NOTES</attalias><attrtype Sync="TRUE">String</attrtype><attwidth Sync="TRUE">254</attwidth><atprecis Sync="TRUE">0</atprecis><attscale Sync="TRUE">0</attscale></attr><attr><attrlabl Sync="TRUE">OLD_DISTRI</attrlabl><attalias Sync="TRUE">OLD_DISTRI</attalias><attrtype Sync="TRUE">String</attrtype><attwidth Sync="TRUE">100</attwidth><atprecis Sync="TRUE">0</atprecis><attscale Sync="TRUE">0</attscale></attr><attr><attrlabl Sync="TRUE">Source</attrlabl><attalias Sync="TRUE">SOURCE</attalias><attrtype Sync="TRUE">String</attrtype><attwidth Sync="TRUE">254</attwidth><atprecis Sync="TRUE">0</atprecis><attscale Sync="TRUE">0</attscale></attr><attr><attrlabl Sync="TRUE">Shape_Leng</attrlabl><attalias Sync="TRUE">Shape_Leng</attalias><attrtype Sync="TRUE">Double</attrtype><attwidth Sync="TRUE">19</attwidth><atprecis Sync="TRUE">0</atprecis><attscale Sync="TRUE">0</attscale></attr><attr><attrlabl Sync="TRUE">Shape_Area</attrlabl><attalias Sync="TRUE">Shape_Area</attalias><attrtype Sync="TRUE">Double</attrtype><attwidth Sync="TRUE">19</attwidth><atprecis Sync="TRUE">0</atprecis><attscale Sync="TRUE">0</attscale><attrdef Sync="TRUE">Area of feature in internal units squared.</attrdef><attrdefs Sync="TRUE">Esri</attrdefs><attrdomv><udom Sync="TRUE">Positive real numbers that are automatically generated.</udom></attrdomv></attr></detailed></eainfo><mdDateSt Sync="TRUE">20171220</mdDateSt></metadata>
