<?xml version="1.0" encoding="UTF-8"?>
<metadata xml:lang="en"><Esri><CreaDate>20180124</CreaDate><CreaTime>21194300</CreaTime><SyncOnce>FALSE</SyncOnce><DataProperties><lineage><Process ToolSource="C:\Program Files\ArcGIS\Desktop10.0\ArcToolbox\Toolboxes\Data Management Tools.tbx\Project" Date="20110203" Time="170115">Project ethiopia_woredas_2008 D:\GIS_OCHA\02_Base_data\01_Admin\01_ETHIOPIA_COUNTRY\03_woreda\Eth_woreda_2008_WGS.shp GEOGCS['GCS_WGS_1984',DATUM['D_WGS_1984',SPHEROID['WGS_1984',6378137.0,298.257223563]],PRIMEM['Greenwich',0.0],UNIT['Degree',0.0174532925199433]] Adindan_To_WGS_1984_4 PROJCS['Adindan_UTM_Zone_37N',GEOGCS['GCS_Adindan',DATUM['D_Adindan',SPHEROID['Clarke_1880_RGS',6378249.145,293.465]],PRIMEM['Greenwich',0.0],UNIT['Degree',0.0174532925199433]],PROJECTION['Transverse_Mercator'],PARAMETER['False_Easting',500000.0],PARAMETER['False_Northing',0.0],PARAMETER['Central_Meridian',39.0],PARAMETER['Scale_Factor',0.9996],PARAMETER['Latitude_Of_Origin',0.0],UNIT['Meter',1.0]]</Process><Process ToolSource="c:\program files (x86)\arcgis\desktop10.0\ArcToolbox\Toolboxes\Analysis Tools.tbx\Erase" Date="20121113" Time="112313">Erase Eth_woreda_2008_WGS SNNPR_2008 D:\GIS_OCHA\02_Base_data\01_Admin\01_ETHIOPIA_COUNTRY\03_woreda\Woreda_2012_Erase.shp #</Process><Process ToolSource="c:\program files (x86)\arcgis\desktop10.0\ArcToolbox\Toolboxes\Data Management Tools.tbx\Merge" Date="20121113" Time="113427">Merge Woreda_2012_Erase;Woredas D:\GIS_OCHA\02_Base_data\01_Admin\01_ETHIOPIA_COUNTRY\03_woreda\Eth_Woreda_2015.shp "REGIONNAME "REGIONNAME" true true false 16 Text 0 0 ,First,#,Woreda_2012_Erase,REGIONNAME,-1,-1,Woredas,REGIONNAME,-1,-1;ZONENAME "ZONENAME" true true false 16 Text 0 0 ,First,#,Woreda_2012_Erase,ZONENAME,-1,-1,Woredas,ZONENAME,-1,-1;WOREDANO_ "WOREDANO_" true true false 16 Text 0 0 ,First,#,Woreda_2012_Erase,WOREDANO_,-1,-1,Woredas,WOREDANO_,-1,-1;WOREDANAME "WOREDANAME" true true false 30 Text 0 0 ,First,#,Woreda_2012_Erase,WOREDANAME,-1,-1,Woredas,WOREDANAME,-1,-1"</Process><Process ToolSource="C:\Program Files (x86)\ArcGIS\Desktop10.0\ArcToolbox\Toolboxes\Data Management Tools.tbx\CalculateField" Date="20121113" Time="115256">CalculateField Eth_Woreda_2012 ZONENAME "Siti" VB #</Process><Process ToolSource="C:\Program Files (x86)\ArcGIS\Desktop10.0\ArcToolbox\Toolboxes\Data Management Tools.tbx\CalculateField" Date="20121113" Time="115320">CalculateField Eth_Woreda_2012 ZONENAME "Shabelle" VB #</Process><Process ToolSource="C:\Program Files (x86)\ArcGIS\Desktop10.0\ArcToolbox\Toolboxes\Data Management Tools.tbx\CalculateField" Date="20121113" Time="115901">CalculateField Eth_Woreda_2012 ZONENAME "Fafan" VB #</Process><Process ToolSource="C:\Program Files (x86)\ArcGIS\Desktop10.0\ArcToolbox\Toolboxes\Data Management Tools.tbx\CalculateField" Date="20121113" Time="120135">CalculateField Eth_Woreda_2012 ZONENAME "Jarar" VB #</Process><Process ToolSource="C:\Program Files (x86)\ArcGIS\Desktop10.0\ArcToolbox\Toolboxes\Data Management Tools.tbx\CalculateField" Date="20121113" Time="120159">CalculateField Eth_Woreda_2012 ZONENAME "Nogob" VB #</Process><Process ToolSource="C:\Program Files (x86)\ArcGIS\Desktop10.0\ArcToolbox\Toolboxes\Data Management Tools.tbx\CalculateField" Date="20121113" Time="120557">CalculateField Eth_Woreda_2012 ZONENAME "Doolo" VB #</Process><Process ToolSource="C:\Program Files\ArcGIS\Desktop10.0\ArcToolbox\Toolboxes\Data Management Tools.tbx\CalculateField" Date="20121228" Time="095545">CalculateField Eth_woreda_2012 3W_Dec_12 "Yes" VB #</Process><Process ToolSource="C:\Program Files\ArcGIS\Desktop10.0\ArcToolbox\Toolboxes\Data Management Tools.tbx\CalculateField" Date="20121228" Time="095918">CalculateField Eth_woreda_2012 3W_Dec_12 "Yes" VB #</Process><Process ToolSource="C:\Program Files\ArcGIS\Desktop10.0\ArcToolbox\Toolboxes\Data Management Tools.tbx\CalculateField" Date="20121228" Time="100138">CalculateField Eth_woreda_2012 3W_Dec_12 "Yes" VB #</Process><Process ToolSource="C:\Program Files\ArcGIS\Desktop10.0\ArcToolbox\Toolboxes\Data Management Tools.tbx\CalculateField" Date="20121228" Time="100426">CalculateField Eth_woreda_2012 3W_Dec_12 "Yes" VB #</Process><Process ToolSource="C:\Program Files\ArcGIS\Desktop10.0\ArcToolbox\Toolboxes\Data Management Tools.tbx\CalculateField" Date="20121228" Time="100720">CalculateField Eth_woreda_2012 3W_Dec_12 "Yes" VB #</Process><Process ToolSource="C:\Program Files\ArcGIS\Desktop10.0\ArcToolbox\Toolboxes\Data Management Tools.tbx\CalculateField" Date="20121228" Time="101046">CalculateField Eth_woreda_2012 3W_Dec_12 "Yes" VB #</Process><Process ToolSource="C:\Program Files\ArcGIS\Desktop10.0\ArcToolbox\Toolboxes\Data Management Tools.tbx\CalculateField" Date="20121228" Time="101400">CalculateField Eth_woreda_2012 3W_Dec_12 "Yes" VB #</Process><Process ToolSource="C:\Program Files\ArcGIS\Desktop10.0\ArcToolbox\Toolboxes\Data Management Tools.tbx\CalculateField" Date="20121228" Time="101558">CalculateField Eth_woreda_2012 3W_Dec_12 "Yes" VB #</Process><Process ToolSource="C:\Program Files\ArcGIS\Desktop10.0\ArcToolbox\Toolboxes\Data Management Tools.tbx\CalculateField" Date="20121228" Time="101932">CalculateField Eth_woreda_2012 3W_Dec_12 "Yes" VB #</Process><Process ToolSource="C:\Program Files\ArcGIS\Desktop10.0\ArcToolbox\Toolboxes\Data Management Tools.tbx\CalculateField" Date="20121228" Time="102156">CalculateField Eth_woreda_2012 3W_Dec_12 "Yes" VB #</Process><Process ToolSource="C:\Program Files\ArcGIS\Desktop10.0\ArcToolbox\Toolboxes\Data Management Tools.tbx\CalculateField" Date="20121228" Time="102308">CalculateField Eth_woreda_2012 3W_Dec_12 "Yes" VB #</Process><Process ToolSource="C:\Program Files\ArcGIS\Desktop10.0\ArcToolbox\Toolboxes\Data Management Tools.tbx\CalculateField" Date="20121228" Time="102701">CalculateField Eth_woreda_2012 3W_Dec_12 "Yes" VB #</Process><Process ToolSource="C:\Program Files\ArcGIS\Desktop10.0\ArcToolbox\Toolboxes\Data Management Tools.tbx\CalculateField" Date="20121228" Time="102945">CalculateField Eth_woreda_2012 3W_Dec_12 "Yes" VB #</Process><Process ToolSource="C:\Program Files\ArcGIS\Desktop10.0\ArcToolbox\Toolboxes\Data Management Tools.tbx\CalculateField" Date="20121228" Time="103332">CalculateField Eth_woreda_2012 3W_Dec_12 "Yes" VB #</Process><Process ToolSource="C:\Program Files\ArcGIS\Desktop10.0\ArcToolbox\Toolboxes\Data Management Tools.tbx\CalculateField" Date="20121228" Time="103752">CalculateField Eth_woreda_2012 3W_Dec_12 "Yes" VB #</Process><Process ToolSource="C:\Program Files\ArcGIS\Desktop10.0\ArcToolbox\Toolboxes\Data Management Tools.tbx\CalculateField" Date="20121228" Time="104027">CalculateField Eth_woreda_2012 3W_Dec_12 "Yes" VB #</Process><Process ToolSource="C:\Program Files\ArcGIS\Desktop10.0\ArcToolbox\Toolboxes\Data Management Tools.tbx\CalculateField" Date="20121228" Time="104223">CalculateField Eth_woreda_2012 3W_Dec_12 "Yes" VB #</Process><Process ToolSource="C:\Program Files\ArcGIS\Desktop10.0\ArcToolbox\Toolboxes\Data Management Tools.tbx\CalculateField" Date="20121228" Time="104447">CalculateField Eth_woreda_2012 3W_Dec_12 "Yes" VB #</Process><Process ToolSource="C:\Program Files\ArcGIS\Desktop10.0\ArcToolbox\Toolboxes\Data Management Tools.tbx\CalculateField" Date="20121228" Time="104657">CalculateField Eth_woreda_2012 3W_Dec_12 "Yes" VB #</Process><Process ToolSource="C:\Program Files\ArcGIS\Desktop10.0\ArcToolbox\Toolboxes\Data Management Tools.tbx\CalculateField" Date="20121228" Time="104812">CalculateField Eth_woreda_2012 3W_Dec_12 "Yes" VB #</Process><Process ToolSource="C:\Program Files\ArcGIS\Desktop10.0\ArcToolbox\Toolboxes\Data Management Tools.tbx\CalculateField" Date="20121228" Time="105004">CalculateField Eth_woreda_2012 3W_Dec_12 "Yes" VB #</Process><Process ToolSource="C:\Program Files\ArcGIS\Desktop10.0\ArcToolbox\Toolboxes\Data Management Tools.tbx\CalculateField" Date="20121228" Time="105526">CalculateField Eth_woreda_2012 3W_Dec_12 "Yes" VB #</Process><Process ToolSource="C:\Program Files\ArcGIS\Desktop10.0\ArcToolbox\Toolboxes\Data Management Tools.tbx\CalculateField" Date="20121228" Time="105706">CalculateField Eth_woreda_2012 3W_Dec_12 "Yes" VB #</Process><Process ToolSource="C:\Program Files\ArcGIS\Desktop10.0\ArcToolbox\Toolboxes\Data Management Tools.tbx\CalculateField" Date="20121228" Time="105819">CalculateField Eth_woreda_2012 3W_Dec_12 "Yes" VB #</Process><Process ToolSource="C:\Program Files\ArcGIS\Desktop10.0\ArcToolbox\Toolboxes\Data Management Tools.tbx\CalculateField" Date="20121228" Time="105938">CalculateField Eth_woreda_2012 3W_Dec_12 "Yes" VB #</Process><Process ToolSource="C:\Program Files\ArcGIS\Desktop10.0\ArcToolbox\Toolboxes\Data Management Tools.tbx\CalculateField" Date="20121228" Time="110849">CalculateField Eth_woreda_2012 3W_Dec_12 "Yes" VB #</Process><Process ToolSource="C:\Program Files\ArcGIS\Desktop10.0\ArcToolbox\Toolboxes\Data Management Tools.tbx\CalculateField" Date="20121228" Time="110928">CalculateField Eth_woreda_2012 3W_Dec_12 "Yes" VB #</Process><Process ToolSource="C:\Program Files\ArcGIS\Desktop10.0\ArcToolbox\Toolboxes\Data Management Tools.tbx\CalculateField" Date="20121228" Time="111214">CalculateField Eth_woreda_2012 3W_Dec_12 "Yes" VB #</Process><Process ToolSource="C:\Program Files\ArcGIS\Desktop10.0\ArcToolbox\Toolboxes\Data Management Tools.tbx\CalculateField" Date="20121228" Time="111309">CalculateField Eth_woreda_2012 3W_Dec_12 "Yes" VB #</Process><Process ToolSource="C:\Program Files\ArcGIS\Desktop10.0\ArcToolbox\Toolboxes\Data Management Tools.tbx\CalculateField" Date="20121228" Time="111501">CalculateField Eth_woreda_2012 3W_Dec_12 "Yes" VB #</Process><Process ToolSource="C:\Program Files\ArcGIS\Desktop10.0\ArcToolbox\Toolboxes\Data Management Tools.tbx\CalculateField" Date="20121228" Time="111843">CalculateField Eth_woreda_2012 3W_Dec_12 "Yes" VB #</Process><Process ToolSource="C:\Program Files\ArcGIS\Desktop10.0\ArcToolbox\Toolboxes\Data Management Tools.tbx\CalculateField" Date="20121228" Time="111957">CalculateField Eth_woreda_2012 3W_Dec_12 "Yes" VB #</Process><Process ToolSource="C:\Program Files\ArcGIS\Desktop10.0\ArcToolbox\Toolboxes\Data Management Tools.tbx\CalculateField" Date="20121228" Time="112155">CalculateField Eth_woreda_2012 3W_Dec_12 "Yes" VB #</Process><Process ToolSource="C:\Program Files\ArcGIS\Desktop10.0\ArcToolbox\Toolboxes\Data Management Tools.tbx\CalculateField" Date="20121228" Time="112331">CalculateField Eth_woreda_2012 3W_Dec_12 "Yes" VB #</Process><Process ToolSource="C:\Program Files\ArcGIS\Desktop10.0\ArcToolbox\Toolboxes\Data Management Tools.tbx\CalculateField" Date="20121228" Time="112442">CalculateField Eth_woreda_2012 3W_Dec_12 "Yes" VB #</Process><Process ToolSource="C:\Program Files\ArcGIS\Desktop10.0\ArcToolbox\Toolboxes\Data Management Tools.tbx\CalculateField" Date="20121228" Time="112948">CalculateField Eth_woreda_2012 3W_Dec_12 "Yes" VB #</Process><Process ToolSource="C:\Program Files\ArcGIS\Desktop10.0\ArcToolbox\Toolboxes\Data Management Tools.tbx\CalculateField" Date="20121228" Time="113034">CalculateField Eth_woreda_2012 3W_Dec_12 "Yes" VB #</Process><Process ToolSource="C:\Program Files\ArcGIS\Desktop10.0\ArcToolbox\Toolboxes\Data Management Tools.tbx\CalculateField" Date="20121228" Time="113147">CalculateField Eth_woreda_2012 3W_Dec_12 "Yes" VB #</Process><Process ToolSource="C:\Program Files\ArcGIS\Desktop10.0\ArcToolbox\Toolboxes\Data Management Tools.tbx\CalculateField" Date="20121228" Time="113248">CalculateField Eth_woreda_2012 3W_Dec_12 "Yes" VB #</Process><Process ToolSource="C:\Program Files\ArcGIS\Desktop10.0\ArcToolbox\Toolboxes\Data Management Tools.tbx\CalculateField" Date="20121228" Time="113623">CalculateField Eth_woreda_2012 3W_Dec_12 "Yes" VB #</Process><Process ToolSource="C:\Program Files\ArcGIS\Desktop10.0\ArcToolbox\Toolboxes\Data Management Tools.tbx\CalculateField" Date="20121228" Time="113804">CalculateField Eth_woreda_2012 3W_Dec_12 "Yes" VB #</Process><Process ToolSource="C:\Program Files\ArcGIS\Desktop10.0\ArcToolbox\Toolboxes\Data Management Tools.tbx\CalculateField" Date="20121228" Time="114044">CalculateField Eth_woreda_2012 3W_Dec_12 "Yes" VB #</Process><Process ToolSource="C:\Program Files\ArcGIS\Desktop10.0\ArcToolbox\Toolboxes\Data Management Tools.tbx\CalculateField" Date="20121228" Time="114121">CalculateField Eth_woreda_2012 3W_Dec_12 "Yes" VB #</Process><Process ToolSource="C:\Program Files\ArcGIS\Desktop10.0\ArcToolbox\Toolboxes\Data Management Tools.tbx\CalculateField" Date="20121228" Time="114356">CalculateField Eth_woreda_2012 3W_Dec_12 "Yes" VB #</Process><Process ToolSource="C:\Program Files\ArcGIS\Desktop10.0\ArcToolbox\Toolboxes\Data Management Tools.tbx\CalculateField" Date="20121228" Time="114648">CalculateField Eth_woreda_2012 3W_Dec_12 "Yes" VB #</Process><Process ToolSource="C:\Program Files\ArcGIS\Desktop10.0\ArcToolbox\Toolboxes\Data Management Tools.tbx\CalculateField" Date="20121228" Time="114758">CalculateField Eth_woreda_2012 3W_Dec_12 "Yes" VB #</Process><Process ToolSource="C:\Program Files\ArcGIS\Desktop10.0\ArcToolbox\Toolboxes\Data Management Tools.tbx\CalculateField" Date="20121228" Time="114902">CalculateField Eth_woreda_2012 3W_Dec_12 "Yes" VB #</Process><Process ToolSource="C:\Program Files\ArcGIS\Desktop10.0\ArcToolbox\Toolboxes\Data Management Tools.tbx\CalculateField" Date="20121228" Time="115018">CalculateField Eth_woreda_2012 3W_Dec_12 "Yes" VB #</Process><Process ToolSource="C:\Program Files\ArcGIS\Desktop10.0\ArcToolbox\Toolboxes\Data Management Tools.tbx\CalculateField" Date="20121228" Time="115226">CalculateField Eth_woreda_2012 3W_Dec_12 "Yes" VB #</Process><Process ToolSource="C:\Program Files\ArcGIS\Desktop10.0\ArcToolbox\Toolboxes\Data Management Tools.tbx\CalculateField" Date="20121228" Time="115341">CalculateField Eth_woreda_2012 3W_Dec_12 "Yes" VB #</Process><Process ToolSource="C:\Program Files\ArcGIS\Desktop10.0\ArcToolbox\Toolboxes\Data Management Tools.tbx\CalculateField" Date="20121228" Time="115805">CalculateField Eth_woreda_2012 3W_Dec_12 "Yes" VB #</Process><Process ToolSource="C:\Program Files\ArcGIS\Desktop10.0\ArcToolbox\Toolboxes\Data Management Tools.tbx\CalculateField" Date="20121228" Time="120426">CalculateField Eth_woreda_2012 3W_Dec_12 "Yes" VB #</Process><Process ToolSource="C:\Program Files\ArcGIS\Desktop10.0\ArcToolbox\Toolboxes\Data Management Tools.tbx\CalculateField" Date="20121228" Time="121525">CalculateField Eth_woreda_2012 3W_Dec_12 "Yes" VB #</Process><Process ToolSource="C:\Program Files\ArcGIS\Desktop10.0\ArcToolbox\Toolboxes\Data Management Tools.tbx\CalculateField" Date="20121228" Time="121933">CalculateField Eth_woreda_2012 3W_Dec_12 "Yes" VB #</Process><Process ToolSource="C:\Program Files\ArcGIS\Desktop10.0\ArcToolbox\Toolboxes\Data Management Tools.tbx\CalculateField" Date="20121228" Time="122120">CalculateField Eth_woreda_2012 3W_Dec_12 "Yes" VB #</Process><Process ToolSource="C:\Program Files\ArcGIS\Desktop10.0\ArcToolbox\Toolboxes\Data Management Tools.tbx\CalculateField" Date="20121228" Time="122556">CalculateField Eth_woreda_2012 3W_Dec_12 "Yes" VB #</Process><Process ToolSource="C:\Program Files\ArcGIS\Desktop10.0\ArcToolbox\Toolboxes\Data Management Tools.tbx\CalculateField" Date="20121228" Time="123159">CalculateField Eth_woreda_2012 3W_Dec_12 "Yes" VB #</Process><Process ToolSource="C:\Program Files\ArcGIS\Desktop10.0\ArcToolbox\Toolboxes\Data Management Tools.tbx\CalculateField" Date="20121228" Time="123417">CalculateField Eth_woreda_2012 3W_Dec_12 "Yes" VB #</Process><Process ToolSource="C:\Program Files\ArcGIS\Desktop10.0\ArcToolbox\Toolboxes\Data Management Tools.tbx\CalculateField" Date="20121228" Time="124245">CalculateField Eth_woreda_2012 3W_Dec_12 "Yes" VB #</Process><Process ToolSource="C:\Program Files\ArcGIS\Desktop10.0\ArcToolbox\Toolboxes\Data Management Tools.tbx\CalculateField" Date="20121231" Time="084550">CalculateField Eth_woreda_2012 3W_Dec_12 "Yes" VB #</Process><Process ToolSource="C:\Program Files\ArcGIS\Desktop10.0\ArcToolbox\Toolboxes\Data Management Tools.tbx\CalculateField" Date="20121231" Time="084724">CalculateField Eth_woreda_2012 3W_Dec_12 "Yes" VB #</Process><Process ToolSource="C:\Program Files\ArcGIS\Desktop10.0\ArcToolbox\Toolboxes\Data Management Tools.tbx\CalculateField" Date="20121231" Time="085101">CalculateField Eth_woreda_2012 3W_Dec_12 "Yes" VB #</Process><Process ToolSource="C:\Program Files\ArcGIS\Desktop10.0\ArcToolbox\Toolboxes\Data Management Tools.tbx\CalculateField" Date="20121231" Time="090319">CalculateField Eth_woreda_2012 3W_Dec_12 "Yes" VB #</Process><Process ToolSource="C:\Program Files\ArcGIS\Desktop10.0\ArcToolbox\Toolboxes\Data Management Tools.tbx\CalculateField" Date="20121231" Time="090541">CalculateField Eth_woreda_2012 3W_Dec_12 "Yes" VB #</Process><Process ToolSource="C:\Program Files\ArcGIS\Desktop10.0\ArcToolbox\Toolboxes\Data Management Tools.tbx\CalculateField" Date="20121231" Time="090742">CalculateField Eth_woreda_2012 3W_Dec_12 "Yes" VB #</Process><Process ToolSource="C:\Program Files\ArcGIS\Desktop10.0\ArcToolbox\Toolboxes\Data Management Tools.tbx\CalculateField" Date="20121231" Time="090852">CalculateField Eth_woreda_2012 3W_Dec_12 "Yes" VB #</Process><Process ToolSource="C:\Program Files\ArcGIS\Desktop10.0\ArcToolbox\Toolboxes\Data Management Tools.tbx\CalculateField" Date="20121231" Time="090941">CalculateField Eth_woreda_2012 3W_Dec_12 "Yes" VB #</Process><Process ToolSource="C:\Program Files\ArcGIS\Desktop10.0\ArcToolbox\Toolboxes\Data Management Tools.tbx\CalculateField" Date="20121231" Time="091123">CalculateField Eth_woreda_2012 3W_Dec_12 "Yes" VB #</Process><Process ToolSource="C:\Program Files\ArcGIS\Desktop10.0\ArcToolbox\Toolboxes\Data Management Tools.tbx\CalculateField" Date="20121231" Time="091348">CalculateField Eth_woreda_2012 3W_Dec_12 "Yes" VB #</Process><Process ToolSource="C:\Program Files\ArcGIS\Desktop10.0\ArcToolbox\Toolboxes\Data Management Tools.tbx\CalculateField" Date="20121231" Time="091825">CalculateField Eth_woreda_2012 3W_Dec_12 "Yes" VB #</Process><Process ToolSource="C:\Program Files\ArcGIS\Desktop10.0\ArcToolbox\Toolboxes\Data Management Tools.tbx\CalculateField" Date="20121231" Time="092803">CalculateField Eth_woreda_2012 3W_Dec_12 "Yes" VB #</Process><Process ToolSource="C:\Program Files\ArcGIS\Desktop10.0\ArcToolbox\Toolboxes\Data Management Tools.tbx\CalculateField" Date="20130102" Time="085106">CalculateField Eth_woreda_2012 3W_Dec_12 "No" VB #</Process><Process ToolSource="C:\Program Files\ArcGIS\Desktop10.0\ArcToolbox\Toolboxes\Analysis Tools.tbx\Erase" Date="20130313" Time="173406">Erase Eth_Woredas_2013_After_Mission2 HomaWoredaBoundary4Erase "C:\UNOCHA Renewed\Mission for New Woredas Delineation\Wollega Zones\Layers\On Mission\Eth_Woredas_2013_After_Mission22.shp" #</Process><Process ToolSource="C:\Program Files\ArcGIS\Desktop10.0\ArcToolbox\Toolboxes\Data Management Tools.tbx\Merge" Date="20130313" Time="173611">Merge Eth_Woredas_2013_After_Mission22;HomaWoredaBoundary4Erase "C:\UNOCHA Renewed\Mission for New Woredas Delineation\Wollega Zones\Layers\On Mission\Eth_Woredas_2013_After_Mission23.shp" "REGIONNAME "REGIONNAME" true true false 16 Text 0 0 ,First,#,Eth_Woredas_2013_After_Mission22,REGIONNAME,-1,-1,HomaWoredaBoundary4Erase,REGIONNAME,-1,-1;ZONENAME "ZONENAME" true true false 16 Text 0 0 ,First,#,Eth_Woredas_2013_After_Mission22,ZONENAME,-1,-1,HomaWoredaBoundary4Erase,ZONENAME,-1,-1;WOREDANO_ "WOREDANO_" true true false 16 Text 0 0 ,First,#,Eth_Woredas_2013_After_Mission22,WOREDANO_,-1,-1,HomaWoredaBoundary4Erase,WOREDANO_,-1,-1;WOREDANAME "WOREDANAME" true true false 30 Text 0 0 ,First,#,Eth_Woredas_2013_After_Mission22,WOREDANAME,-1,-1,HomaWoredaBoundary4Erase,WOREDANAME,-1,-1;Area "Area" true true false 19 Double 0 0 ,First,#,Eth_Woredas_2013_After_Mission22,Area,-1,-1,HomaWoredaBoundary4Erase,Area,-1,-1;3W_Dec_12 "3W_Dec_12" true true false 5 Text 0 0 ,First,#,Eth_Woredas_2013_After_Mission22,3W_Dec_12,-1,-1,HomaWoredaBoundary4Erase,3W_Dec_12,-1,-1"</Process><Process ToolSource="C:\Program Files\ArcGIS\Desktop10.0\ArcToolbox\Toolboxes\Analysis Tools.tbx\Erase" Date="20130313" Time="210255">Erase Eth_Woredas_2013_After_Mission2 GidaAyanaKiremuWoredaBoundary4Erase "C:\UNOCHA Renewed\Mission for New Woredas Delineation\Wollega Zones\Layers\On Mission\Eth_Woredas_2013_After_Mission21.shp" #</Process><Process ToolSource="C:\Program Files\ArcGIS\Desktop10.0\ArcToolbox\Toolboxes\Data Management Tools.tbx\Merge" Date="20130313" Time="210419">Merge Eth_Woredas_2013_After_Mission21;GidaAyanaKiremuWoredaBoundary4Erase "C:\UNOCHA Renewed\Mission for New Woredas Delineation\Wollega Zones\Layers\On Mission\Eth_Woredas_2013_After_Mission22.shp" "REGIONNAME "REGIONNAME" true true false 16 Text 0 0 ,First,#,Eth_Woredas_2013_After_Mission21,REGIONNAME,-1,-1,GidaAyanaKiremuWoredaBoundary4Erase,REGIONNAME,-1,-1;ZONENAME "ZONENAME" true true false 16 Text 0 0 ,First,#,Eth_Woredas_2013_After_Mission21,ZONENAME,-1,-1,GidaAyanaKiremuWoredaBoundary4Erase,ZONENAME,-1,-1;WOREDANO_ "WOREDANO_" true true false 16 Text 0 0 ,First,#,Eth_Woredas_2013_After_Mission21,WOREDANO_,-1,-1,GidaAyanaKiremuWoredaBoundary4Erase,WOREDANO_,-1,-1;WOREDANAME "WOREDANAME" true true false 30 Text 0 0 ,First,#,Eth_Woredas_2013_After_Mission21,WOREDANAME,-1,-1,GidaAyanaKiremuWoredaBoundary4Erase,WOREDANAME,-1,-1;Area "Area" true true false 19 Double 0 0 ,First,#,Eth_Woredas_2013_After_Mission21,Area,-1,-1,GidaAyanaKiremuWoredaBoundary4Erase,Area,-1,-1;3W_Dec_12 "3W_Dec_12" true true false 5 Text 0 0 ,First,#,Eth_Woredas_2013_After_Mission21,3W_Dec_12,-1,-1,GidaAyanaKiremuWoredaBoundary4Erase,3W_Dec_12,-1,-1"</Process><Process ToolSource="C:\Program Files\ArcGIS\Desktop10.0\ArcToolbox\Toolboxes\Analysis Tools.tbx\Erase" Date="20130313" Time="213144">Erase Eth_Woredas_2013_After_Mission22 Ayira_GulisoWoredaBoundary4Erase "C:\UNOCHA Renewed\Mission for New Woredas Delineation\Wollega Zones\Layers\On Mission\Eth_Woredas_2013_After_Mission2_.shp" #</Process><Process ToolSource="C:\Program Files\ArcGIS\Desktop10.0\ArcToolbox\Toolboxes\Data Management Tools.tbx\Merge" Date="20130313" Time="213240">Merge Eth_Woredas_2013_After_Mission2_;Ayira_GulisoWoredaBoundary4Erase "C:\UNOCHA Renewed\Mission for New Woredas Delineation\Wollega Zones\Layers\On Mission\Eth_Woredas_2013_After_Mission222.shp" "REGIONNAME "REGIONNAME" true true false 16 Text 0 0 ,First,#,Eth_Woredas_2013_After_Mission2_,REGIONNAME,-1,-1,Ayira_GulisoWoredaBoundary4Erase,REGIONNAME,-1,-1;ZONENAME "ZONENAME" true true false 16 Text 0 0 ,First,#,Eth_Woredas_2013_After_Mission2_,ZONENAME,-1,-1,Ayira_GulisoWoredaBoundary4Erase,ZONENAME,-1,-1;WOREDANO_ "WOREDANO_" true true false 16 Text 0 0 ,First,#,Eth_Woredas_2013_After_Mission2_,WOREDANO_,-1,-1,Ayira_GulisoWoredaBoundary4Erase,WOREDANO_,-1,-1;WOREDANAME "WOREDANAME" true true false 30 Text 0 0 ,First,#,Eth_Woredas_2013_After_Mission2_,WOREDANAME,-1,-1,Ayira_GulisoWoredaBoundary4Erase,WOREDANAME,-1,-1;Area "Area" true true false 19 Double 0 0 ,First,#,Eth_Woredas_2013_After_Mission2_,Area,-1,-1,Ayira_GulisoWoredaBoundary4Erase,Area,-1,-1;3W_Dec_12 "3W_Dec_12" true true false 5 Text 0 0 ,First,#,Eth_Woredas_2013_After_Mission2_,3W_Dec_12,-1,-1,Ayira_GulisoWoredaBoundary4Erase,3W_Dec_12,-1,-1"</Process><Process ToolSource="C:\Program Files\ArcGIS\Desktop10.0\ArcToolbox\Toolboxes\Data Management Tools.tbx\CalculateField" Date="20130313" Time="222052">CalculateField Eth_Woredas_2013_After_Mission2 REGIONNAME "Oromia" VB #</Process><Process ToolSource="C:\Program Files\ArcGIS\Desktop10.0\ArcToolbox\Toolboxes\Data Management Tools.tbx\CalculateField" Date="20130313" Time="222121">CalculateField Eth_Woredas_2013_After_Mission2 Remark "New" VB #</Process><Process ToolSource="C:\Program Files\ArcGIS\Desktop10.0\ArcToolbox\Toolboxes\Data Management Tools.tbx\CalculateField" Date="20130313" Time="222355">CalculateField Eth_Woredas_2013_After_Mission2 Remark "Existing" VB #</Process><Process ToolSource="C:\Program Files\ArcGIS\Desktop10.0\ArcToolbox\Toolboxes\Data Management Tools.tbx\CalculateField" Date="20130405" Time="123147">CalculateField "Oromia Woredas" Remark "No HF" VB #</Process><Process ToolSource="C:\Program Files\ArcGIS\Desktop10.0\ArcToolbox\Toolboxes\Data Management Tools.tbx\CalculateField" Date="20130405" Time="123232">CalculateField "Oromia Woredas" Remark "Hos_ HC" VB #</Process><Process ToolSource="C:\Program Files\ArcGIS\Desktop10.0\ArcToolbox\Toolboxes\Data Management Tools.tbx\CalculateField" Date="20130407" Time="211423">CalculateField "SNNPR Woredas" Remark "NO HF" VB #</Process><Process ToolSource="C:\Program Files\ArcGIS\Desktop10.0\ArcToolbox\Toolboxes\Data Management Tools.tbx\CalculateField" Date="20130407" Time="211503">CalculateField "SNNPR Woredas" Remark "HO HC" VB #</Process><Process ToolSource="C:\Program Files\ArcGIS\Desktop10.0\ArcToolbox\Toolboxes\Data Management Tools.tbx\CalculateField" Date="20130408" Time="074003">CalculateField "SNNPR Woredas" Remark "NO HF" VB #</Process><Process ToolSource="C:\Program Files\ArcGIS\Desktop10.0\ArcToolbox\Toolboxes\Data Management Tools.tbx\CalculateField" Date="20130408" Time="074032">CalculateField "SNNPR Woredas" Remark "HO HC" VB #</Process><Process ToolSource="C:\Program Files\ArcGIS\Desktop10.0\ArcToolbox\Toolboxes\Data Management Tools.tbx\CalculateField" Date="20130408" Time="075254">CalculateField "BG Woredas" Remark "NO HF" VB #</Process><Process ToolSource="C:\Program Files\ArcGIS\Desktop10.0\ArcToolbox\Toolboxes\Data Management Tools.tbx\CalculateField" Date="20130408" Time="075319">CalculateField "BG Woredas" Remark "HO HC" VB #</Process><Process ToolSource="C:\Program Files\ArcGIS\Desktop10.0\ArcToolbox\Toolboxes\Data Management Tools.tbx\CalculateField" Date="20130509" Time="104437">CalculateField Eth_Woredas_2013_After_Mission2 ZONENAME "West Wollega" VB #</Process><Process ToolSource="C:\Program Files\ArcGIS\Desktop10.0\ArcToolbox\Toolboxes\Data Management Tools.tbx\Dissolve" Date="20130509" Time="112509">Dissolve Eth_Woredas_2013_After_Mission2 S:\IMU\MAPS\02_Base_data\01_Admin\01_ETHIOPIA_COUNTRY\03_woreda\Eth_woreda_2013_2.shp FID;REGIONNAME;ZONENAME;WOREDANO_;WOREDANAME # MULTI_PART DISSOLVE_LINES</Process><Process ToolSource="C:\Program Files (x86)\ArcGIS\Desktop10.0\ArcToolbox\Toolboxes\Data Management Tools.tbx\CalculateField" Date="20130509" Time="120327">CalculateField Eth_woreda_2013 REG_P_CODE 14 VB #</Process><Process ToolSource="C:\Program Files (x86)\ArcGIS\Desktop10.0\ArcToolbox\Toolboxes\Data Management Tools.tbx\CalculateField" Date="20130509" Time="120340">CalculateField Eth_woreda_2013 REG_P_CODE 02 VB #</Process><Process ToolSource="C:\Program Files (x86)\ArcGIS\Desktop10.0\ArcToolbox\Toolboxes\Data Management Tools.tbx\CalculateField" Date="20130509" Time="120442">CalculateField Eth_woreda_2013 REG_P_CODE 02 VB #</Process><Process ToolSource="C:\Program Files (x86)\ArcGIS\Desktop10.0\ArcToolbox\Toolboxes\Data Management Tools.tbx\CalculateField" Date="20130509" Time="120522">CalculateField Eth_woreda_2013 REG_P_CODE "02" VB #</Process><Process ToolSource="C:\Program Files (x86)\ArcGIS\Desktop10.0\ArcToolbox\Toolboxes\Data Management Tools.tbx\CalculateField" Date="20130509" Time="120538">CalculateField Eth_woreda_2013 REG_P_CODE "14" VB #</Process><Process ToolSource="C:\Program Files (x86)\ArcGIS\Desktop10.0\ArcToolbox\Toolboxes\Data Management Tools.tbx\CalculateField" Date="20130509" Time="120552">CalculateField Eth_woreda_2013 REG_P_CODE "03" VB #</Process><Process ToolSource="C:\Program Files (x86)\ArcGIS\Desktop10.0\ArcToolbox\Toolboxes\Data Management Tools.tbx\CalculateField" Date="20130509" Time="120604">CalculateField Eth_woreda_2013 REG_P_CODE "06" VB #</Process><Process ToolSource="C:\Program Files (x86)\ArcGIS\Desktop10.0\ArcToolbox\Toolboxes\Data Management Tools.tbx\CalculateField" Date="20130509" Time="120618">CalculateField Eth_woreda_2013 REG_P_CODE "15" VB #</Process><Process ToolSource="C:\Program Files (x86)\ArcGIS\Desktop10.0\ArcToolbox\Toolboxes\Data Management Tools.tbx\CalculateField" Date="20130509" Time="120630">CalculateField Eth_woreda_2013 REG_P_CODE "12" VB #</Process><Process ToolSource="C:\Program Files (x86)\ArcGIS\Desktop10.0\ArcToolbox\Toolboxes\Data Management Tools.tbx\CalculateField" Date="20130509" Time="120644">CalculateField Eth_woreda_2013 REG_P_CODE "13" VB #</Process><Process ToolSource="C:\Program Files (x86)\ArcGIS\Desktop10.0\ArcToolbox\Toolboxes\Data Management Tools.tbx\CalculateField" Date="20130509" Time="120659">CalculateField Eth_woreda_2013 REG_P_CODE "04" VB #</Process><Process ToolSource="C:\Program Files (x86)\ArcGIS\Desktop10.0\ArcToolbox\Toolboxes\Data Management Tools.tbx\CalculateField" Date="20130509" Time="120710">CalculateField Eth_woreda_2013 REG_P_CODE "07" VB #</Process><Process ToolSource="C:\Program Files (x86)\ArcGIS\Desktop10.0\ArcToolbox\Toolboxes\Data Management Tools.tbx\CalculateField" Date="20130509" Time="120725">CalculateField Eth_woreda_2013 REG_P_CODE "05" VB #</Process><Process ToolSource="C:\Program Files (x86)\ArcGIS\Desktop10.0\ArcToolbox\Toolboxes\Data Management Tools.tbx\CalculateField" Date="20130509" Time="120738">CalculateField Eth_woreda_2013 REG_P_CODE "01" VB #</Process><Process ToolSource="C:\Program Files (x86)\ArcGIS\Desktop10.0\ArcToolbox\Toolboxes\Data Management Tools.tbx\CalculateField" Date="20130509" Time="121031">CalculateField Eth_woreda_2013 REG_P_CODE "04" VB #</Process><Process ToolSource="C:\Program Files (x86)\ArcGIS\Desktop10.0\ArcToolbox\Toolboxes\Data Management Tools.tbx\CalculateField" Date="20130509" Time="121646">CalculateField Eth_woreda_2013 ZONENAME "West Wellega" VB #</Process><Process ToolSource="C:\Program Files (x86)\ArcGIS\Desktop10.0\ArcToolbox\Toolboxes\Data Management Tools.tbx\CalculateField" Date="20130509" Time="121809">CalculateField Eth_woreda_2013 ZONENAME "KT" VB #</Process><Process ToolSource="C:\Program Files (x86)\ArcGIS\Desktop10.0\ArcToolbox\Toolboxes\Data Management Tools.tbx\CalculateField" Date="20130509" Time="122529">CalculateField Eth_woreda_2013 WOR_P_CODE [WOREDANO_] VB #</Process><Process ToolSource="C:\Program Files (x86)\ArcGIS\Desktop10.0\ArcToolbox\Toolboxes\Data Management Tools.tbx\CalculateField" Date="20140213" Time="093307">CalculateField Eth_Woreda_2013 WOR_Pcode ""ET" + [WOR_P_CODE]" VB #</Process><Process ToolSource="C:\Program Files (x86)\ArcGIS\Desktop10.0\ArcToolbox\Toolboxes\Data Management Tools.tbx\CalculateField" Date="20140213" Time="094940">CalculateField Eth_Woreda_2013 ZON_Pcode ""ET" + [ZON_P_CODE]" VB #</Process><Process ToolSource="C:\Program Files (x86)\ArcGIS\Desktop10.0\ArcToolbox\Toolboxes\Data Management Tools.tbx\CalculateField" Date="20140213" Time="095008">CalculateField Eth_Woreda_2013 REG_Pcode ""ET" + [REG_P_CODE]" VB #</Process><Process ToolSource="c:\program files (x86)\arcgis\desktop10.2\ArcToolbox\Toolboxes\Data Management Tools.tbx\CalculateField" Date="20140603" Time="112415">CalculateField Eth_Woreda_2013 HRname [WOREDANAME] VB #</Process><Process ToolSource="c:\program files (x86)\arcgis\desktop10.2\ArcToolbox\Toolboxes\Data Management Tools.tbx\CalculateField" Date="20140603" Time="112527">CalculateField Eth_Woreda_2013 HRpcode [WOR_Pcode] VB #</Process><Process ToolSource="c:\program files (x86)\arcgis\desktop10.2\ArcToolbox\Toolboxes\Data Management Tools.tbx\CalculateField" Date="20140603" Time="112906">CalculateField Eth_Woreda_2013 HRparent [ZON_Pcode] VB #</Process><Process ToolSource="c:\program files (x86)\arcgis\desktop10.3\ArcToolbox\Toolboxes\Data Management Tools.tbx\CalculateField" Date="20171004" Time="142725">CalculateField ETH_ADM1 Name [REGIONNAME] VB #</Process><Process ToolSource="c:\program files (x86)\arcgis\desktop10.3\ArcToolbox\Toolboxes\Data Management Tools.tbx\CalculateField" Date="20171004" Time="142734">CalculateField ETH_ADM1 Level "ADM1" VB #</Process><Process ToolSource="c:\program files (x86)\arcgis\desktop10.5\ArcToolbox\Toolboxes\Data Management Tools.tbx\Project" Date="20180124" Time="211944">Project ETH_ADM1 C:\Users\lnsei\Desktop\adm1fixed\ETH_ADM1.shp GEOGCS['GCS_WGS_1984',DATUM['D_WGS_1984',SPHEROID['WGS_1984',6378137.0,298.257223563]],PRIMEM['Greenwich',0.0],UNIT['Degree',0.0174532925199433]] Adindan_To_WGS_1984_1 PROJCS['Adindan_UTM_Zone_37N',GEOGCS['GCS_Adindan',DATUM['D_Adindan',SPHEROID['Clarke_1880_RGS',6378249.145,293.465]],PRIMEM['Greenwich',0.0],UNIT['Degree',0.0174532925199433]],PROJECTION['Transverse_Mercator'],PARAMETER['False_Easting',500000.0],PARAMETER['False_Northing',0.0],PARAMETER['Central_Meridian',39.0],PARAMETER['Scale_Factor',0.9996],PARAMETER['Latitude_Of_Origin',0.0],UNIT['Meter',1.0]] NO_PRESERVE_SHAPE # NO_VERTICAL</Process></lineage><itemProps><itemName Sync="TRUE">Eth_Region_2013_11</itemName><imsContentType Sync="TRUE">002</imsContentType><itemSize Sync="TRUE">0.000</itemSize><itemLocation><linkage Sync="TRUE">file://\\File-Server\OCHA_ETH\IMU\GIS\GIS_OCHA\02_Base_data\01_Admin\01_ETHIOPIA_COUNTRY\01_region\Eth_Region_2013_11.shp</linkage><protocol Sync="TRUE">Local Area Network</protocol></itemLocation><nativeExtBox><westBL Sync="TRUE">33.001536</westBL><eastBL Sync="TRUE">47.958228</eastBL><southBL Sync="TRUE">3.398548</southBL><northBL Sync="TRUE">14.845692</northBL><exTypeCode Sync="TRUE">1</exTypeCode></nativeExtBox></itemProps><coordRef><type Sync="TRUE">Projected</type><geogcsn Sync="TRUE">GCS_Adindan</geogcsn><csUnits Sync="TRUE">Linear Unit: Meter (1.000000)</csUnits><peXml Sync="TRUE">&lt;ProjectedCoordinateSystem xsi:type='typens:ProjectedCoordinateSystem' xmlns:xsi='http://www.w3.org/2001/XMLSchema-instance' xmlns:xs='http://www.w3.org/2001/XMLSchema' xmlns:typens='http://www.esri.com/schemas/ArcGIS/10.1'&gt;&lt;WKT&gt;PROJCS[&amp;quot;Adindan_UTM_Zone_37N&amp;quot;,GEOGCS[&amp;quot;GCS_Adindan&amp;quot;,DATUM[&amp;quot;D_Adindan&amp;quot;,SPHEROID[&amp;quot;Clarke_1880_RGS&amp;quot;,6378249.145,293.465]],PRIMEM[&amp;quot;Greenwich&amp;quot;,0.0],UNIT[&amp;quot;Degree&amp;quot;,0.0174532925199433]],PROJECTION[&amp;quot;Transverse_Mercator&amp;quot;],PARAMETER[&amp;quot;False_Easting&amp;quot;,500000.0],PARAMETER[&amp;quot;False_Northing&amp;quot;,0.0],PARAMETER[&amp;quot;Central_Meridian&amp;quot;,39.0],PARAMETER[&amp;quot;Scale_Factor&amp;quot;,0.9996],PARAMETER[&amp;quot;Latitude_Of_Origin&amp;quot;,0.0],UNIT[&amp;quot;Meter&amp;quot;,1.0],AUTHORITY[&amp;quot;EPSG&amp;quot;,20137]]&lt;/WKT&gt;&lt;XOrigin&gt;-5121100&lt;/XOrigin&gt;&lt;YOrigin&gt;-9998000&lt;/YOrigin&gt;&lt;XYScale&gt;450450052.74759901&lt;/XYScale&gt;&lt;ZOrigin&gt;-100000&lt;/ZOrigin&gt;&lt;ZScale&gt;10000&lt;/ZScale&gt;&lt;MOrigin&gt;-100000&lt;/MOrigin&gt;&lt;MScale&gt;10000&lt;/MScale&gt;&lt;XYTolerance&gt;0.001&lt;/XYTolerance&gt;&lt;ZTolerance&gt;0.001&lt;/ZTolerance&gt;&lt;MTolerance&gt;0.001&lt;/MTolerance&gt;&lt;HighPrecision&gt;true&lt;/HighPrecision&gt;&lt;WKID&gt;20137&lt;/WKID&gt;&lt;LatestWKID&gt;20137&lt;/LatestWKID&gt;&lt;/ProjectedCoordinateSystem&gt;</peXml><projcsn Sync="TRUE">Adindan_UTM_Zone_37N</projcsn></coordRef><copyHistory><copy source="S:\IMU\MAPS\02_Base_data\01_Admin\01_ETHIOPIA_COUNTRY\03_woreda\Eth_woreda_2013_2" dest="\\OCHAETHGIS\GIS_OCHA\02_Base_data\01_Admin\01_ETHIOPIA_COUNTRY\03_woreda\Eth_woreda_2013_2" date="20130509" time="11480800"></copy></copyHistory></DataProperties><SyncDate>20141023</SyncDate><SyncTime>14581500</SyncTime><ModDate>20141023</ModDate><ModTime>14581500</ModTime><ArcGISFormat>1.0</ArcGISFormat></Esri><idinfo><citation><citeinfo><onlink Sync="TRUE">\\GIS\D$\GIS_OCHA\02_Base_data\01_Admin\01_ETHIOPIA_COUNTRY\03_woreda\ethiopia_woredas_2008</onlink></citeinfo></citation></idinfo><distInfo><distributor><distorTran><onLineSrc><linkage Sync="TRUE">file://\\GIS\D$\GIS_OCHA\02_Base_data\01_Admin\01_ETHIOPIA_COUNTRY\03_woreda\ethiopia_woredas_2008</linkage><protocol Sync="TRUE">Local Area Network</protocol></onLineSrc></distorTran></distributor><distFormat><formatName Sync="TRUE">Shapefile</formatName></distFormat><distTranOps><transSize Sync="TRUE">0.000</transSize></distTranOps></distInfo><dataqual><lineage><procstep><procdesc Sync="TRUE">Dataset copied.</procdesc><srcused Sync="TRUE">D:\GIS_OCHA\02_Base_data\01_Admin\01_ETHIOPIA_COUNTRY\03_woreda\ethiopia_woredas_2008</srcused><procdate Sync="TRUE">20100608</procdate><proctime Sync="TRUE">14340800</proctime></procstep><procstep><procdesc Sync="TRUE">Dataset copied.</procdesc><srcused Sync="TRUE">D:\GIS_OCHA\02_Base_data\01_Admin\01_ETHIOPIA_COUNTRY\03_woreda\Ethiopia_woreda_2008\ethiopia_woredas_2008</srcused><procdate Sync="TRUE">20100608</procdate><proctime Sync="TRUE">14580000</proctime></procstep></lineage></dataqual><dataIdInfo><envirDesc Sync="TRUE">Microsoft Windows 7 Version 6.1 (Build 7601) Service Pack 1; Esri ArcGIS 10.2.1.3497</envirDesc><dataLang><languageCode value="eng" Sync="TRUE" country="USA"></languageCode><countryCode value="USA" Sync="TRUE"></countryCode></dataLang><idCitation><resTitle Sync="TRUE">Eth_Region_2013_11</resTitle><presForm><PresFormCd value="005" Sync="TRUE"></PresFormCd></presForm></idCitation><spatRpType><SpatRepTypCd value="001" Sync="TRUE"></SpatRepTypCd></spatRpType><descKeys><thesaName uuidref="723f6998-058e-11dc-8314-0800200c9a66"></thesaName><keyword Sync="TRUE">002</keyword></descKeys><dataExt><geoEle><GeoBndBox esriExtentType="search"><exTypeCode Sync="TRUE">1</exTypeCode><westBL Sync="TRUE">33.001536</westBL><eastBL Sync="TRUE">47.958228</eastBL><northBL Sync="TRUE">14.845692</northBL><southBL Sync="TRUE">3.398548</southBL></GeoBndBox></geoEle></dataExt></dataIdInfo><mdLang><languageCode value="eng" Sync="TRUE"></languageCode><countryCode value="USA" Sync="TRUE"></countryCode></mdLang><mdHrLv><ScopeCd value="005" Sync="TRUE"></ScopeCd></mdHrLv><mdHrLvName Sync="TRUE">dataset</mdHrLvName><refSysInfo><RefSystem><refSysID><identCode code="20137" Sync="TRUE" value="4326"></identCode><idCodeSpace Sync="TRUE">EPSG</idCodeSpace><idVersion Sync="TRUE">8.2.6</idVersion></refSysID></RefSystem></refSysInfo><spatRepInfo><VectSpatRep><geometObjs Name="Eth_Region_2013_11"><geoObjTyp><GeoObjTypCd value="002" Sync="TRUE"></GeoObjTypCd></geoObjTyp><geoObjCnt Sync="TRUE">0</geoObjCnt></geometObjs><topLvl><TopoLevCd value="001" Sync="TRUE"></TopoLevCd></topLvl></VectSpatRep></spatRepInfo><spdoinfo><ptvctinf><esriterm Name="Eth_Region_2013_11"><efeatyp Sync="TRUE">Simple</efeatyp><efeageom code="4" Sync="TRUE"></efeageom><esritopo Sync="TRUE">FALSE</esritopo><efeacnt Sync="TRUE">0</efeacnt><spindex Sync="TRUE">FALSE</spindex><linrefer Sync="TRUE">FALSE</linrefer></esriterm></ptvctinf></spdoinfo><eainfo><detailed Name="Eth_Region_2013_11"><enttyp><enttypl Sync="TRUE">Eth_Region_2013_11</enttypl><enttypt Sync="TRUE">Feature Class</enttypt><enttypc Sync="TRUE">0</enttypc></enttyp><attr><attrlabl Sync="TRUE">FID</attrlabl><attalias Sync="TRUE">FID</attalias><attrtype Sync="TRUE">OID</attrtype><attwidth Sync="TRUE">4</attwidth><atprecis Sync="TRUE">0</atprecis><attscale Sync="TRUE">0</attscale><attrdef Sync="TRUE">Internal feature number.</attrdef><attrdefs Sync="TRUE">Esri</attrdefs><attrdomv><udom Sync="TRUE">Sequential unique whole numbers that are automatically generated.</udom></attrdomv></attr><attr><attrlabl Sync="TRUE">Shape</attrlabl><attalias Sync="TRUE">Shape</attalias><attrtype Sync="TRUE">Geometry</attrtype><attwidth Sync="TRUE">0</attwidth><atprecis Sync="TRUE">0</atprecis><attscale Sync="TRUE">0</attscale><attrdef Sync="TRUE">Feature geometry.</attrdef><attrdefs Sync="TRUE">ESRI</attrdefs><attrdomv><udom Sync="TRUE">Coordinates defining the features.</udom></attrdomv></attr><attr><attrlabl Sync="TRUE">REGIONNAME</attrlabl><attalias Sync="TRUE">REGIONNAME</attalias><attrtype Sync="TRUE">String</attrtype><attwidth Sync="TRUE">50</attwidth><atprecis Sync="TRUE">0</atprecis><attscale Sync="TRUE">0</attscale></attr><attr><attrlabl Sync="TRUE">REG_P_CODE</attrlabl><attalias Sync="TRUE">REG_P_CODE</attalias><attrtype Sync="TRUE">Integer</attrtype><attwidth Sync="TRUE">9</attwidth><atprecis Sync="TRUE">9</atprecis><attscale Sync="TRUE">0</attscale></attr><attr><attrlabl Sync="TRUE">REG_Pcode</attrlabl><attalias Sync="TRUE">REG_Pcode</attalias><attrtype Sync="TRUE">String</attrtype><attwidth Sync="TRUE">50</attwidth><atprecis Sync="TRUE">0</atprecis><attscale Sync="TRUE">0</attscale></attr></detailed></eainfo><mdDateSt Sync="TRUE">20141023</mdDateSt><mdChar><CharSetCd value="004" Sync="TRUE"></CharSetCd></mdChar></metadata>
