<?xml version="1.0" encoding="UTF-8"?>
<metadata xml:lang="en"><Esri><CreaDate>20180225</CreaDate><CreaTime>12275200</CreaTime><ArcGISFormat>1.0</ArcGISFormat><SyncOnce>TRUE</SyncOnce><DataProperties><itemProps><itemLocation><linkage Sync="TRUE">file://\\apollo.fewsnet.local\Mapfiles\Verified Shapefiles\HT\Template_Admin3</linkage><protocol Sync="TRUE">Local Area Network</protocol></itemLocation></itemProps><copyHistory><copy source="M:\Verified Shapefiles\Template_Admin3" dest="\\apollo.fewsnet.local\Mapfiles\Verified Shapefiles\HT\Template_Admin3" date="20160810" time="14511100"></copy></copyHistory><lineage><Process ToolSource="c:\program files (x86)\arcgis\desktop10.5\ArcToolbox\Toolboxes\Data Management Tools.tbx\CalculateField" Date="20180225" Time="123145">CalculateField haiti_new Name [ADMIN3] VB #</Process><Process ToolSource="c:\program files (x86)\arcgis\desktop10.5\ArcToolbox\Toolboxes\Data Management Tools.tbx\CalculateField" Date="20180225" Time="123311">CalculateField haiti_new Level "ADM 3" VB #</Process></lineage></DataProperties></Esri></metadata>
