{"boundaryID": "MDG-ADM2-92629638", "boundaryISO": "MDG", "boundaryType": "ADM2", "boundaryYear": "2020", "boundarySource-1": "HumData", "boundarySource-2": "", "boundaryCanonical": "districts", "boundaryLicense": "Creative Commons Attribution 3.0 Intergovernmental Organisations (CC BY 3.0 IGO)", "licenseDetail": "", "licenseSource": "https//data.humdata.org/dataset/madagascar-administrative-level-0-4-boundaries", "boundarySourceURL": "https//data.humdata.org/dataset/madagascar-administrative-level-0-4-boundaries", "downloadURL": "https://github.com/wmgeolab/geoBoundaries/raw/main/releaseData/gbOpen/MDG_ADM2.zip", "sourceDataUpdateDate": "Mar 21, 2021", "buildUpdateDate": "May 26, 2021"}