<?xml version="1.0" encoding="UTF-8"?>
<metadata xml:lang="en"><Esri><CreaDate>20171226</CreaDate><CreaTime>14003100</CreaTime><ArcGISFormat>1.0</ArcGISFormat><ArcGISstyle>ISO 19139 Metadata Implementation Specification GML3.2</ArcGISstyle><SyncOnce>TRUE</SyncOnce><DataProperties><lineage><Process ToolSource="c:\program files (x86)\arcgis\desktop10.5\ArcToolbox\Toolboxes\Data Management Tools.tbx\CalculateField" Date="20171226" Time="121157">CalculateField MDV_DevInfo_Admin2 a1_NAME1_ "South Central" VB #</Process><Process ToolSource="c:\program files (x86)\arcgis\desktop10.5\ArcToolbox\Toolboxes\Data Management Tools.tbx\CalculateField" Date="20171226" Time="121211">CalculateField MDV_DevInfo_Admin2 a1_NAME2_ "MDV" VB #</Process><Process ToolSource="c:\program files (x86)\arcgis\desktop10.5\ArcToolbox\Toolboxes\Data Management Tools.tbx\CalculateField" Date="20171226" Time="121503">CalculateField MDV_DevInfo_Admin2 a1_NAME1_ "North Central" VB #</Process><Process ToolSource="c:\program files (x86)\arcgis\desktop10.5\ArcToolbox\Toolboxes\Data Management Tools.tbx\CalculateField" Date="20171226" Time="121541">CalculateField MDV_DevInfo_Admin2 a1_NAME1_ "North" VB #</Process><Process ToolSource="c:\program files (x86)\arcgis\desktop10.5\ArcToolbox\Toolboxes\Data Management Tools.tbx\CalculateField" Date="20171226" Time="121559">CalculateField MDV_DevInfo_Admin2 a1_NAME2_ "MDV" VB #</Process><Process ToolSource="c:\program files (x86)\arcgis\desktop10.5\ArcToolbox\Toolboxes\Data Management Tools.tbx\CalculateField" Date="20171226" Time="121608">CalculateField MDV_DevInfo_Admin2 a1_NAME2_ "MDV" VB #</Process></lineage></DataProperties></Esri></metadata>
