{"boundaryID": "SDN-ADM0-32711594", "boundaryISO": "SDN", "boundaryType": "ADM0", "boundaryYear": "2020", "boundarySource-1": "Information Management Working Group (IMWG), OCHA", "boundarySource-2": "HDX", "boundaryCanonical": "", "boundaryLicense": "Creative Commons Attribution 3.0 Intergovernmental Organisations (CC BY 3.0 IGO)", "licenseDetail": "", "licenseSource": "https//data.humdata.org/dataset/sudan-administrative-boundaries-levels-0-2", "boundarySourceURL": "https//data.humdata.org/dataset/sudan-administrative-boundaries-levels-0-2", "downloadURL": "https://github.com/wmgeolab/geoBoundaries/raw/main/releaseData/gbHumanitarian/SDN_ADM0.zip", "sourceDataUpdateDate": "Aug 25, 2021", "buildUpdateDate": "Aug 27, 2021"}