{"boundaryID": "HND-ADM2-58324277", "boundaryISO": "HND", "boundaryType": "ADM2", "boundaryYear": "2015", "boundarySource-1": "Sistema Nacional de Informaci\u00f3n Territorial (SINIT), Secretaria T\u00e9cnica de Planificaci\u00f3n y Cooperaci\u00f3n Externa (SEPLAN), 2010", "boundarySource-2": "HDX", "boundaryCanonical": "", "boundaryLicense": "Creative Commons Attribution 3.0 Intergovernmental Organisations (CC BY 3.0 IGO)", "licenseDetail": "", "licenseSource": "https//data.humdata.org/dataset/honduras-admin-level-1-boundaries", "boundarySourceURL": "https//data.humdata.org/dataset/honduras-admin-level-1-boundaries", "downloadURL": "https://github.com/wmgeolab/geoBoundaries/raw/main/releaseData/gbHumanitarian/HND_ADM2.zip", "sourceDataUpdateDate": "Aug 25, 2021", "buildUpdateDate": "Aug 26, 2021"}