<?xml version="1.0" encoding="UTF-8"?>
<metadata xml:lang="es"><Esri><CreaDate>20180413</CreaDate><CreaTime>19025300</CreaTime><ArcGISFormat>1.0</ArcGISFormat><SyncOnce>FALSE</SyncOnce><DataProperties><lineage><Process ToolSource="c:\program files (x86)\arcgis\desktop10.1\ArcToolbox\Toolboxes\Data Management Tools.tbx\DeleteField" Date="20150409" Time="202319" Name="" export="">DeleteField COMM_RG_1M ADM0_CODE;ADM0_NAME;ICC;SHN;TAA;CNTR_CODE_SVRG;SVRG_FLAG;SVRG_CNTR_LIST;EEZ_ID;FUENTE;COD_UNICO;REG_UNICO;CNTR_code;EU_STATUS;COMM;NUTS;ORIG_FID;ID_RG;surf_covr;OID;OBJECTID_1;COMM_ID_1;Shape_Leng;Shape_Area_1</Process><Process ToolSource="c:\program files (x86)\arcgis\desktop10.1\ArcToolbox\Toolboxes\Data Management Tools.tbx\Dissolve" Date="20150417" Time="131348" Name="" export="">Dissolve COMM\COMM_RG_01M_2013 C:\Users\danielleon\Desktop\Eurostat\GISCO_2013_20150410_1.gdb\COMM_2013\COMM_RG_01M_2013_Diss COMM_ID # MULTI_PART DISSOLVE_LINES</Process><Process ToolSource="c:\program files (x86)\arcgis\desktop10.1\ArcToolbox\Toolboxes\Conversion Tools.tbx\FeatureClassToFeatureClass" Date="20150513" Time="133119" Name="" export="">FeatureClassToFeatureClass C:\Users\danielleon\Desktop\Eurostat\GISCO_2013_20150410_1.gdb\COMM_2013\COMM_RG_01M_2013 C:\Users\danielleon\Desktop\Eurostat\GISCO_2013_20150410_1.gdb\Pruebas COMM_RG_01M_ # "COMM_ID "COMM_ID" true true false 14 Text 0 0 ,First,#,C:\Users\danielleon\Desktop\Eurostat\GISCO_2013_20150410_1.gdb\COMM_2013\COMM_RG_01M_2013,COMM_ID,-1,-1;Shape_Length "Shape_Length" false true true 8 Double 0 0 ,First,#,C:\Users\danielleon\Desktop\Eurostat\GISCO_2013_20150410_1.gdb\COMM_2013\COMM_RG_01M_2013,Shape_Length,-1,-1;Shape_Area "Shape_Area" false true true 8 Double 0 0 ,First,#,C:\Users\danielleon\Desktop\Eurostat\GISCO_2013_20150410_1.gdb\COMM_2013\COMM_RG_01M_2013,Shape_Area,-1,-1" #</Process><Process ToolSource="c:\program files (x86)\arcgis\desktop10.1\ArcToolbox\Toolboxes\Conversion Tools.tbx\FeatureClassToFeatureClass" Date="20150513" Time="164843" Name="" export="">FeatureClassToFeatureClass C:\Users\danielleon\Desktop\Eurostat\GISCO_2013_20150410_1.gdb\Pruebas\COMM_RG_01M_ C:\Users\danielleon\Desktop\Eurostat\GISCO_2013_20150410_1.gdb\COMM COMM_RG_01M # "COMM_ID "COMM_ID" true true false 14 Text 0 0 ,First,#,C:\Users\danielleon\Desktop\Eurostat\GISCO_2013_20150410_1.gdb\Pruebas\COMM_RG_01M_,COMM_ID,-1,-1;Shape_Length "Shape_Length" false true true 8 Double 0 0 ,First,#,C:\Users\danielleon\Desktop\Eurostat\GISCO_2013_20150410_1.gdb\Pruebas\COMM_RG_01M_,Shape_Length,-1,-1;Shape_Area "Shape_Area" false true true 8 Double 0 0 ,First,#,C:\Users\danielleon\Desktop\Eurostat\GISCO_2013_20150410_1.gdb\Pruebas\COMM_RG_01M_,Shape_Area,-1,-1" #</Process><Process ToolSource="c:\program files (x86)\arcgis\desktop10.1\ArcToolbox\Toolboxes\Data Management Tools.tbx\Dissolve" Date="20150824" Time="133004" Name="" export="">Dissolve COMM\COMM_RG_01M_2013 C:\Proyectos\SC#1\FuenteSF4\GISCO_100K_01M_03M_10M_20M_60M_20150819.gdb\COMM_2013\COMM_RG_01M_2013_1 COMM_ID # MULTI_PART DISSOLVE_LINES</Process><Process ToolSource="C:\Program Files (x86)\ArcGIS\Desktop10.0\ArcToolbox\Toolboxes\Data Management Tools.tbx\CopyFeatures" Date="20151217" Time="231004">CopyFeatures C:\Temp\1local_updates_from_JR\ADMIN-UNITS\GISCO_1.gdb\COMM_2013\COMM_RG_01M_2013 C:\Temp\1local_updates_from_JR\ADMIN-UNITS\COMM_2013\COMM_01M_2013_SH\data\COMM_RG_01M_2013.shp # 0 0 0</Process><Process ToolSource="c:\program files (x86)\arcgis\desktop10.3\ArcToolbox\Toolboxes\Data Management Tools.tbx\CalculateField" Date="20180412" Time="230549">CalculateField 123132131Export_Output Level ADM02 VB #</Process><Process ToolSource="c:\program files (x86)\arcgis\desktop10.3\ArcToolbox\Toolboxes\Data Management Tools.tbx\CalculateField" Date="20180412" Time="230630">CalculateField 123132131Export_Output Level "[Level] = ADM02
" VB #</Process><Process ToolSource="c:\program files (x86)\arcgis\desktop10.3\ArcToolbox\Toolboxes\Data Management Tools.tbx\CalculateField" Date="20180412" Time="230653">CalculateField 123132131Export_Output Level "[Level] = ADM02
" VB #</Process><Process ToolSource="c:\program files (x86)\arcgis\desktop10.3\ArcToolbox\Toolboxes\Data Management Tools.tbx\CalculateField" Date="20180412" Time="231056">CalculateField 123132131Export_Output Level_1 ADM02
 VB #</Process><Process ToolSource="c:\program files (x86)\arcgis\desktop10.3\ArcToolbox\Toolboxes\Data Management Tools.tbx\CalculateField" Date="20180412" Time="231120">CalculateField 123132131Export_Output Level_1 "[Level_1] = ADM02
" VB #</Process><Process ToolSource="c:\program files (x86)\arcgis\desktop10.3\ArcToolbox\Toolboxes\Data Management Tools.tbx\CalculateField" Date="20180412" Time="231257">CalculateField 123132131Export_Output Level_1 "ADM02"
 VB #</Process><Process ToolSource="c:\program files (x86)\arcgis\desktop10.3\ArcToolbox\Toolboxes\Data Management Tools.tbx\CalculateField" Date="20180412" Time="231709">CalculateField 123132131Export_Output Name_1 "[Name] 
" VB #</Process><Process ToolSource="c:\program files (x86)\arcgis\desktop10.3\ArcToolbox\Toolboxes\Data Management Tools.tbx\CalculateField" Date="20180413" Time="190028">CalculateField HRV_ADM2 Level "ADM2" VB #</Process><Process ToolSource="c:\program files (x86)\arcgis\desktop10.3\ArcToolbox\Toolboxes\Data Management Tools.tbx\CalculateField" Date="20180413" Time="190119">CalculateField HRV_ADM2 Name [Name_1] VB #</Process></lineage><itemProps><itemLocation><linkage Sync="TRUE">file://\\L02DI1308623\C$\Temp\1local_updates_from_JR\ADMIN-UNITS\COMM_2013\COMM_01M_2013_SH\data\COMM_RG_01M_2013.shp</linkage><protocol Sync="TRUE">Local Area Network</protocol></itemLocation><itemName Sync="TRUE">COMM_RG_01M_2013</itemName><nativeExtBox><westBL Sync="TRUE">-73.248153</westBL><eastBL Sync="TRUE">55.836629</eastBL><southBL Sync="TRUE">-21.387309</southBL><northBL Sync="TRUE">83.659409</northBL><exTypeCode Sync="TRUE">1</exTypeCode></nativeExtBox><imsContentType Sync="TRUE">002</imsContentType><itemSize Sync="TRUE">0.000</itemSize></itemProps><coordRef><type Sync="TRUE">Geographic</type><geogcsn Sync="TRUE">GCS_ETRS_1989</geogcsn><csUnits Sync="TRUE">Angular Unit: Degree (0.017453)</csUnits><peXml Sync="TRUE">&lt;GeographicCoordinateSystem xsi:type='typens:GeographicCoordinateSystem' xmlns:xsi='http://www.w3.org/2001/XMLSchema-instance' xmlns:xs='http://www.w3.org/2001/XMLSchema' xmlns:typens='http://www.esri.com/schemas/ArcGIS/10.0'&gt;&lt;WKT&gt;GEOGCS[&amp;quot;GCS_ETRS_1989&amp;quot;,DATUM[&amp;quot;D_ETRS_1989&amp;quot;,SPHEROID[&amp;quot;GRS_1980&amp;quot;,6378137.0,298.257222101]],PRIMEM[&amp;quot;Greenwich&amp;quot;,0.0],UNIT[&amp;quot;Degree&amp;quot;,0.0174532925199433],AUTHORITY[&amp;quot;EPSG&amp;quot;,4258]]&lt;/WKT&gt;&lt;XOrigin&gt;-399.99999999999989&lt;/XOrigin&gt;&lt;YOrigin&gt;-399.99999999999989&lt;/YOrigin&gt;&lt;XYScale&gt;11258999068426.24&lt;/XYScale&gt;&lt;ZOrigin&gt;-100000&lt;/ZOrigin&gt;&lt;ZScale&gt;10000&lt;/ZScale&gt;&lt;MOrigin&gt;-100000&lt;/MOrigin&gt;&lt;MScale&gt;10000&lt;/MScale&gt;&lt;XYTolerance&gt;8.9831528411952117e-009&lt;/XYTolerance&gt;&lt;ZTolerance&gt;0.001&lt;/ZTolerance&gt;&lt;MTolerance&gt;0.001&lt;/MTolerance&gt;&lt;HighPrecision&gt;true&lt;/HighPrecision&gt;&lt;LeftLongitude&gt;-180&lt;/LeftLongitude&gt;&lt;WKID&gt;4258&lt;/WKID&gt;&lt;/GeographicCoordinateSystem&gt;</peXml></coordRef></DataProperties><SyncDate>20151217</SyncDate><SyncTime>23094200</SyncTime><ModDate>20151217</ModDate><ModTime>23094200</ModTime><ArcGISstyle>GISCO Metadata Editor 2012</ArcGISstyle><ArcGISProfile>INSPIRE</ArcGISProfile><scaleRange><minScale>5000000</minScale><maxScale>50000</maxScale></scaleRange></Esri><eainfo><detailed Name="COMM_RG_01M_2013" xmlns=""><enttyp><enttypl Sync="TRUE">COMM_RG_01M_2013</enttypl><enttypt Sync="TRUE">Feature Class</enttypt><enttypc Sync="TRUE">0</enttypc><enttypd>COMM regions 1:1M version 2013, polygon feature class table</enttypd></enttyp><attr><attrlabl Sync="TRUE">FID</attrlabl><attalias Sync="TRUE">FID</attalias><attrtype Sync="TRUE">OID</attrtype><attwidth Sync="TRUE">4</attwidth><atprecis Sync="TRUE">0</atprecis><attscale Sync="TRUE">0</attscale><attrdef Sync="TRUE">Internal feature number.</attrdef><attrdefs Sync="TRUE">ESRI</attrdefs><attrdomv><udom Sync="TRUE">Sequential unique whole numbers that are automatically generated.</udom></attrdomv></attr><attr xmlns=""><attrlabl Sync="TRUE">Shape</attrlabl><attalias Sync="TRUE">Shape</attalias><attrtype Sync="TRUE">Geometry</attrtype><attwidth Sync="TRUE">0</attwidth><atprecis Sync="TRUE">0</atprecis><attscale Sync="TRUE">0</attscale><attrdef Sync="TRUE">Feature geometry.</attrdef><attrdefs Sync="TRUE">Esri</attrdefs><attrdomv><udom Sync="TRUE">Coordinates defining the features.</udom></attrdomv></attr><attr xmlns=""><attrlabl Sync="TRUE">COMM_ID</attrlabl><attalias Sync="TRUE">COMM_ID</attalias><attrtype Sync="TRUE">String</attrtype><attwidth Sync="TRUE">14</attwidth><atprecis Sync="TRUE">0</atprecis><attscale Sync="TRUE">0</attscale><attrdef>Commune Identifier.
Foreign key to COMM_AT_2013 and COMM_LB_2013
Unique identification of a commune. </attrdef><attrdefs>GISOC</attrdefs></attr><attr><attrlabl Sync="TRUE">Shape_Leng</attrlabl><attalias Sync="TRUE">Shape_Leng</attalias><attrtype Sync="TRUE">Double</attrtype><attwidth Sync="TRUE">19</attwidth><atprecis Sync="TRUE">0</atprecis><attscale Sync="TRUE">0</attscale></attr><attr xmlns=""><attrlabl Sync="TRUE">Shape_Area</attrlabl><attalias Sync="TRUE">Shape_Area</attalias><attrtype Sync="TRUE">Double</attrtype><attwidth Sync="TRUE">19</attwidth><atprecis Sync="TRUE">0</atprecis><attscale Sync="TRUE">0</attscale><attrdef Sync="TRUE">Area of feature in internal units squared.</attrdef><attrdefs Sync="TRUE">Esri</attrdefs><attrdomv><udom Sync="TRUE">Positive real numbers that are automatically generated.</udom></attrdomv></attr></detailed><detailed xmlns=""><enttyp><enttypl>COMM_BN_01M_2013</enttypl></enttyp></detailed><detailed xmlns=""><enttyp><enttypl>COMM_BN_RG_01M_2013</enttypl></enttyp></detailed><detailed xmlns=""><enttyp><enttypl>COMM_AT_2013</enttypl></enttyp></detailed></eainfo><mdFileID>234db4ac-eab3-4e19-bd65-d3f2198bc104</mdFileID><mdLang><languageCode value="eng"/><countryCode value="GBR" Sync="TRUE"/></mdLang><mdChar><CharSetCd value="004"/></mdChar><mdHrLvName Sync="TRUE">dataset</mdHrLvName><mdContact xmlns=""><rpOrgName>European Commission, Eurostat (ESTAT), GISCO</rpOrgName><rpCntInfo><cntAddress addressType=""><eMailAdd>estat-gisco@ec.europa.eu</eMailAdd></cntAddress></rpCntInfo><role><RoleCd value="007"/></role></mdContact><mdDateSt Sync="TRUE">20151217</mdDateSt><mdStanName>ArcGIS Metadata</mdStanName><mdStanVer>1.0</mdStanVer><distInfo><distFormat><formatName Sync="TRUE">Shapefile</formatName></distFormat><distTranOps><transSize Sync="TRUE">0.000</transSize></distTranOps></distInfo><dataIdInfo><idCitation><resTitle Sync="TRUE">COMM_RG_01M_2013</resTitle><date><createDate>2015-11-01T00:00:00</createDate></date><presForm><PresFormCd value="005"/></presForm></idCitation><idAbs>&lt;DIV STYLE="text-align:Left;"&gt;&lt;DIV&gt;&lt;P&gt;&lt;SPAN&gt;This data set shows pan European administrative boundaries down to commune level version 2013. Communes are equivalent to Local Administrative Units, level 2 (LAU2), for Greece (EL) the LAU geometry is subjec to change. The Nomenclature of Territorial Units for Statistics (NUTS) and the LAU nomenclature are hierarchical classifications of statistical regions that together subdivide the EU economic territory into regions of five different levels (NUTS 1, 2 and 3 and LAU 1, 2, respectively, moving from larger to smaller territorial units). The NUTS classification has been officially established through Regulation (EC) No 1059/2003 of the European Parliament and of the Council and amendments. A non official NUTS-like classification has been defined for the non-EU countries. The LAU classification is not covered by any legislative act. An introduction to the NUTS classification is available here: &lt;/SPAN&gt;&lt;SPAN&gt;http://ec.europa.eu/eurostat/web/nuts/overview&lt;/SPAN&gt;&lt;SPAN&gt;. &lt;/SPAN&gt;&lt;SPAN&gt;The data set is based on EuroBoundaryMap v. 8.xfrom Eurogeographics. Geographical extent covers the European Union 28, EFTA countries, Croatia, Serbia (including Kosovo UNSCR 1244)&lt;/SPAN&gt;&lt;/P&gt;&lt;/DIV&gt;&lt;/DIV&gt;</idAbs><idPoC><rpOrgName>European Commission, Eurostat (ESTAT), GISCO</rpOrgName><rpCntInfo><cntAddress><eMailAdd>estat-gisco@ec.europa.eu</eMailAdd></cntAddress></rpCntInfo><role><RoleCd value="002"/></role></idPoC><resConst><LegConsts><accessConsts><RestrictCd value="008"/></accessConsts><othConsts>(e) intellectual property rights</othConsts></LegConsts></resConst><resConst><Consts><useLimit>geossAttribution</useLimit></Consts></resConst><spatRpType><SpatRepTypCd value="001"/></spatRpType><dataScale xmlns=""><scaleDist><value uom="m"/></scaleDist><equScale><rfDenom>1000000</rfDenom></equScale></dataScale><dataLang><languageCode value="eng"/><countryCode value="GBR" Sync="TRUE"/></dataLang><dataChar><CharSetCd value="004"/></dataChar><envirDesc Sync="TRUE">Microsoft Windows 7 Version 6.1 (Build 7601) Service Pack 1; ESRI ArcGIS 10.0.5.4400</envirDesc><dataExt><geoEle><GeoBndBox><exTypeCode>true</exTypeCode><westBL>-73.248153</westBL><eastBL>55.836629</eastBL><southBL>-21.387309</southBL><northBL>83.659409</northBL></GeoBndBox></geoEle><tempEle><TempExtent><exTemp><TM_Period gmlID="ID0E6YAE"><tmEnd date="unknown"/></TM_Period></exTemp></TempExtent></tempEle></dataExt><dataExt><geoEle><GeoBndBox esriExtentType="search"><exTypeCode Sync="TRUE">1</exTypeCode><westBL Sync="TRUE">-73.248153</westBL><eastBL Sync="TRUE">55.836629</eastBL><northBL Sync="TRUE">83.659409</northBL><southBL Sync="TRUE">-21.387309</southBL></GeoBndBox></geoEle></dataExt></dataIdInfo><dqInfo><dataLineage><statement>The dataset is based on the geometry from EuroBoundary Map v80.x(source EuroGeographics). This dataset was integrated in a common repository of geometry (including country and EEZ boundaries) of which the different datasets were derived. The different scale levels were derived of generalisations of the common repository on 100K scale. This means that within each scale level the feature classes of all these datasets: COMM_2013, NUTS_2013, CNTR_2013, EEZ_2013 and COAS_2013, are fully coherent and compliant. Each scale level in the COMM_2010 dataset consists of 2 feature classes (regions and boundaries) The boundaries and regions are related to each other through a relationship table. In addition to the region and boundary feature classes there is also 1 label feature class which is scale independent. For each Commune in the region feature class there is exactly 1 label, and is linked to the COMM_AT table which contains LAU names in several formats. Data has been generalised to 1:1 million scale for use outside the EC, this data may not be an accurate representation of teh LAu geometry and shoudl be used primarily for cartographic purposes.</statement></dataLineage></dqInfo><spatRepInfo><VectSpatRep><geometObjs Name="COMM_RG_01M_2013"><geoObjTyp><GeoObjTypCd value="002" Sync="TRUE"></GeoObjTypCd></geoObjTyp><geoObjCnt Sync="TRUE">0</geoObjCnt></geometObjs><topLvl><TopoLevCd value="001" Sync="TRUE"></TopoLevCd></topLvl></VectSpatRep></spatRepInfo><refSysInfo><RefSystem><refSysID><idCodeSpace Sync="TRUE">EPSG</idCodeSpace><idVersion Sync="TRUE">7.4.1</idVersion><identCode code="4258" Sync="TRUE" value="4258"></identCode></refSysID></RefSystem></refSysInfo><mdHrLv><ScopeCd value="005" Sync="TRUE"/></mdHrLv><spdoinfo><ptvctinf><esriterm><efeatyp Sync="TRUE">Simple</efeatyp><efeageom code="4" Sync="TRUE"></efeageom><esritopo Sync="TRUE">FALSE</esritopo><efeacnt Sync="TRUE">0</efeacnt><spindex Sync="TRUE">FALSE</spindex><linrefer Sync="TRUE">FALSE</linrefer></esriterm></ptvctinf></spdoinfo></metadata>
