{"boundaryID": "CIV-ADM1-37579659", "boundaryISO": "CIV", "boundaryType": "ADM1", "boundaryYear": "04-07-2012 to 27-09-2021", "boundarySource-1": "From SALB Data, United Nations", "boundarySource-2": "Centre d'Information G\u00e9ographique et du Num\u00e9rique (BNETD), C\u00f4te d'Ivoire", "boundaryCanonical": "Districts", "boundaryLicense": "UN SALB Data License", "licenseDetail": "", "licenseSource": "https//www.unsalb.org/sites/default/files/wysiwyg_uploads/docs_uploads/SALB_DataSpecifications_v2.0_20210601.pdf", "boundarySourceURL": "https//www.unsalb.org/data/CIV", "downloadURL": "https://github.com/wmgeolab/geoBoundaries/raw/main/releaseData/gbAuthoritative/CIV_ADM1.zip", "sourceDataUpdateDate": "Feb 07, 2022", "buildUpdateDate": "Mar 10, 2022"}