{"boundaryID": "ESP-ADM1-59660469", "boundaryISO": "ESP", "boundaryType": "ADM1", "boundaryYear": "2017.0", "boundarySource-1": "Instituto de Geografico Nacional", "boundarySource-2": "nan", "boundaryCanonical": "Comunidad Aut\u00f3noma", "boundaryLicense": "Creative Commons Attribution 4.0 International (CC BY 4.0)", "licenseDetail": "CC-BY 4.0", "licenseSource": "http//centrodedescargas.cnig.es/CentroDescargas/index.jsp#", "boundarySourceURL": "http//centrodedescargas.cnig.es/CentroDescargas/index.jsp", "downloadURL": "https://github.com/wmgeolab/geoBoundaries/raw/main/releaseData/gbAuthoritative/ESP_ADM1.zip", "sourceDataUpdateDate": "Jul 29, 2021", "buildUpdateDate": "Aug 25, 2021"}