{"boundaryID": "KHM-ADM0-94605694", "boundaryISO": "KHM", "boundaryType": "ADM0", "boundaryYear": "2017", "boundarySource-1": "OpenStreetMap", "boundarySource-2": "Wambacher", "boundaryCanonical": "Kampuchea", "boundaryLicense": "Open Data Commons Open Database License 1.0", "licenseDetail": "Open Data Commons Open Database License 1.0", "licenseSource": "https//www.openstreetmap.org/copyright", "boundarySourceURL": "https//osm-boundaries.com/", "downloadURL": "https://github.com/wmgeolab/geoBoundaries/raw/main/releaseData/gbOpen/KHM_ADM0.zip", "sourceDataUpdateDate": "Oct 25, 2020", "buildUpdateDate": "Jun 11, 2021"}