<?xml version="1.0" encoding="UTF-8"?>
<metadata xml:lang="en"><Esri><CreaDate>20171026</CreaDate><CreaTime>10493600</CreaTime><ArcGISFormat>1.0</ArcGISFormat><SyncOnce>FALSE</SyncOnce><DataProperties><lineage><Process ToolSource="c:\program files (x86)\arcgis\desktop10.4\ArcToolbox\Toolboxes\Data Management Tools.tbx\CalculateField" Date="20160628" Time="171412">CalculateField Census2012_Projected2022 PPROJ_13 round( [PPROJ_13] , 0) VB #</Process><Process ToolSource="c:\program files (x86)\arcgis\desktop10.4\ArcToolbox\Toolboxes\Data Management Tools.tbx\CalculateField" Date="20160628" Time="171457">CalculateField Census2012_Projected2022 PPROJ_14 round( [PPROJ_14] , 0) VB #</Process><Process ToolSource="c:\program files (x86)\arcgis\desktop10.4\ArcToolbox\Toolboxes\Data Management Tools.tbx\CalculateField" Date="20160628" Time="171548">CalculateField Census2012_Projected2022 PPROJ_15 round( [PPROJ_15] , 0) VB #</Process><Process ToolSource="c:\program files (x86)\arcgis\desktop10.4\ArcToolbox\Toolboxes\Data Management Tools.tbx\CalculateField" Date="20160628" Time="171618">CalculateField Census2012_Projected2022 PPROJ_16 round( [PPROJ_16] , 0) VB #</Process><Process ToolSource="c:\program files (x86)\arcgis\desktop10.4\ArcToolbox\Toolboxes\Data Management Tools.tbx\CalculateField" Date="20160628" Time="171652">CalculateField Census2012_Projected2022 PPROJ_17 round( [PPROJ_17] , 0) VB #</Process><Process ToolSource="c:\program files (x86)\arcgis\desktop10.4\ArcToolbox\Toolboxes\Data Management Tools.tbx\CalculateField" Date="20160628" Time="171725">CalculateField Census2012_Projected2022 PPROJ_18 round( [PPROJ_18] , 0) VB #</Process><Process ToolSource="c:\program files (x86)\arcgis\desktop10.4\ArcToolbox\Toolboxes\Data Management Tools.tbx\CalculateField" Date="20160628" Time="171754">CalculateField Census2012_Projected2022 PPROJ_19 round( [PPROJ_19] , 0) VB #</Process><Process ToolSource="c:\program files (x86)\arcgis\desktop10.4\ArcToolbox\Toolboxes\Data Management Tools.tbx\CalculateField" Date="20160628" Time="171825">CalculateField Census2012_Projected2022 PPROJ_20 round( [PPROJ_20] , 0) VB #</Process><Process ToolSource="c:\program files (x86)\arcgis\desktop10.4\ArcToolbox\Toolboxes\Data Management Tools.tbx\CalculateField" Date="20160628" Time="171854">CalculateField Census2012_Projected2022 PPROJ_21 round( [PPROJ_21] , 0) VB #</Process><Process ToolSource="c:\program files (x86)\arcgis\desktop10.4\ArcToolbox\Toolboxes\Data Management Tools.tbx\CalculateField" Date="20160628" Time="171924">CalculateField Census2012_Projected2022 PPROJ_22 round( [PPROJ_22] , 0) VB #</Process><Process Name="Add Field" ToolSource="c:\program files (x86)\arcgis\desktop10.4\ArcToolbox\Toolboxes\Data Management Tools.tbx\AddField" Date="20160628" Time="172222">AddField "G:\09_Working_Folder\Sri Lanka\Census2012_Projected2022.shp" NOTES_ TEXT # # 250 # NULLABLE NON_REQUIRED #</Process><Process Name="Add Field (2)" ToolSource="c:\program files (x86)\arcgis\desktop10.4\ArcToolbox\Toolboxes\Data Management Tools.tbx\AddField" Date="20160628" Time="172223">AddField "G:\09_Working_Folder\Sri Lanka\Census2012_Projected2022.shp" REPORT_ TEXT # # 250 # NULLABLE NON_REQUIRED #</Process><Process Name="Add Field (3)" ToolSource="c:\program files (x86)\arcgis\desktop10.4\ArcToolbox\Toolboxes\Data Management Tools.tbx\AddField" Date="20160628" Time="172224">AddField "G:\09_Working_Folder\Sri Lanka\Census2012_Projected2022.shp" HYPERLINK_ TEXT # # 250 # NULLABLE NON_REQUIRED #</Process><Process Name="Add Field (4)" ToolSource="c:\program files (x86)\arcgis\desktop10.4\ArcToolbox\Toolboxes\Data Management Tools.tbx\AddField" Date="20160628" Time="172225">AddField "G:\09_Working_Folder\Sri Lanka\Census2012_Projected2022.shp" SOURCE_ TEXT # # 250 # NULLABLE NON_REQUIRED #</Process><Process Name="Add Field (6)" ToolSource="c:\program files (x86)\arcgis\desktop10.4\ArcToolbox\Toolboxes\Data Management Tools.tbx\AddField" Date="20160628" Time="172226">AddField "G:\09_Working_Folder\Sri Lanka\Census2012_Projected2022.shp" CreateDATE DATE # # 250 # NULLABLE NON_REQUIRED #</Process><Process Name="Add Field (7)" ToolSource="c:\program files (x86)\arcgis\desktop10.4\ArcToolbox\Toolboxes\Data Management Tools.tbx\AddField" Date="20160628" Time="172227">AddField "G:\09_Working_Folder\Sri Lanka\Census2012_Projected2022.shp" CreateBY TEXT # # 250 # NULLABLE NON_REQUIRED #</Process><Process Name="Add Field (8)" ToolSource="c:\program files (x86)\arcgis\desktop10.4\ArcToolbox\Toolboxes\Data Management Tools.tbx\AddField" Date="20160628" Time="172228">AddField "G:\09_Working_Folder\Sri Lanka\Census2012_Projected2022.shp" EditDATE DATE # # 250 # NULLABLE NON_REQUIRED #</Process><Process Name="Add Field (9)" ToolSource="c:\program files (x86)\arcgis\desktop10.4\ArcToolbox\Toolboxes\Data Management Tools.tbx\AddField" Date="20160628" Time="172229">AddField "G:\09_Working_Folder\Sri Lanka\Census2012_Projected2022.shp" EditBY TEXT # # 250 # NULLABLE NON_REQUIRED #</Process><Process Name="Add Field (5)" ToolSource="c:\program files (x86)\arcgis\desktop10.4\ArcToolbox\Toolboxes\Data Management Tools.tbx\AddField" Date="20160628" Time="172230">AddField "G:\09_Working_Folder\Sri Lanka\Census2012_Projected2022.shp" CONTACT_ TEXT # # 250 # NULLABLE NON_REQUIRED #</Process><Process ToolSource="c:\program files (x86)\arcgis\desktop10.4\ArcToolbox\Toolboxes\Data Management Tools.tbx\CalculateField" Date="20160628" Time="172411">CalculateField Census2012_Projected2022 NOTES_ ""2012 Census data. TOT_POP are the population figures from the 2012 Census. PPROJ_XX are the projections based on the district growth rate provided by the census." " VB #</Process><Process ToolSource="c:\program files (x86)\arcgis\desktop10.4\ArcToolbox\Toolboxes\Data Management Tools.tbx\CalculateField" Date="20160628" Time="172442">CalculateField Census2012_Projected2022 REPORT_ "http://www.statistics.gov.lk/pophousat/cph2011/pages/activities/reports/cph_2012_5per_rpt.pdf" VB #</Process><Process ToolSource="c:\program files (x86)\arcgis\desktop10.4\ArcToolbox\Toolboxes\Data Management Tools.tbx\CalculateField" Date="20160628" Time="172535">CalculateField Census2012_Projected2022 NOTES_ "2012 Census data. TOT_POP are the population figures from the 2012 Census. PPROJ_XX are the projections based on the district growth rate provided by the census. Projected by WFP with support from OCHA and MapAction." VB #</Process><Process ToolSource="c:\program files (x86)\arcgis\desktop10.4\ArcToolbox\Toolboxes\Data Management Tools.tbx\CalculateField" Date="20160628" Time="172910">CalculateField Census2012_Projected2022 HYPERLINK_ "http://www.statistics.gov.lk/PopHouSat/CPH2011/Pages/sm/CPH%202011_R1.pdf" VB #</Process><Process ToolSource="c:\program files (x86)\arcgis\desktop10.4\ArcToolbox\Toolboxes\Data Management Tools.tbx\CalculateField" Date="20160628" Time="172959">CalculateField Census2012_Projected2022 SOURCE_ "DCS LKA" VB #</Process><Process ToolSource="c:\program files (x86)\arcgis\desktop10.4\ArcToolbox\Toolboxes\Data Management Tools.tbx\CalculateField" Date="20160628" Time="173024">CalculateField Census2012_Projected2022 CreateDATE "28/06/2016" VB #</Process><Process ToolSource="c:\program files (x86)\arcgis\desktop10.4\ArcToolbox\Toolboxes\Data Management Tools.tbx\CalculateField" Date="20160628" Time="173040">CalculateField Census2012_Projected2022 CreateBY "A CHONG" VB #</Process><Process ToolSource="c:\program files (x86)\arcgis\desktop10.4\ArcToolbox\Toolboxes\Data Management Tools.tbx\CalculateField" Date="20160628" Time="173059">CalculateField Census2012_Projected2022 CreateBY "WFP/OCHA" VB #</Process><Process ToolSource="c:\program files (x86)\arcgis\desktop10.4\ArcToolbox\Toolboxes\Data Management Tools.tbx\CalculateField" Date="20160628" Time="173156">CalculateField Census2012_Projected2022 CONTACT_ "sanjeewa@un.org" VB #</Process><Process Name="Alter Field" ToolSource="c:\program files (x86)\arcgis\desktop10.4\ArcToolbox\Toolboxes\Data Management Tools.tbx\AlterField" Date="20160628" Time="182016">AlterField Census2012_Projected2022_adm3dsd_wfpocha SUM_TOT_PO TOT_POP TOT_POP DOUBLE 8 NULLABLE false</Process><Process Name="Alter Field (2)" ToolSource="c:\program files (x86)\arcgis\desktop10.4\ArcToolbox\Toolboxes\Data Management Tools.tbx\AlterField" Date="20160628" Time="182018">AlterField Census2012_Projected2022_adm3dsd_wfpocha SUM_PPROJ_ PPROJ_2013 PPROJ_2013 DOUBLE 8 NULLABLE false</Process><Process Name="Alter Field (3)" ToolSource="c:\program files (x86)\arcgis\desktop10.4\ArcToolbox\Toolboxes\Data Management Tools.tbx\AlterField" Date="20160628" Time="182021">AlterField Census2012_Projected2022_adm3dsd_wfpocha SUM_PPROJ1 PPROJ_2014 PPROJ_2014 DOUBLE 8 NULLABLE false</Process><Process Name="Alter Field (4)" ToolSource="c:\program files (x86)\arcgis\desktop10.4\ArcToolbox\Toolboxes\Data Management Tools.tbx\AlterField" Date="20160628" Time="182024">AlterField Census2012_Projected2022_adm3dsd_wfpocha SUM_PPRO_1 PPROJ_2015 PPROJ_2015 DOUBLE 8 NULLABLE false</Process><Process Name="Alter Field (5)" ToolSource="c:\program files (x86)\arcgis\desktop10.4\ArcToolbox\Toolboxes\Data Management Tools.tbx\AlterField" Date="20160628" Time="182026">AlterField Census2012_Projected2022_adm3dsd_wfpocha SUM_PPRO_2 PPROJ_2016 PPROJ_2016 DOUBLE 8 NULLABLE false</Process><Process Name="Alter Field (6)" ToolSource="c:\program files (x86)\arcgis\desktop10.4\ArcToolbox\Toolboxes\Data Management Tools.tbx\AlterField" Date="20160628" Time="182029">AlterField Census2012_Projected2022_adm3dsd_wfpocha SUM_PPRO_3 PPROJ_2017 PPROJ_2017 DOUBLE 8 NULLABLE false</Process><Process Name="Alter Field (7)" ToolSource="c:\program files (x86)\arcgis\desktop10.4\ArcToolbox\Toolboxes\Data Management Tools.tbx\AlterField" Date="20160628" Time="182031">AlterField Census2012_Projected2022_adm3dsd_wfpocha SUM_PPRO_4 PPROJ_2018 PPROJ_2018 DOUBLE 8 NULLABLE false</Process><Process Name="Alter Field (8)" ToolSource="c:\program files (x86)\arcgis\desktop10.4\ArcToolbox\Toolboxes\Data Management Tools.tbx\AlterField" Date="20160628" Time="182034">AlterField Census2012_Projected2022_adm3dsd_wfpocha SUM_PPRO_5 PPROJ_2019 PPROJ_2019 DOUBLE 8 NULLABLE false</Process><Process Name="Alter Field (9)" ToolSource="c:\program files (x86)\arcgis\desktop10.4\ArcToolbox\Toolboxes\Data Management Tools.tbx\AlterField" Date="20160628" Time="182037">AlterField Census2012_Projected2022_adm3dsd_wfpocha SUM_PPRO_6 PPROJ_2020 PPROJ_2020 DOUBLE 8 NULLABLE false</Process><Process Name="Alter Field (10)" ToolSource="c:\program files (x86)\arcgis\desktop10.4\ArcToolbox\Toolboxes\Data Management Tools.tbx\AlterField" Date="20160628" Time="182039">AlterField Census2012_Projected2022_adm3dsd_wfpocha SUM_PPRO_7 PPROJ_2021 PPROJ_2021 DOUBLE 8 NULLABLE false</Process><Process Name="Alter Field (11)" ToolSource="c:\program files (x86)\arcgis\desktop10.4\ArcToolbox\Toolboxes\Data Management Tools.tbx\AlterField" Date="20160628" Time="182042">AlterField Census2012_Projected2022_adm3dsd_wfpocha SUM_PPRO_8 PPROJ_2022 PPROJ_2022 DOUBLE 8 NULLABLE false</Process><Process Name="Add Field" ToolSource="c:\program files (x86)\arcgis\desktop10.4\ArcToolbox\Toolboxes\Data Management Tools.tbx\AddField" Date="20160629" Time="100419">AddField "G:\09_Working_Folder\Sri Lanka\temp.gdb\Census2012_Projected2022_adm3dsd_wfpocha" NOTES_ TEXT # # 250 # NULLABLE NON_REQUIRED #</Process><Process Name="Add Field (2)" ToolSource="c:\program files (x86)\arcgis\desktop10.4\ArcToolbox\Toolboxes\Data Management Tools.tbx\AddField" Date="20160629" Time="100420">AddField "G:\09_Working_Folder\Sri Lanka\temp.gdb\Census2012_Projected2022_adm3dsd_wfpocha" REPORT_ TEXT # # 250 # NULLABLE NON_REQUIRED #</Process><Process Name="Add Field (3)" ToolSource="c:\program files (x86)\arcgis\desktop10.4\ArcToolbox\Toolboxes\Data Management Tools.tbx\AddField" Date="20160629" Time="100421">AddField "G:\09_Working_Folder\Sri Lanka\temp.gdb\Census2012_Projected2022_adm3dsd_wfpocha" HYPERLINK_ TEXT # # 250 # NULLABLE NON_REQUIRED #</Process><Process Name="Add Field (4)" ToolSource="c:\program files (x86)\arcgis\desktop10.4\ArcToolbox\Toolboxes\Data Management Tools.tbx\AddField" Date="20160629" Time="100423">AddField "G:\09_Working_Folder\Sri Lanka\temp.gdb\Census2012_Projected2022_adm3dsd_wfpocha" SOURCE_ TEXT # # 250 # NULLABLE NON_REQUIRED #</Process><Process Name="Add Field (6)" ToolSource="c:\program files (x86)\arcgis\desktop10.4\ArcToolbox\Toolboxes\Data Management Tools.tbx\AddField" Date="20160629" Time="100424">AddField "G:\09_Working_Folder\Sri Lanka\temp.gdb\Census2012_Projected2022_adm3dsd_wfpocha" CreateDATE DATE # # 250 # NULLABLE NON_REQUIRED #</Process><Process Name="Add Field (7)" ToolSource="c:\program files (x86)\arcgis\desktop10.4\ArcToolbox\Toolboxes\Data Management Tools.tbx\AddField" Date="20160629" Time="100426">AddField "G:\09_Working_Folder\Sri Lanka\temp.gdb\Census2012_Projected2022_adm3dsd_wfpocha" CreateBY TEXT # # 250 # NULLABLE NON_REQUIRED #</Process><Process Name="Add Field (8)" ToolSource="c:\program files (x86)\arcgis\desktop10.4\ArcToolbox\Toolboxes\Data Management Tools.tbx\AddField" Date="20160629" Time="100427">AddField "G:\09_Working_Folder\Sri Lanka\temp.gdb\Census2012_Projected2022_adm3dsd_wfpocha" EditDATE DATE # # 250 # NULLABLE NON_REQUIRED #</Process><Process Name="Add Field (9)" ToolSource="c:\program files (x86)\arcgis\desktop10.4\ArcToolbox\Toolboxes\Data Management Tools.tbx\AddField" Date="20160629" Time="100428">AddField "G:\09_Working_Folder\Sri Lanka\temp.gdb\Census2012_Projected2022_adm3dsd_wfpocha" EditBY TEXT # # 250 # NULLABLE NON_REQUIRED #</Process><Process Name="Add Field (5)" ToolSource="c:\program files (x86)\arcgis\desktop10.4\ArcToolbox\Toolboxes\Data Management Tools.tbx\AddField" Date="20160629" Time="100429">AddField "G:\09_Working_Folder\Sri Lanka\temp.gdb\Census2012_Projected2022_adm3dsd_wfpocha" CONTACT_ TEXT # # 250 # NULLABLE NON_REQUIRED #</Process><Process Name="Calculate Field" ToolSource="c:\program files (x86)\arcgis\desktop10.4\ArcToolbox\Toolboxes\Data Management Tools.tbx\CalculateField" Date="20160629" Time="105507">CalculateField Census2012_Projected2022_adm3dsd_wfpocha NOTES_ "This dataset has been projected up from GN level census data provided by the Survey Department of Sri Lanka. Procured and maintained by WFP/OCHA/MA. TOT_POP refers to the population at the time of the census in 2012. PPROJ_XX refers to population projections based on district level growth rate which were provided by the census" VB #</Process><Process Name="Calculate Field (2)" ToolSource="c:\program files (x86)\arcgis\desktop10.4\ArcToolbox\Toolboxes\Data Management Tools.tbx\CalculateField" Date="20160629" Time="105507">CalculateField Census2012_Projected2022_adm3dsd_wfpocha REPORT_ "http://www.statistics.gov.lk/pophousat/cph2011/pages/activities/reports/cph_2012_5per_rpt.pdf" VB #</Process><Process Name="Calculate Field (3)" ToolSource="c:\program files (x86)\arcgis\desktop10.4\ArcToolbox\Toolboxes\Data Management Tools.tbx\CalculateField" Date="20160629" Time="105508">CalculateField Census2012_Projected2022_adm3dsd_wfpocha HYPERLINK_ "http://www.statistics.gov.lk/PopHouSat/CPH2011/Pages/sm/CPH%202011_R1.pdf" VB #</Process><Process Name="Calculate Field (4)" ToolSource="c:\program files (x86)\arcgis\desktop10.4\ArcToolbox\Toolboxes\Data Management Tools.tbx\CalculateField" Date="20160629" Time="105508">CalculateField Census2012_Projected2022_adm3dsd_wfpocha SOURCE_ "DCS LKA, OCHA, WFP" VB #</Process><Process Name="Calculate Field (5)" ToolSource="c:\program files (x86)\arcgis\desktop10.4\ArcToolbox\Toolboxes\Data Management Tools.tbx\CalculateField" Date="20160629" Time="105509">CalculateField Census2012_Projected2022_adm3dsd_wfpocha CONTACT_ "sanjeewa@un.org" VB #</Process><Process Name="Calculate Field (6)" ToolSource="c:\program files (x86)\arcgis\desktop10.4\ArcToolbox\Toolboxes\Data Management Tools.tbx\CalculateField" Date="20160629" Time="105509">CalculateField Census2012_Projected2022_adm3dsd_wfpocha CreateDATE "29/06/2016" VB #</Process><Process Name="Calculate Field (7)" ToolSource="c:\program files (x86)\arcgis\desktop10.4\ArcToolbox\Toolboxes\Data Management Tools.tbx\CalculateField" Date="20160629" Time="105510">CalculateField Census2012_Projected2022_adm3dsd_wfpocha CreateBY "WFP/OCHA/MA" VB #</Process><Process Name="Calculate Field" ToolSource="c:\program files (x86)\arcgis\desktop10.4\ArcToolbox\Toolboxes\Data Management Tools.tbx\CalculateField" Date="20160629" Time="111150">CalculateField Census2012_Projected2022_adm3dsd_wfpocha NOTES_ "Projected upwards from GN level census data provided by the DCS. Projections by WFP/OCHA/MA. TOT_POP = pop at time of census in 2012. PPROJ_XX = population projections up to year XX. Original file name = Census2012_WGS84_LatLong.shp" VB #</Process><Process ToolSource="c:\program files (x86)\arcgis\desktop10.3\ArcToolbox\Toolboxes\Data Management Tools.tbx\CalculateField" Date="20171026" Time="105154">CalculateField LKA_ADM3 Name [DSD_N] VB #</Process><Process ToolSource="c:\program files (x86)\arcgis\desktop10.3\ArcToolbox\Toolboxes\Data Management Tools.tbx\CalculateField" Date="20171026" Time="105215">CalculateField LKA_ADM3 Level "ADM3" VB #</Process></lineage><itemProps><itemName Sync="TRUE">Census2012_Projected2022_adm3dsd_wfpocha</itemName><imsContentType Sync="TRUE">002</imsContentType><itemSize Sync="TRUE">0.000</itemSize><itemLocation><linkage Sync="TRUE">file://\\Wfpbkkgisp01\omb_gis\09_Working_Folder\Sri Lanka\temp.gdb</linkage><protocol Sync="TRUE">Local Area Network</protocol></itemLocation></itemProps><coordRef><type Sync="TRUE">Geographic</type><geogcsn Sync="TRUE">GCS_WGS_1984</geogcsn><csUnits Sync="TRUE">Angular Unit: Degree (0.017453)</csUnits><peXml Sync="TRUE">&lt;GeographicCoordinateSystem xsi:type='typens:GeographicCoordinateSystem' xmlns:xsi='http://www.w3.org/2001/XMLSchema-instance' xmlns:xs='http://www.w3.org/2001/XMLSchema' xmlns:typens='http://www.esri.com/schemas/ArcGIS/10.4'&gt;&lt;WKT&gt;GEOGCS[&amp;quot;GCS_WGS_1984&amp;quot;,DATUM[&amp;quot;D_WGS_1984&amp;quot;,SPHEROID[&amp;quot;WGS_1984&amp;quot;,6378137.0,298.257223563]],PRIMEM[&amp;quot;Greenwich&amp;quot;,0.0],UNIT[&amp;quot;Degree&amp;quot;,0.0174532925199433],AUTHORITY[&amp;quot;EPSG&amp;quot;,4326]]&lt;/WKT&gt;&lt;XOrigin&gt;-400&lt;/XOrigin&gt;&lt;YOrigin&gt;-400&lt;/YOrigin&gt;&lt;XYScale&gt;1111948722.2222221&lt;/XYScale&gt;&lt;ZOrigin&gt;-100000&lt;/ZOrigin&gt;&lt;ZScale&gt;10000&lt;/ZScale&gt;&lt;MOrigin&gt;-100000&lt;/MOrigin&gt;&lt;MScale&gt;10000&lt;/MScale&gt;&lt;XYTolerance&gt;8.983152841195215e-009&lt;/XYTolerance&gt;&lt;ZTolerance&gt;0.001&lt;/ZTolerance&gt;&lt;MTolerance&gt;0.001&lt;/MTolerance&gt;&lt;HighPrecision&gt;true&lt;/HighPrecision&gt;&lt;LeftLongitude&gt;-180&lt;/LeftLongitude&gt;&lt;WKID&gt;4326&lt;/WKID&gt;&lt;LatestWKID&gt;4326&lt;/LatestWKID&gt;&lt;/GeographicCoordinateSystem&gt;</peXml></coordRef></DataProperties><SyncDate>20160628</SyncDate><SyncTime>18183900</SyncTime><ModDate>20160628</ModDate><ModTime>18183900</ModTime></Esri><dataIdInfo><envirDesc Sync="TRUE">Microsoft Windows 7 Version 6.1 (Build 7601) Service Pack 1; Esri ArcGIS 10.4.0.5524</envirDesc><dataLang><languageCode value="eng" Sync="TRUE"></languageCode><countryCode value="USA" Sync="TRUE"></countryCode></dataLang><idCitation><resTitle Sync="TRUE">Census2012_Projected2022_adm3dsd_wfpocha</resTitle><presForm><PresFormCd value="005" Sync="TRUE"></PresFormCd></presForm></idCitation><spatRpType><SpatRepTypCd value="001" Sync="TRUE"></SpatRepTypCd></spatRpType></dataIdInfo><mdLang><languageCode value="eng" Sync="TRUE"></languageCode><countryCode value="USA" Sync="TRUE"></countryCode></mdLang><mdChar><CharSetCd value="004" Sync="TRUE"></CharSetCd></mdChar><distInfo><distFormat><formatName Sync="TRUE">File Geodatabase Feature Class</formatName></distFormat><distTranOps><transSize Sync="TRUE">0.000</transSize></distTranOps></distInfo><mdHrLv><ScopeCd value="005" Sync="TRUE"></ScopeCd></mdHrLv><mdHrLvName Sync="TRUE">dataset</mdHrLvName><refSysInfo><RefSystem><refSysID><identCode code="4326" Sync="TRUE"></identCode><idCodeSpace Sync="TRUE">EPSG</idCodeSpace><idVersion Sync="TRUE">6.14(3.0.1)</idVersion></refSysID></RefSystem></refSysInfo><spatRepInfo><VectSpatRep><geometObjs Name="Census2012_Projected2022_adm3dsd_wfpocha"><geoObjTyp><GeoObjTypCd value="002" Sync="TRUE"></GeoObjTypCd></geoObjTyp><geoObjCnt Sync="TRUE">0</geoObjCnt></geometObjs><topLvl><TopoLevCd value="001" Sync="TRUE"></TopoLevCd></topLvl></VectSpatRep></spatRepInfo><spdoinfo><ptvctinf><esriterm Name="Census2012_Projected2022_adm3dsd_wfpocha"><efeatyp Sync="TRUE">Simple</efeatyp><efeageom code="4" Sync="TRUE"></efeageom><esritopo Sync="TRUE">FALSE</esritopo><efeacnt Sync="TRUE">0</efeacnt><spindex Sync="TRUE">TRUE</spindex><linrefer Sync="TRUE">FALSE</linrefer></esriterm></ptvctinf></spdoinfo><eainfo><detailed Name="Census2012_Projected2022_adm3dsd_wfpocha"><enttyp><enttypl Sync="TRUE">Census2012_Projected2022_adm3dsd_wfpocha</enttypl><enttypt Sync="TRUE">Feature Class</enttypt><enttypc Sync="TRUE">0</enttypc></enttyp><attr><attrlabl Sync="TRUE">OBJECTID</attrlabl><attalias Sync="TRUE">FID</attalias><attrtype Sync="TRUE">OID</attrtype><attwidth Sync="TRUE">4</attwidth><atprecis Sync="TRUE">0</atprecis><attscale Sync="TRUE">0</attscale><attrdef Sync="TRUE">Internal feature number.</attrdef><attrdefs Sync="TRUE">Esri</attrdefs><attrdomv><udom Sync="TRUE">Sequential unique whole numbers that are automatically generated.</udom></attrdomv></attr><attr><attrlabl Sync="TRUE">Shape</attrlabl><attalias Sync="TRUE">Shape</attalias><attrtype Sync="TRUE">Geometry</attrtype><attwidth Sync="TRUE">0</attwidth><atprecis Sync="TRUE">0</atprecis><attscale Sync="TRUE">0</attscale><attrdef Sync="TRUE">Feature geometry.</attrdef><attrdefs Sync="TRUE">Esri</attrdefs><attrdomv><udom Sync="TRUE">Coordinates defining the features.</udom></attrdomv></attr><attr><attrlabl Sync="TRUE">DSD_N</attrlabl><attalias Sync="TRUE">DSD_N</attalias><attrtype Sync="TRUE">String</attrtype><attwidth Sync="TRUE">50</attwidth><atprecis Sync="TRUE">0</atprecis><attscale Sync="TRUE">0</attscale></attr><attr><attrlabl Sync="TRUE">DSD_C</attrlabl><attalias Sync="TRUE">DSD_C</attalias><attrtype Sync="TRUE">String</attrtype><attwidth Sync="TRUE">10</attwidth><atprecis Sync="TRUE">0</atprecis><attscale Sync="TRUE">0</attscale></attr><attr><attrlabl Sync="TRUE">DISTRICT_C</attrlabl><attalias Sync="TRUE">DISTRICT_C</attalias><attrtype Sync="TRUE">String</attrtype><attwidth Sync="TRUE">1</attwidth><atprecis Sync="TRUE">0</atprecis><attscale Sync="TRUE">0</attscale></attr><attr><attrlabl Sync="TRUE">SUM_PPROJ_</attrlabl><attalias Sync="TRUE">SUM_PPROJ_</attalias><attrtype Sync="TRUE">Double</attrtype><attwidth Sync="TRUE">8</attwidth><atprecis Sync="TRUE">0</atprecis><attscale Sync="TRUE">0</attscale></attr><attr><attrlabl Sync="TRUE">SUM_TOT_PO</attrlabl><attalias Sync="TRUE">SUM_TOT_PO</attalias><attrtype Sync="TRUE">Double</attrtype><attwidth Sync="TRUE">8</attwidth><atprecis Sync="TRUE">0</atprecis><attscale Sync="TRUE">0</attscale></attr><attr><attrlabl Sync="TRUE">SUM_PPROJ1</attrlabl><attalias Sync="TRUE">SUM_PPROJ1</attalias><attrtype Sync="TRUE">Double</attrtype><attwidth Sync="TRUE">8</attwidth><atprecis Sync="TRUE">0</atprecis><attscale Sync="TRUE">0</attscale></attr><attr><attrlabl Sync="TRUE">SUM_PPRO_1</attrlabl><attalias Sync="TRUE">SUM_PPRO_1</attalias><attrtype Sync="TRUE">Double</attrtype><attwidth Sync="TRUE">8</attwidth><atprecis Sync="TRUE">0</atprecis><attscale Sync="TRUE">0</attscale></attr><attr><attrlabl Sync="TRUE">SUM_PPRO_2</attrlabl><attalias Sync="TRUE">SUM_PPRO_2</attalias><attrtype Sync="TRUE">Double</attrtype><attwidth Sync="TRUE">8</attwidth><atprecis Sync="TRUE">0</atprecis><attscale Sync="TRUE">0</attscale></attr><attr><attrlabl Sync="TRUE">SUM_PPRO_3</attrlabl><attalias Sync="TRUE">SUM_PPRO_3</attalias><attrtype Sync="TRUE">Double</attrtype><attwidth Sync="TRUE">8</attwidth><atprecis Sync="TRUE">0</atprecis><attscale Sync="TRUE">0</attscale></attr><attr><attrlabl Sync="TRUE">SUM_PPRO_4</attrlabl><attalias Sync="TRUE">SUM_PPRO_4</attalias><attrtype Sync="TRUE">Double</attrtype><attwidth Sync="TRUE">8</attwidth><atprecis Sync="TRUE">0</atprecis><attscale Sync="TRUE">0</attscale></attr><attr><attrlabl Sync="TRUE">SUM_PPRO_5</attrlabl><attalias Sync="TRUE">SUM_PPRO_5</attalias><attrtype Sync="TRUE">Double</attrtype><attwidth Sync="TRUE">8</attwidth><atprecis Sync="TRUE">0</atprecis><attscale Sync="TRUE">0</attscale></attr><attr><attrlabl Sync="TRUE">SUM_PPRO_6</attrlabl><attalias Sync="TRUE">SUM_PPRO_6</attalias><attrtype Sync="TRUE">Double</attrtype><attwidth Sync="TRUE">8</attwidth><atprecis Sync="TRUE">0</atprecis><attscale Sync="TRUE">0</attscale></attr><attr><attrlabl Sync="TRUE">SUM_PPRO_7</attrlabl><attalias Sync="TRUE">SUM_PPRO_7</attalias><attrtype Sync="TRUE">Double</attrtype><attwidth Sync="TRUE">8</attwidth><atprecis Sync="TRUE">0</atprecis><attscale Sync="TRUE">0</attscale></attr><attr><attrlabl Sync="TRUE">SUM_PPRO_8</attrlabl><attalias Sync="TRUE">SUM_PPRO_8</attalias><attrtype Sync="TRUE">Double</attrtype><attwidth Sync="TRUE">8</attwidth><atprecis Sync="TRUE">0</atprecis><attscale Sync="TRUE">0</attscale></attr><attr><attrlabl Sync="TRUE">Shape_Length</attrlabl><attalias Sync="TRUE">Shape_Length</attalias><attrtype Sync="TRUE">Double</attrtype><attwidth Sync="TRUE">8</attwidth><atprecis Sync="TRUE">0</atprecis><attscale Sync="TRUE">0</attscale><attrdef Sync="TRUE">Length of feature in internal units.</attrdef><attrdefs Sync="TRUE">Esri</attrdefs><attrdomv><udom Sync="TRUE">Positive real numbers that are automatically generated.</udom></attrdomv></attr><attr><attrlabl Sync="TRUE">Shape_Area</attrlabl><attalias Sync="TRUE">Shape_Area</attalias><attrtype Sync="TRUE">Double</attrtype><attwidth Sync="TRUE">8</attwidth><atprecis Sync="TRUE">0</atprecis><attscale Sync="TRUE">0</attscale><attrdef Sync="TRUE">Area of feature in internal units squared.</attrdef><attrdefs Sync="TRUE">Esri</attrdefs><attrdomv><udom Sync="TRUE">Positive real numbers that are automatically generated.</udom></attrdomv></attr></detailed></eainfo><mdDateSt Sync="TRUE">20160628</mdDateSt></metadata>
