{"boundaryID": "ZWE-ADM0-41132536", "boundaryISO": "ZWE", "boundaryType": "ADM0", "boundaryYear": "2020", "boundarySource-1": "Humdata", "boundarySource-2": "OCHA ROSEA", "boundaryCanonical": "Country", "boundaryLicense": "Creative Commons Attribution 3.0 Intergovernmental Organisations (CC BY 3.0 IGO)", "licenseDetail": "", "licenseSource": "https//data.humdata.org/dataset/zimbabwe-administrative-levels-0-3-boundaries", "boundarySourceURL": "https//data.humdata.org/dataset/zimbabwe-administrative-levels-0-3-boundaries", "downloadURL": "https://github.com/wmgeolab/geoBoundaries/raw/main/releaseData/gbOpen/ZWE_ADM0.zip", "sourceDataUpdateDate": "Apr 20, 2021", "buildUpdateDate": "Jul 10, 2021"}