{"boundaryID": "TUR-ADM1-70492071", "boundaryISO": "TUR", "boundaryType": "ADM1", "boundaryYear": "2020", "boundarySource-1": "General Command of Mapping", "boundarySource-2": "HDX", "boundaryCanonical": "", "boundaryLicense": "Other - Humanitarian", "licenseDetail": "", "licenseSource": "https//data.humdata.org/dataset/turkey-administrative-boundaries-levels-0-1-2", "boundarySourceURL": "https//data.humdata.org/dataset/turkey-administrative-boundaries-levels-0-1-2", "downloadURL": "https://github.com/wmgeolab/geoBoundaries/raw/main/releaseData/gbHumanitarian/TUR_ADM1.zip", "sourceDataUpdateDate": "Aug 25, 2021", "buildUpdateDate": "Aug 27, 2021"}