{"boundaryID": "COD-ADM1-28894549", "boundaryISO": "COD", "boundaryType": "ADM1", "boundaryYear": "2017", "boundarySource-1": "OpenStreetMap", "boundarySource-2": "Wambacher", "boundaryCanonical": "Provinces", "boundaryLicense": "Open Data Commons Open Database License 1.0", "licenseDetail": "", "licenseSource": "https//www.openstreetmap.org/copyright", "boundarySourceURL": "https//wambachers-osm.website/boundaries/", "downloadURL": "https://github.com/wmgeolab/geoBoundaries/raw/main/releaseData/gbOpen/COD_ADM1.zip", "sourceDataUpdateDate": "Nov 09, 2020", "buildUpdateDate": "Jun 09, 2021"}