<?xml version="1.0" encoding="UTF-8"?>
<metadata xml:lang="en"><Esri><CreaDate>20180125</CreaDate><CreaTime>11013300</CreaTime><ArcGISFormat>1.0</ArcGISFormat><SyncOnce>TRUE</SyncOnce><DataProperties><lineage><Process ToolSource="c:\program files\arcgis\desktop10.2\ArcToolbox\Toolboxes\Data Management Tools.tbx\CalculateField" Date="20150317" Time="153232">CalculateField khm_admbnda_adm2_gov_1 HRName [HRName_1] VB #</Process><Process ToolSource="c:\program files\arcgis\desktop10.2\ArcToolbox\Toolboxes\Data Management Tools.tbx\CalculateField" Date="20150317" Time="153248">CalculateField khm_admbnda_adm2_gov_1 Level [Level_1] VB #</Process><Process ToolSource="c:\program files\arcgis\desktop10.2\ArcToolbox\Toolboxes\Data Management Tools.tbx\CalculateField" Date="20150317" Time="153332">CalculateField khm_admbnda_adm2_gov_1 HRName "Chraoy Chongvar" VB #</Process><Process ToolSource="c:\program files\arcgis\desktop10.2\ArcToolbox\Toolboxes\Data Management Tools.tbx\CalculateField" Date="20150317" Time="153741">CalculateField khm_admbnda_adm2_gov_1 HRName "Praek Pnov" VB #</Process><Process ToolSource="c:\program files\arcgis\desktop10.2\ArcToolbox\Toolboxes\Data Management Tools.tbx\CalculateField" Date="20150317" Time="155157">CalculateField khm_admbnda_adm2_gov_1 HRName "Chbar Ampov" VB #</Process><Process ToolSource="c:\program files\arcgis\desktop10.2\ArcToolbox\Toolboxes\Data Management Tools.tbx\CalculateField" Date="20150317" Time="155209">CalculateField khm_admbnda_adm2_gov_1 Level 2 VB #</Process><Process ToolSource="c:\program files\arcgis\desktop10.2\ArcToolbox\Toolboxes\Data Management Tools.tbx\CalculateField" Date="20150317" Time="155410">CalculateField khm_admbnda_adm2_gov_1 HRParent "KH12" VB #</Process><Process ToolSource="c:\program files\arcgis\desktop10.2\ArcToolbox\Toolboxes\Data Management Tools.tbx\CalculateField" Date="20150324" Time="112000">CalculateField khm_admbnda_adm2_gov DIS_NAME [HRName] VB #</Process><Process ToolSource="c:\program files (x86)\arcgis\desktop10.3\ArcToolbox\Toolboxes\Data Management Tools.tbx\CalculateField" Date="20171019" Time="132702">CalculateField KHM_ADM2 Name [DIS_NAME] VB #</Process><Process ToolSource="c:\program files (x86)\arcgis\desktop10.3\ArcToolbox\Toolboxes\Data Management Tools.tbx\CalculateField" Date="20171019" Time="132718">CalculateField KHM_ADM2 Level "ADM2" VB #</Process></lineage></DataProperties></Esri></metadata>
