{"boundaryID": "GTM-ADM2-64547174", "boundaryISO": "GTM", "boundaryType": "ADM2", "boundaryYear": "2018", "boundarySource-1": "Coordinadora Nacional Para La Reducci\u00f3n De Desastres", "boundarySource-2": "HDX", "boundaryCanonical": "", "boundaryLicense": "Creative Commons Attribution 3.0 Intergovernmental Organisations (CC BY 3.0 IGO)", "licenseDetail": "", "licenseSource": "https//data.humdata.org/dataset/guatemala-administrative-level-0-national-1-departments-and-2-municipalities", "boundarySourceURL": "https//data.humdata.org/dataset/guatemala-administrative-level-0-national-1-departments-and-2-municipalities", "downloadURL": "https://github.com/wmgeolab/geoBoundaries/raw/main/releaseData/gbHumanitarian/GTM_ADM2.zip", "sourceDataUpdateDate": "Aug 25, 2021", "buildUpdateDate": "Aug 26, 2021"}