{"boundaryID": "NGA-ADM1-2878026", "boundaryISO": "NGA", "boundaryType": "ADM1", "boundaryYear": "2020", "boundarySource-1": "GRID3 Data Hub", "boundarySource-2": "", "boundaryCanonical": "States", "boundaryLicense": "Creative Commons Attribution 4.0 International (CC BY 4.0)", "licenseDetail": "", "licenseSource": "https//creativecommons.org/licenses/by/4.0/", "boundarySourceURL": "https//data.grid3.org/datasets/grid3-nigeria-state-boundaries?geometry=-8.003%2C5.297%2C25.374%2C12.885", "downloadURL": "https://github.com/wmgeolab/geoBoundaries/raw/main/releaseData/gbOpen/NGA_ADM1.zip", "sourceDataUpdateDate": "Apr 12, 2021", "buildUpdateDate": "Aug 27, 2021"}