<?xml version="1.0" encoding="UTF-8"?>
<metadata xml:lang="en"><Esri><CreaDate>20220916</CreaDate><CreaTime>14272000</CreaTime><ArcGISFormat>1.0</ArcGISFormat><SyncOnce>TRUE</SyncOnce><DataProperties><lineage><Process ToolSource="c:\program files\arcgis\pro\Resources\ArcToolbox\toolboxes\Data Management Tools.tbx\CreateFeatureclass" Date="20220916" Time="142720">CreateFeatureclass C:\Users\sbansal\Documents\ArcGIS\Projects\NIC_ADM0 NIC_ADM0 Polygon # No No # # 0 0 0 #</Process></lineage></DataProperties></Esri></metadata>
