<PAMDataset>
  <Metadata domain="IMAGE_STRUCTURE">
    <MDI key="INTERLEAVE">PIXEL</MDI>
  </Metadata>
  <Metadata domain="xml:ESRI" format="xml">
    <GeodataXform xsi:type="typens:PolynomialXform" xmlns:xsi="http://www.w3.org/2001/XMLSchema-instance" xmlns:xs="http://www.w3.org/2001/XMLSchema" xmlns:typens="http://www.esri.com/schemas/ArcGIS/2.7.0">
      <PolynomialOrder>1</PolynomialOrder>
      <SpatialReference xsi:type="typens:ProjectedCoordinateSystem">
        <WKT>PROJCS["WGS_1984_Web_Mercator_Auxiliary_Sphere",GEOGCS["GCS_WGS_1984",DATUM["D_WGS_1984",SPHEROID["WGS_1984",6378137.0,298.257223563]],PRIMEM["Greenwich",0.0],UNIT["Degree",0.0174532925199433]],PROJECTION["Mercator_Auxiliary_Sphere"],PARAMETER["False_Easting",0.0],PARAMETER["False_Northing",0.0],PARAMETER["Central_Meridian",0.0],PARAMETER["Standard_Parallel_1",0.0],PARAMETER["Auxiliary_Sphere_Type",0.0],UNIT["Meter",1.0],AUTHORITY["EPSG",3857]]</WKT>
        <XOrigin>-20037700</XOrigin>
        <YOrigin>-30241100</YOrigin>
        <XYScale>148923141.92838538</XYScale>
        <ZOrigin>-100000</ZOrigin>
        <ZScale>10000</ZScale>
        <MOrigin>-100000</MOrigin>
        <MScale>10000</MScale>
        <XYTolerance>0.001</XYTolerance>
        <ZTolerance>0.001</ZTolerance>
        <MTolerance>0.001</MTolerance>
        <HighPrecision>true</HighPrecision>
        <WKID>102100</WKID>
        <LatestWKID>3857</LatestWKID>
      </SpatialReference>
      <CoeffX xsi:type="typens:ArrayOfDouble">
        <Double>3905829.7990389722</Double>
        <Double>373.28553458747001</Double>
        <Double>-0.52092335666532397</Double>
      </CoeffX>
      <CoeffY xsi:type="typens:ArrayOfDouble">
        <Double>4123806.974917504</Double>
        <Double>0.52092335666532397</Double>
        <Double>373.28553458747001</Double>
      </CoeffY>
      <InverseCoeffX xsi:type="typens:ArrayOfDouble">
        <Double>-10478.779993168015</Double>
        <Double>0.0026789091992629791</Double>
        <Double>3.7384421387343469e-06</Double>
      </InverseCoeffX>
      <InverseCoeffY xsi:type="typens:ArrayOfDouble">
        <Double>-11032.702722383889</Double>
        <Double>-3.7384421387341085e-06</Double>
        <Double>0.0026789091992629791</Double>
      </InverseCoeffY>
      <Name />
    </GeodataXform>
  </Metadata>
</PAMDataset>
