{"boundaryID": "COG-ADM1-67827341", "boundaryISO": "COG", "boundaryType": "ADM1", "boundaryYear": "2017", "boundarySource-1": "OpenStreetMap", "boundarySource-2": "Wambacher", "boundaryCanonical": "D\u00e9partements", "boundaryLicense": "Open Data Commons Open Database License 1.0", "licenseDetail": "Open Data Commons Open Database License 1.0", "licenseSource": "https//www.openstreetmap.org/copyright", "boundarySourceURL": "https//wambachers-osm.website/boundaries/", "downloadURL": "https://github.com/wmgeolab/geoBoundaries/raw/main/releaseData/gbOpen/COG_ADM1.zip", "sourceDataUpdateDate": "Jan 14, 2021", "buildUpdateDate": "Jul 01, 2021"}