<PAMDataset>
  <Metadata>
    <MDI key="Software">Macromedia Fireworks MX 2004</MDI>
  </Metadata>
  <Metadata domain="Esri">
    <MDI key="PyramidResamplingType">AVERAGE_BIT2GRAYSCALE</MDI>
  </Metadata>
  <Metadata domain="IMAGE_STRUCTURE">
    <MDI key="MINISWHITE">YES</MDI>
  </Metadata>
  <Metadata domain="xml:ESRI" format="xml">
    <GeodataXform xsi:type="typens:SplineXform" xmlns:xsi="http://www.w3.org/2001/XMLSchema-instance" xmlns:xs="http://www.w3.org/2001/XMLSchema" xmlns:typens="http://www.esri.com/schemas/ArcGIS/3.0.0">
      <SpatialReference xsi:type="typens:ProjectedCoordinateSystem">
        <WKT>PROJCS["WGS_1984_Web_Mercator_Auxiliary_Sphere",GEOGCS["GCS_WGS_1984",DATUM["D_WGS_1984",SPHEROID["WGS_1984",6378137.0,298.257223563]],PRIMEM["Greenwich",0.0],UNIT["Degree",0.0174532925199433]],PROJECTION["Mercator_Auxiliary_Sphere"],PARAMETER["False_Easting",0.0],PARAMETER["False_Northing",0.0],PARAMETER["Central_Meridian",0.0],PARAMETER["Standard_Parallel_1",0.0],PARAMETER["Auxiliary_Sphere_Type",0.0],UNIT["Meter",1.0],AUTHORITY["EPSG",3857]]</WKT>
        <XOrigin>-20037700</XOrigin>
        <YOrigin>-30241100</YOrigin>
        <XYScale>148923141.92838538</XYScale>
        <ZOrigin>-100000</ZOrigin>
        <ZScale>10000</ZScale>
        <MOrigin>-100000</MOrigin>
        <MScale>10000</MScale>
        <XYTolerance>0.001</XYTolerance>
        <ZTolerance>0.001</ZTolerance>
        <MTolerance>0.001</MTolerance>
        <HighPrecision>true</HighPrecision>
        <WKID>102100</WKID>
        <LatestWKID>3857</LatestWKID>
      </SpatialReference>
      <SourceGCPs xsi:type="typens:ArrayOfDouble">
        <Double>1300.3948855965536</Double>
        <Double>-1288.2950615772177</Double>
        <Double>1450.1180295721144</Double>
        <Double>-1208.5974847756404</Double>
        <Double>1110.0600491266323</Double>
        <Double>-735.19487501335971</Double>
        <Double>769.34406113025432</Double>
        <Double>-274.2555322751723</Double>
        <Double>40.914967016741343</Double>
        <Double>-324.14499787852401</Double>
        <Double>1248.0798231252779</Double>
        <Double>-1092.0835806701652</Double>
        <Double>1222.3489258594691</Double>
        <Double>-1174.8770836068143</Double>
        <Double>1391.7746533310285</Double>
        <Double>-1024.7808626327169</Double>
        <Double>1449.0911408878719</Double>
        <Double>-1052.0884334343864</Double>
        <Double>1305.6192325227148</Double>
        <Double>-983.63398846279597</Double>
        <Double>1402.0733657858214</Double>
        <Double>-1789.6315722316067</Double>
        <Double>1661.4841629370603</Double>
        <Double>-2015.9417194244743</Double>
        <Double>1863.6092256958711</Double>
        <Double>-1950.6162484057422</Double>
        <Double>1961.6722832039861</Double>
        <Double>-1746.1534228342935</Double>
        <Double>1427.0970435064394</Double>
        <Double>-1574.8102489801968</Double>
        <Double>766.19675647060285</Double>
        <Double>-821.79644527495839</Double>
        <Double>952.68201574721638</Double>
        <Double>-796.76967198956117</Double>
        <Double>1108.0134261058527</Double>
        <Double>-906.51145236229058</Double>
        <Double>1334.4057234853517</Double>
        <Double>-1211.8294564238604</Double>
        <Double>262.7683963736049</Double>
        <Double>-558.52909671480302</Double>
        <Double>161.96472632337384</Double>
        <Double>-69.448235458752606</Double>
      </SourceGCPs>
      <TargetGCPs xsi:type="typens:ArrayOfDouble">
        <Double>-6974367.7869528076</Double>
        <Double>1945834.2461250026</Double>
        <Double>-6971595.7297198391</Double>
        <Double>1947212.15779373</Double>
        <Double>-6977974.0289558526</Double>
        <Double>1955989.4857906743</Double>
        <Double>-6984252.3566558966</Double>
        <Double>1964706.3122816992</Double>
        <Double>-6998043.5308791576</Double>
        <Double>1963943.7052046992</Double>
        <Double>-6975269.0354364179</Double>
        <Double>1949430.5463441322</Double>
        <Double>-6975771.1748873629</Double>
        <Double>1947789.8607445464</Double>
        <Double>-6972552.5408688132</Double>
        <Double>1950595.4711493587</Double>
        <Double>-6971446.2276177052</Double>
        <Double>1949987.7364034166</Double>
        <Double>-6974296.090552561</Double>
        <Double>1951418.5682081836</Double>
        <Double>-6972337.5934234029</Double>
        <Double>1936321.8867281391</Double>
        <Double>-6967699.5134072891</Double>
        <Double>1931979.9068440453</Double>
        <Double>-6963684.1494623935</Double>
        <Double>1933227.090649128</Double>
        <Double>-6961979.1363568939</Double>
        <Double>1937074.8481364825</Double>
        <Double>-6971804.6039664969</Double>
        <Double>1940326.5102152259</Double>
        <Double>-6984362.9879810354</Double>
        <Double>1954583.5460340667</Double>
        <Double>-6980762.860276388</Double>
        <Double>1954901.6110937602</Double>
        <Double>-6977771.2048598509</Double>
        <Double>1952914.8568803126</Double>
        <Double>-6973741.4588426929</Double>
        <Double>1947252.9300466832</Double>
        <Double>-6993844.4981912402</Double>
        <Double>1959451.9955023192</Double>
        <Double>-6995664.162226663</Double>
        <Double>1968659.3539134632</Double>
      </TargetGCPs>
    </GeodataXform>
  </Metadata>
  <PAMRasterBand band="1">
    <Histograms>
      <HistItem>
        <HistMin>-0.5</HistMin>
        <HistMax>1.5</HistMax>
        <BucketCount>2</BucketCount>
        <IncludeOutOfRange>1</IncludeOutOfRange>
        <Approximate>0</Approximate>
        <HistCounts>0|78605</HistCounts>
      </HistItem>
    </Histograms>
    <Metadata domain="IMAGE_STRUCTURE">
      <MDI key="NBITS">1</MDI>
    </Metadata>
    <Metadata>
      <MDI key="STATISTICS_COVARIANCES">0</MDI>
      <MDI key="STATISTICS_MAXIMUM">1</MDI>
      <MDI key="STATISTICS_MEAN">1</MDI>
      <MDI key="STATISTICS_MEDIAN">1.000000</MDI>
      <MDI key="STATISTICS_MINIMUM">1</MDI>
      <MDI key="STATISTICS_SKIPFACTORX">1</MDI>
      <MDI key="STATISTICS_SKIPFACTORY">1</MDI>
      <MDI key="STATISTICS_STDDEV">0</MDI>
    </Metadata>
  </PAMRasterBand>
</PAMDataset>
