<?xml version="1.0"?>
<!--<!DOCTYPE metadata SYSTEM "http://www.esri.com/metadata/esriprof80.dtd">-->
<metadata xml:lang="fr"><Esri><CreaDate>20171009</CreaDate><CreaTime>21094300</CreaTime><SyncOnce>FALSE</SyncOnce><SyncDate>20171009</SyncDate><SyncTime>22171600</SyncTime><ModDate>20171009</ModDate><ModTime>22171600</ModTime><DataProperties><lineage><Process ToolSource="C:\Program Files\ArcGIS\ArcToolbox\Toolboxes\Data Management Tools.tbx\CopyFeatures" Date="20110810" Time="135938">CopyFeatures D:\GIS\03_Burkina\02_Base_map\01_Admin\bfa_adm_1m_salb.shp D:\GIS\03_Burkina\BFA.gdb\bfa_adm_1m_salb # 0 0 0</Process><Process ToolSource="C:\Program Files\ArcGIS\ArcToolbox\Toolboxes\Data Management Tools.tbx\DefineProjection" Date="20110812" Time="123356">DefineProjection bfa_adm_1m_salb GEOGCS['GCS_WGS_1984',DATUM['D_WGS_1984',SPHEROID['WGS_1984',6378137.0,298.257223563]],PRIMEM['Greenwich',0.0],UNIT['Degree',0.0174532925199433]] bfa_adm_1m_salb</Process><Process ToolSource="C:\Program Files\ArcGIS\ArcToolbox\Toolboxes\Conversion Tools.tbx\FeatureClassToFeatureClass" Date="20110817" Time="132233">FeatureClassToFeatureClass D:\GIS\03_Burkina\BFA.gdb\bfa_adm_1m_salb D:\GIS\03_Burkina\Recup bfa_adm_1m_salb.shp # "CNTRY_NAME 'CNTRY_NAME' true true false 50 Text 0 0 ,First,#,D:\GIS\03_Burkina\BFA.gdb\bfa_adm_1m_salb,CNTRY_NAME,-1,-1;CNTRY_CODE 'CNTRY_CODE' true true false 50 Text 0 0 ,First,#,D:\GIS\03_Burkina\BFA.gdb\bfa_adm_1m_salb,CNTRY_CODE,-1,-1;ADM1_NAME 'ADM1_NAME' true true false 50 Text 0 0 ,First,#,D:\GIS\03_Burkina\BFA.gdb\bfa_adm_1m_salb,ADM1_NAME,-1,-1;ADM1_CODE 'ADM1_CODE' true true false 50 Text 0 0 ,First,#,D:\GIS\03_Burkina\BFA.gdb\bfa_adm_1m_salb,ADM1_CODE,-1,-1;ADM2_NAME 'ADM2_NAME' true true false 50 Text 0 0 ,First,#,D:\GIS\03_Burkina\BFA.gdb\bfa_adm_1m_salb,ADM2_NAME,-1,-1;ADM2_CODE 'ADM2_CODE' true true false 50 Text 0 0 ,First,#,D:\GIS\03_Burkina\BFA.gdb\bfa_adm_1m_salb,ADM2_CODE,-1,-1;Shape_Leng 'Shape_Length' false true true 8 Double 0 0 ,First,#,D:\GIS\03_Burkina\BFA.gdb\bfa_adm_1m_salb,Shape_Length,-1,-1;Shape_Area 'Shape_Area' false true true 8 Double 0 0 ,First,#,D:\GIS\03_Burkina\BFA.gdb\bfa_adm_1m_salb,Shape_Area,-1,-1" # D:\GIS\03_Burkina\Recup\bfa_adm_1m_salb.shp</Process><Process ToolSource="c:\program files\arcgis\desktop10.1\ArcToolbox\Toolboxes\Data Management Tools.tbx\DefineProjection" Date="20131003" Time="120716">DefineProjection NGA_adm2_1m_salb GEOGCS['GCS_WGS_1984',DATUM['D_WGS_1984',SPHEROID['WGS_1984',6378137.0,298.257223563]],PRIMEM['Greenwich',0.0],UNIT['Degree',0.0174532925199433]]</Process><Process ToolSource="c:\program files\arcgis\desktop10.1\ArcToolbox\Toolboxes\Data Management Tools.tbx\CalculateField" Date="20140527" Time="114022">CalculateField NGA_adm2_1m_salb OCHAPCODE1 "NewString =Replace( [ADM1_CODE], "NGA", "NG" )" VB #</Process><Process ToolSource="c:\program files\arcgis\desktop10.1\ArcToolbox\Toolboxes\Data Management Tools.tbx\CalculateField" Date="20140527" Time="114323">CalculateField NGA_adm2_1m_salb OCHAPCODE1 Replace( [ADM1_CODE], "NGA", "NG" ) VB #</Process><Process ToolSource="c:\program files\arcgis\desktop10.1\ArcToolbox\Toolboxes\Data Management Tools.tbx\CalculateField" Date="20140527" Time="114448">CalculateField NGA_adm2_1m_salb OCHAPCODE2 Replace( [ADM2_CODE] , "NGA", "NG" ) VB #</Process><Process ToolSource="c:\program files\arcgis\desktop10.1\ArcToolbox\Toolboxes\Data Management Tools.tbx\CalculateField" Date="20140527" Time="114825">CalculateField NGA_adm2_1m_salb OCHAPCODE1 Replace( [ADM1_CODE], "NGA0", "NG" ) VB #</Process><Process ToolSource="c:\program files\arcgis\desktop10.1\ArcToolbox\Toolboxes\Data Management Tools.tbx\CalculateField" Date="20140527" Time="115423">CalculateField NGA_adm2_1m_salb OCHAPCODE2 Replace( [ADM2_CODE] , "NGA0", "NG" ) VB #</Process><Process ToolSource="c:\program files\arcgis\desktop10.1\ArcToolbox\Toolboxes\Data Management Tools.tbx\CalculateField" Date="20140527" Time="120247">CalculateField NGA_adm2_1m_salb OCHAPCODE2 !OCHAPCODE2![5] PYTHON_9.3 #</Process><Process ToolSource="c:\program files\arcgis\desktop10.1\ArcToolbox\Toolboxes\Data Management Tools.tbx\CalculateField" Date="20140527" Time="120535">CalculateField NGA_adm2_1m_salb OCHAPCODE2 Replace( [ADM2_CODE], "NGA0", "NG" ) VB #</Process><Process ToolSource="c:\program files\arcgis\desktop10.1\ArcToolbox\Toolboxes\Data Management Tools.tbx\CalculateField" Date="20140527" Time="121715">CalculateField NGA_adm2_1m_salb test Right( [OCHAPCODE2],2 ) VB #</Process><Process ToolSource="c:\program files\arcgis\desktop10.1\ArcToolbox\Toolboxes\Data Management Tools.tbx\CalculateField" Date="20140527" Time="121908">CalculateField NGA_adm2_1m_salb OCHAPCODE2 "[OCHAPCODE1] &amp; [test]" VB #</Process><Process ToolSource="c:\program files (x86)\arcgis\desktop10.1\ArcToolbox\Toolboxes\Data Management Tools.tbx\CalculateField" Date="20140605" Time="093708">CalculateField NGA_adm2_1m_salb HRname [ADM2_NAME] VB #</Process><Process ToolSource="c:\program files (x86)\arcgis\desktop10.1\ArcToolbox\Toolboxes\Data Management Tools.tbx\CalculateField" Date="20140605" Time="093737">CalculateField NGA_adm2_1m_salb HRpcode [OCHAPCODE2] VB #</Process><Process ToolSource="c:\program files (x86)\arcgis\desktop10.1\ArcToolbox\Toolboxes\Data Management Tools.tbx\CalculateField" Date="20140605" Time="093755">CalculateField NGA_adm2_1m_salb HRparent [OCHAPCODE1] VB #</Process><Process ToolSource="c:\program files (x86)\arcgis\desktop10.1\ArcToolbox\Toolboxes\Data Management Tools.tbx\CalculateField" Date="20140605" Time="153304">CalculateField NGA_adm2_1m_salb HRpcode Replace( [ADM2_CODE], "NGA", "NG" ) VB #</Process><Process ToolSource="c:\program files (x86)\arcgis\desktop10.1\ArcToolbox\Toolboxes\Data Management Tools.tbx\CalculateField" Date="20140605" Time="153337">CalculateField NGA_adm2_1m_salb HRparent Replace( [ADM1_CODE] , "NGA", "NG" ) VB #</Process><Process ToolSource="C:\Program Files (x86)\ArcGIS\ArcToolbox\Toolboxes\Data Management Tools.tbx\Dissolve" Date="20150219" Time="155620">Dissolve nga_polbnda_adm2_1m_salb L:\Projects\2015\Field\NGA\nga.mdb\nga_boundaries\nga_polbnda_adm1_1m_salb CNTRY_NAME;CNTRY_CODE;ADM1_NAME;ADM1_CODE;HRparent # MULTI_PART DISSOLVE_LINES</Process><Process ToolSource="C:\Program Files (x86)\ArcGIS\ArcToolbox\Toolboxes\Conversion Tools.tbx\FeatureClassToFeatureClass" Date="20151030" Time="225503">FeatureClassToFeatureClass C:\Users\bruno\Desktop\Geodatabase\nga.mdb\nga_boundaries\nga_polbnda_adm1_1m_salb C:\Users\bruno\Desktop\Geodatabase nga_polbnda_adm1_1m_salb.shp # "CNTRY_NAME 'CNTRY_NAME' true true false 50 Text 0 0 ,First,#,C:\Users\bruno\Desktop\Geodatabase\nga.mdb\nga_boundaries\nga_polbnda_adm1_1m_salb,CNTRY_NAME,-1,-1;CNTRY_CODE 'CNTRY_CODE' true true false 50 Text 0 0 ,First,#,C:\Users\bruno\Desktop\Geodatabase\nga.mdb\nga_boundaries\nga_polbnda_adm1_1m_salb,CNTRY_CODE,-1,-1;ADM1_NAME 'ADM1_NAME' true true false 50 Text 0 0 ,First,#,C:\Users\bruno\Desktop\Geodatabase\nga.mdb\nga_boundaries\nga_polbnda_adm1_1m_salb,ADM1_NAME,-1,-1;ADM1_CODE 'ADM1_CODE' true true false 50 Text 0 0 ,First,#,C:\Users\bruno\Desktop\Geodatabase\nga.mdb\nga_boundaries\nga_polbnda_adm1_1m_salb,ADM1_CODE,-1,-1;HRparent 'HRparent' true true false 50 Text 0 0 ,First,#,C:\Users\bruno\Desktop\Geodatabase\nga.mdb\nga_boundaries\nga_polbnda_adm1_1m_salb,HRparent,-1,-1;Shape_Leng 'Shape_Length' false true true 8 Double 0 0 ,First,#,C:\Users\bruno\Desktop\Geodatabase\nga.mdb\nga_boundaries\nga_polbnda_adm1_1m_salb,Shape_Length,-1,-1;Shape_Area 'Shape_Area' false true true 8 Double 0 0 ,First,#,C:\Users\bruno\Desktop\Geodatabase\nga.mdb\nga_boundaries\nga_polbnda_adm1_1m_salb,Shape_Area,-1,-1" # C:\Users\bruno\Desktop\Geodatabase\nga_polbnda_adm1_1m_salb.shp</Process><Process ToolSource="c:\program files (x86)\arcgis\desktop10.3\ArcToolbox\Toolboxes\Data Management Tools.tbx\CalculateField" Date="20171009" Time="211024">CalculateField NGA_ADM1 Name [ADM1_NAME] VB #</Process><Process ToolSource="c:\program files (x86)\arcgis\desktop10.3\ArcToolbox\Toolboxes\Data Management Tools.tbx\CalculateField" Date="20171009" Time="211038">CalculateField NGA_ADM1 Level "ADM1" VB #</Process><Process ToolSource="c:\program files (x86)\arcgis\desktop10.3\ArcToolbox\Toolboxes\Data Management Tools.tbx\CalculateField" Date="20171009" Time="221801">CalculateField NGA_ADM0 Name "Nigeria" VB #</Process><Process ToolSource="c:\program files (x86)\arcgis\desktop10.3\ArcToolbox\Toolboxes\Data Management Tools.tbx\CalculateField" Date="20171009" Time="221816">CalculateField NGA_ADM0 Level "ADM0" VB #</Process><Process ToolSource="c:\program files (x86)\arcgis\desktop10.3\ArcToolbox\Toolboxes\Data Management Tools.tbx\CalculateField" Date="20171009" Time="221825">CalculateField NGA_ADM0 ISO_Code "NGA" VB #</Process></lineage><itemProps><itemName Sync="TRUE">NGA_ADM0</itemName><imsContentType Sync="TRUE">002</imsContentType><nativeExtBox><westBL Sync="TRUE">2.668432</westBL><eastBL Sync="TRUE">14.678083</eastBL><southBL Sync="TRUE">4.277144</southBL><northBL Sync="TRUE">13.901025</northBL><exTypeCode Sync="TRUE">1</exTypeCode></nativeExtBox><itemSize Sync="TRUE">0.000</itemSize><itemLocation><linkage Sync="TRUE">file://\\DESKTOP-E47SFQ4\C$\Users\lnsei\Desktop\AidData\nigeria\NGA_ADM0.shp</linkage><protocol Sync="TRUE">Local Area Network</protocol></itemLocation></itemProps><coordRef><type Sync="TRUE">Geographic</type><geogcsn Sync="TRUE">GCS_WGS_1984</geogcsn><csUnits Sync="TRUE">Angular Unit: Degree (0.017453)</csUnits><peXml Sync="TRUE">&lt;GeographicCoordinateSystem xsi:type='typens:GeographicCoordinateSystem' xmlns:xsi='http://www.w3.org/2001/XMLSchema-instance' xmlns:xs='http://www.w3.org/2001/XMLSchema' xmlns:typens='http://www.esri.com/schemas/ArcGIS/10.3'&gt;&lt;WKT&gt;GEOGCS[&amp;quot;GCS_WGS_1984&amp;quot;,DATUM[&amp;quot;D_WGS_1984&amp;quot;,SPHEROID[&amp;quot;WGS_1984&amp;quot;,6378137.0,298.257223563]],PRIMEM[&amp;quot;Greenwich&amp;quot;,0.0],UNIT[&amp;quot;Degree&amp;quot;,0.0174532925199433],AUTHORITY[&amp;quot;EPSG&amp;quot;,4326]]&lt;/WKT&gt;&lt;XOrigin&gt;-400&lt;/XOrigin&gt;&lt;YOrigin&gt;-400&lt;/YOrigin&gt;&lt;XYScale&gt;11258999068426.238&lt;/XYScale&gt;&lt;ZOrigin&gt;-100000&lt;/ZOrigin&gt;&lt;ZScale&gt;10000&lt;/ZScale&gt;&lt;MOrigin&gt;-100000&lt;/MOrigin&gt;&lt;MScale&gt;10000&lt;/MScale&gt;&lt;XYTolerance&gt;8.983152841195215e-009&lt;/XYTolerance&gt;&lt;ZTolerance&gt;0.001&lt;/ZTolerance&gt;&lt;MTolerance&gt;0.001&lt;/MTolerance&gt;&lt;HighPrecision&gt;true&lt;/HighPrecision&gt;&lt;LeftLongitude&gt;-180&lt;/LeftLongitude&gt;&lt;WKID&gt;4326&lt;/WKID&gt;&lt;LatestWKID&gt;4326&lt;/LatestWKID&gt;&lt;/GeographicCoordinateSystem&gt;</peXml></coordRef></DataProperties><ArcGISFormat>1.0</ArcGISFormat><ArcGISstyle>FGDC CSDGM Metadata</ArcGISstyle></Esri><idinfo><native Sync="TRUE">Microsoft Windows Vista Version 6.2 (Build 9200) ; ESRI ArcCatalog 9.3.1.3500</native><descript><langdata>en</langdata><abstract>The present geodata represents second administrative boundaries (Local Government Area) of Nigeria.</abstract><purpose>The data set comes from SALB (2009)</purpose><supplinf>The highest scale of this geodata is 1/1,000,000.</supplinf></descript><citation><citeinfo><origin>The data set comes from SALB (2009)</origin><pubdate>2012/01/31</pubdate><title Sync="TRUE">nga_polbnda_adm1_1m_salb</title><ftname Sync="TRUE">nga_polbnda_adm1_1m_salb</ftname><geoform Sync="TRUE">vector digital data</geoform><onlink>http://cod.humanitarianresponse.info/</onlink><pubtime>01h:45pm</pubtime><edition>First</edition><serinfo><sername>OCHA_NGA_ADM2_v1_120131</sername></serinfo><pubinfo><pubplace>Dakar, Senegal</pubplace><publish>Abdoulaye DIEYE, GIS Officer, OCHA ROWCA</publish></pubinfo></citeinfo></citation><timeperd><current>ground condition</current><timeinfo><sngdate><caldate>REQUIRED: The year (and optionally month, or month and day) for which the data set corresponds to the ground.</caldate></sngdate></timeinfo></timeperd><status><progress>Complete</progress><update>Unknown</update></status><spdom><bounding><westbc>2.668432</westbc><eastbc>14.680073</eastbc><northbc>13.892007</northbc><southbc>4.277144</southbc></bounding><lboundng><leftbc Sync="TRUE">2.668432</leftbc><rightbc Sync="TRUE">14.680073</rightbc><bottombc Sync="TRUE">4.277144</bottombc><topbc Sync="TRUE">13.892007</topbc></lboundng></spdom><keywords><theme><themekt>REQUIRED: Reference to a formally registered thesaurus or a similar authoritative source of theme keywords.</themekt><themekey>boundaries, admin2, LGA</themekey></theme><place><placekey>Nigeria, West Africa</placekey></place></keywords><useconst>REQUIRED: Restrictions and legal prerequisites for using the data set after access is granted.</useconst><natvform Sync="TRUE">Shapefile</natvform><ptcontac><cntinfo><cntemail>dieye3@un.org</cntemail><cntvoice>+221 33 869 85 14</cntvoice><cntperp><cntper>Abdoulaye DIEYE</cntper><cntorg>OCHA Regional Office for West and Central Africa (ROWCA)</cntorg></cntperp><cntpos>GIS Officer / Information Analyst</cntpos><cntvoice>+221 77 569 96 54</cntvoice><cnttdd>+221 77 569 96 54</cnttdd><cntfax>+221 33 869 85 27</cntfax><cntemail>ablayedieye07@yahoo.fr</cntemail><hours>Monday to thursday 08h:00am - 5h:30pm    Friday 08h:00am-01h:30pm</hours></cntinfo></ptcontac><crossref><citeinfo><pubdate>2012/01/31</pubdate><pubtime>01h:45pm</pubtime><title>NGA_adm2_1m_salb</title><edition>First</edition><geoform>vector digital data</geoform><pubinfo><pubplace>OCHA/ROWCA Dakar/Senegal</pubplace><publish>Abdoulaye DIEYE, GIS OFFICER, OCHA/ROWCA</publish></pubinfo><onlink>http://cod.humanitarianresponse.info/country-region/nigeria</onlink><serinfo><sername>OCHA_NGA_ADM2_v1_120131</sername></serinfo><origin>The data set comes from SALB (2009)</origin></citeinfo></crossref><browse><browsen>NGA_adm2_1m_salb</browsen><browsed>Second administrative boundaries (LGAs)</browsed><browset>Shapefiles</browset></browse><secinfo><secclass>Unclassified</secclass><sechandl>Sharing only with UN Agencies, partners (NGOs and Governments)</sechandl></secinfo></idinfo><dataIdInfo><envirDesc Sync="TRUE"> Version 6.2 (Build 9200) ; Esri ArcGIS 10.3.0.4322</envirDesc><dataLang><languageCode Sync="TRUE" value="eng"></languageCode><countryCode value="USA" Sync="TRUE"></countryCode></dataLang><idCitation><resTitle Sync="TRUE">NGA_ADM0</resTitle><presForm><PresFormCd Sync="TRUE" value="005"></PresFormCd></presForm></idCitation><spatRpType><SpatRepTypCd Sync="TRUE" value="001"></SpatRepTypCd></spatRpType><dataExt><geoEle><GeoBndBox esriExtentType="native"><westBL Sync="TRUE">2,668432</westBL><eastBL Sync="TRUE">14,680073</eastBL><northBL Sync="TRUE">13,892007</northBL><southBL Sync="TRUE">4,277144</southBL><exTypeCode Sync="TRUE">1</exTypeCode></GeoBndBox></geoEle></dataExt><geoBox esriExtentType="decdegrees"><westBL Sync="TRUE">0,233333</westBL><eastBL Sync="TRUE">23,761339</eastBL><northBL Sync="TRUE">23,433333</northBL><southBL Sync="TRUE">1,666667</southBL><exTypeCode Sync="TRUE">1</exTypeCode></geoBox><dataExt><geoEle><GeoBndBox esriExtentType="search"><exTypeCode Sync="TRUE">1</exTypeCode><westBL Sync="TRUE">2.668432</westBL><eastBL Sync="TRUE">14.678083</eastBL><northBL Sync="TRUE">13.901025</northBL><southBL Sync="TRUE">4.277144</southBL></GeoBndBox></geoEle></dataExt></dataIdInfo><metainfo><langmeta>en</langmeta><metstdn Sync="TRUE">FGDC Content Standards for Digital Geospatial Metadata</metstdn><metstdv Sync="TRUE">FGDC-STD-001-1998</metstdv><mettc Sync="TRUE">local time</mettc><metc><cntinfo><cntaddr><addrtype>REQUIRED: The mailing and/or physical address for the organization or individual.</addrtype><city>Dakar</city><state>Senegal</state><postal>REQUIRED: The ZIP or other postal code of the address.</postal></cntaddr><cntvoice>+221 33 869 85 14</cntvoice><cntvoice>+221 77 569 96 54</cntvoice><cntemail>dieye3@un.org</cntemail><cntemail>ablayedieye07@yahoo.fr</cntemail><cntpos>GIS Officer / Information Analyst</cntpos><cnttdd>+221 77 609 16 21</cnttdd><cntfax>+221 33 869 85 27</cntfax><hours>Monday to thursday 08h:00am - 5h:30pm    Friday 08h:00am-01h:30pm</hours><cntperp><cntper>Abdoulaye DIEYE</cntper><cntorg>OCHA Regional Office for West and Central Africa (ROWCA)</cntorg></cntperp></cntinfo></metc><metd Sync="TRUE">20151030</metd><metac>No</metac><metuc>No</metuc><metsi><metsc>Unclassified</metsc></metsi><metextns><onlink>http://cod.humanitarianresponse.info/country-region/nigeria</onlink><metprof Sync="TRUE">ESRI Metadata Profile</metprof></metextns></metainfo><mdLang><languageCode Sync="TRUE" value="eng"></languageCode><countryCode value="USA" Sync="TRUE"></countryCode></mdLang><mdStanName Sync="TRUE">ISO 19115 Geographic Information - Metadata</mdStanName><mdStanVer Sync="TRUE">DIS_ESRI1.0</mdStanVer><mdChar><CharSetCd Sync="TRUE" value="004"></CharSetCd></mdChar><mdHrLv><ScopeCd Sync="TRUE" value="005"></ScopeCd></mdHrLv><mdHrLvName Sync="TRUE">dataset</mdHrLvName><distinfo><resdesc Sync="TRUE">Downloadable Data</resdesc><stdorder><digform><digtinfo><transize Sync="TRUE">0.000</transize><dssize Sync="TRUE">0.000</dssize><formname>Shapefile</formname></digtinfo></digform></stdorder></distinfo><distInfo><distributor><distorTran><onLineSrc><orDesc Sync="TRUE">002</orDesc><linkage Sync="TRUE">file://\\HIGHVISION\C$\Users\bruno\Desktop\Geodatabase\nga_polbnda_adm1_1m_salb.shp</linkage><protocol Sync="TRUE">Local Area Network</protocol></onLineSrc><transSize Sync="TRUE">0.000</transSize></distorTran><distorFormat><formatName Sync="TRUE">Shapefile</formatName></distorFormat></distributor><distFormat><formatName Sync="TRUE">Shapefile</formatName></distFormat><distTranOps><transSize Sync="TRUE">0.000</transSize></distTranOps></distInfo><spdoinfo><direct Sync="TRUE">Vector</direct><ptvctinf><esriterm Name="NGA_ADM0"><efeatyp Sync="TRUE">Simple</efeatyp><efeageom code="4" Sync="TRUE"></efeageom><esritopo Sync="TRUE">FALSE</esritopo><efeacnt Sync="TRUE">0</efeacnt><spindex Sync="TRUE">FALSE</spindex><linrefer Sync="TRUE">FALSE</linrefer></esriterm></ptvctinf></spdoinfo><spatRepInfo><VectSpatRep><geometObjs Name="NGA_ADM0"><geoObjTyp><GeoObjTypCd value="002" Sync="TRUE"></GeoObjTypCd></geoObjTyp><geoObjCnt Sync="TRUE">0</geoObjCnt></geometObjs><topLvl><TopoLevCd value="001" Sync="TRUE"></TopoLevCd></topLvl></VectSpatRep></spatRepInfo><eainfo><detailed Name="NGA_ADM0"><enttyp><enttypl Sync="TRUE">NGA_ADM0</enttypl><enttypt Sync="TRUE">Feature Class</enttypt><enttypc Sync="TRUE">0</enttypc></enttyp><attr><attrlabl Sync="TRUE">FID</attrlabl><attalias Sync="TRUE">FID</attalias><attrtype Sync="TRUE">OID</attrtype><attwidth Sync="TRUE">4</attwidth><atprecis Sync="TRUE">0</atprecis><attscale Sync="TRUE">0</attscale><attrdef Sync="TRUE">Internal feature number.</attrdef><attrdefs Sync="TRUE">ESRI</attrdefs><attrdomv><udom Sync="TRUE">Sequential unique whole numbers that are automatically generated.</udom></attrdomv></attr><attr><attrlabl Sync="TRUE">Shape</attrlabl><attalias Sync="TRUE">Shape</attalias><attrtype Sync="TRUE">Geometry</attrtype><attwidth Sync="TRUE">0</attwidth><atprecis Sync="TRUE">0</atprecis><attscale Sync="TRUE">0</attscale><attrdef Sync="TRUE">Feature geometry.</attrdef><attrdefs Sync="TRUE">ESRI</attrdefs><attrdomv><udom Sync="TRUE">Coordinates defining the features.</udom></attrdomv></attr><attr><attrlabl Sync="TRUE">Id</attrlabl><attalias Sync="TRUE">Id</attalias><attrtype Sync="TRUE">Integer</attrtype><attwidth Sync="TRUE">6</attwidth><atprecis Sync="TRUE">6</atprecis><attscale Sync="TRUE">0</attscale></attr></detailed></eainfo><mdDateSt Sync="TRUE">20171009</mdDateSt><spref><horizsys><cordsysn><geogcsn Sync="TRUE">GCS_WGS_1984</geogcsn></cordsysn><geodetic><horizdn Sync="TRUE">D_WGS_1984</horizdn><ellips Sync="TRUE">WGS_1984</ellips><semiaxis Sync="TRUE">6378137.000000</semiaxis><denflat Sync="TRUE">298.257224</denflat></geodetic><geograph><geogunit Sync="TRUE">Decimal degrees</geogunit><latres Sync="TRUE">0.000000</latres><longres Sync="TRUE">0.000000</longres></geograph></horizsys><vertdef><altsys><altdatum>WGS 1984</altdatum><altunits>meters</altunits><altenc Sync="TRUE">Explicit elevation coordinate included with horizontal coordinates</altenc><altres Sync="TRUE">0.000100</altres></altsys><depthsys><depthdn>WGS 1984</depthdn><depthdu>meters</depthdu></depthsys></vertdef></spref><dataqual><lineage><procstep><procdesc Sync="TRUE">Dataset copied.</procdesc><procdate>Unknown</procdate></procstep><procstep><procdesc Sync="TRUE">Metadata imported.</procdesc><srcused Sync="TRUE">D:\GIS\Oger_Unicef\Count_Lake_Chad_l03_2011.shp.xml</srcused><procdate Sync="TRUE">20110120</procdate><proctime Sync="TRUE">15342300</proctime></procstep><procstep><procdesc Sync="TRUE">Metadata imported.</procdesc><srcused Sync="TRUE">D:\GIS\Oger_Unicef\Count_Lake_Chad_Hydro_2011_P.shp.xml</srcused><procdate Sync="TRUE">20110120</procdate><proctime Sync="TRUE">16460400</proctime></procstep><procstep><procdesc Sync="TRUE">Metadata imported.</procdesc><srcused Sync="TRUE">D:\GIS\Oger_Unicef\Count_Lake_Chad_river_AGD_2011.shp.xml</srcused><procdate Sync="TRUE">20110120</procdate><proctime Sync="TRUE">17013100</proctime></procstep><procstep><procdesc Sync="TRUE">Metadata imported.</procdesc><srcused Sync="TRUE">D:\GIS\Oger_Unicef\Sudre_UNICEF\Count_Lake_Chad_road_AGD_2011.shp.xml</srcused><procdate Sync="TRUE">20110121</procdate><proctime Sync="TRUE">09530600</proctime></procstep><procstep><procdesc Sync="TRUE">Metadata imported.</procdesc><srcused Sync="TRUE">D:\GIS\Oger_Unicef\Sudre_UNICEF\Count_Lake_Chad_places_AOI_2011.shp.xml</srcused><procdate Sync="TRUE">20110804</procdate><proctime Sync="TRUE">12491700</proctime></procstep><srcinfo><srcscale>1/1,000,000</srcscale></srcinfo><procstep><procdesc Sync="TRUE">Dataset copied.</procdesc><srcused Sync="TRUE">D:\GIS\03_Burkina\02_Base_map\01_Admin\bfa_aug01-apr09</srcused><procdate Sync="TRUE">20110809</procdate><proctime Sync="TRUE">14095300</proctime></procstep><procstep><procdesc Sync="TRUE">Metadata imported.</procdesc><srcused Sync="TRUE">D:\GIS\03_Burkina\Recup\bfa_adm_1m_salb.shp.xml</srcused><procdate Sync="TRUE">20111117</procdate><proctime Sync="TRUE">10522600</proctime></procstep><procstep><procdesc Sync="TRUE">Metadata imported.</procdesc><srcused Sync="TRUE">D:\GIS\21_Cameroon\02_Base_map\01_Admin\CMR_adm1_1m_salb.shp.xml</srcused><procdate Sync="TRUE">20120125</procdate><proctime Sync="TRUE">10374100</proctime></procstep><procstep><procdesc Sync="TRUE">Metadata imported.</procdesc><srcused Sync="TRUE">D:\GIS\12_Mauritania\02_Base_map\01_Admin\MRT_adm1_1m_salb.shp.xml</srcused><procdate Sync="TRUE">20120125</procdate><proctime Sync="TRUE">16015700</proctime></procstep><procstep><procdesc Sync="TRUE">Metadata imported.</procdesc><srcused Sync="TRUE">D:\GIS\11_Mali\02_Base_map\01_Admin\MLI_adm1_1m_salb.shp.xml</srcused><procdate Sync="TRUE">20120127</procdate><proctime Sync="TRUE">11055500</proctime></procstep><procstep><procdesc Sync="TRUE">Metadata imported.</procdesc><srcused Sync="TRUE">D:\GIS\15_Senegal\02_Base_map\01_Admin\SEN_adm1_1m_salb.shp.xml</srcused><procdate Sync="TRUE">20120131</procdate><proctime Sync="TRUE">12574900</proctime></procstep><procstep><procdesc Sync="TRUE">Metadata imported.</procdesc><srcused Sync="TRUE">D:\GIS\14_Nigeria\02_Base_map\01_Admin\NGA_adm1_1m_salb.shp.xml</srcused><procdate Sync="TRUE">20120131</procdate><proctime Sync="TRUE">13382900</proctime></procstep><procstep><procdesc Sync="TRUE">Dataset copied.</procdesc><srcused Sync="TRUE"></srcused><procdate Sync="TRUE">20150219</procdate><proctime Sync="TRUE">13393900</proctime></procstep><procstep><procdesc Sync="TRUE">Dataset copied.</procdesc><srcused Sync="TRUE">\\10.250.14.21\OCHA_Common30\Projects\2015\Field\NGA\nga.mdb</srcused><procdate Sync="TRUE">20150219</procdate><proctime Sync="TRUE">13405800</proctime></procstep></lineage></dataqual><refSysInfo><RefSystem><refSysID><identCode Sync="TRUE" code="4326">GCS_WGS_1984</identCode><idCodeSpace Sync="TRUE">EPSG</idCodeSpace><idVersion Sync="TRUE">8.2.6</idVersion></refSysID></RefSystem></refSysInfo></metadata>
