{"boundaryID": "ESP-ADM0-87841925", "boundaryISO": "ESP", "boundaryType": "ADM0", "boundaryYear": "2017.0", "boundarySource-1": "Instituto de Geografico Nacional", "boundarySource-2": "nan", "boundaryCanonical": "", "boundaryLicense": "Creative Commons Attribution 4.0 International (CC BY 4.0)", "licenseDetail": "CC-BY 4.0", "licenseSource": "http//centrodedescargas.cnig.es/CentroDescargas/index.jsp#", "boundarySourceURL": "http//centrodedescargas.cnig.es/CentroDescargas/index.jsp", "downloadURL": "https://github.com/wmgeolab/geoBoundaries/raw/main/releaseData/gbAuthoritative/ESP_ADM0.zip", "sourceDataUpdateDate": "Jul 20, 2021", "buildUpdateDate": "Aug 25, 2021"}