{"boundaryID": "ROU-ADM0-42892465", "boundaryISO": "ROU", "boundaryType": "ADM0", "boundaryYear": "2016.0", "boundarySource-1": "Agen\u00c3\u0088\u00e2\u0080\u00baia Na\u00c3\u0088\u00e2\u0080\u00baional\u00c3\u0084\u00c6\u0092 de Cadastru \u00c3\u0088\u00e2\u0084\u00a2i Publicitate Imobiliar\u00c3\u0084\u00c6\u0092", "boundarySource-2": "nan", "boundaryCanonical": "", "boundaryLicense": "Open Data Commons Open Database License 1.0", "licenseDetail": "License on source page. Additional information in linked PDF.", "licenseSource": "http//data.gov.ro/dataset/unitati-administrative", "boundarySourceURL": "http//data.gov.ro/dataset/unitati-administrative", "downloadURL": "https://github.com/wmgeolab/geoBoundaries/raw/main/releaseData/gbOpen/ROU_ADM0.zip", "sourceDataUpdateDate": "Sep 25, 2020", "buildUpdateDate": "Apr 19, 2021"}