{"boundaryID": "MDG-ADM1-81314980", "boundaryISO": "MDG", "boundaryType": "ADM1", "boundaryYear": "2004", "boundarySource-1": "From SALB Data, United Nations", "boundarySource-2": "Institut G\u00e9ographique et Hydrographique National (Foiben-Taosarintanin'I Madagasikara)", "boundaryCanonical": "Regions", "boundaryLicense": "UN SALB Data License", "licenseDetail": "", "licenseSource": "https//www.unsalb.org/sites/default/files/wysiwyg_uploads/docs_uploads/SALB_DataSpecifications_v2.0_20210601.pdf", "boundarySourceURL": "https//www.unsalb.org/data/mdg", "downloadURL": "https://github.com/wmgeolab/geoBoundaries/raw/main/releaseData/gbAuthoritative/MDG_ADM1.zip", "sourceDataUpdateDate": "Jun 11, 2021", "buildUpdateDate": "Jul 02, 2021"}