{"boundaryID": "BLR-ADM0-61043051", "boundaryISO": "BLR", "boundaryType": "ADM0", "boundaryYear": "2017", "boundarySource-1": "OpenStreetMap", "boundarySource-2": "Wambacher", "boundaryCanonical": "Republic of Belarus", "boundaryLicense": "Open Data Commons Open Database License 1.0", "licenseDetail": "Open Data Commons Open Database License 1.0", "licenseSource": "https//www.openstreetmap.org/copyright", "boundarySourceURL": "https//wambachers-osm.website/boundaries/", "downloadURL": "https://github.com/wmgeolab/geoBoundaries/raw/main/releaseData/gbOpen/BLR_ADM0.zip", "sourceDataUpdateDate": "Dec 19, 2020", "buildUpdateDate": "Mar 26, 2021"}