{"boundaryID": "CIV-ADM1-44680096", "boundaryISO": "CIV", "boundaryType": "ADM1", "boundaryYear": "2016", "boundarySource-1": "World Bank Group", "boundarySource-2": "OCHA C\u00f4te d\u2019Ivoire", "boundaryCanonical": "districts de C\u00f4te d\u2019Ivoire", "boundaryLicense": "Creative Commons Attribution 4.0 International (CC BY 4.0)", "licenseDetail": "", "licenseSource": "https//datacatalog.worldbank.org/public-licenses#cc-by", "boundarySourceURL": "https//datacatalog.worldbank.org/dataset/cote-divoire-administrative-boundaries-2016", "downloadURL": "https://github.com/wmgeolab/geoBoundaries/raw/main/releaseData/gbOpen/CIV_ADM1.zip", "sourceDataUpdateDate": "Sep 08, 2021", "buildUpdateDate": "Sep 08, 2021"}