{"boundaryID": "CIV-ADM1-50440921", "boundaryISO": "CIV", "boundaryType": "ADM1", "boundaryYear": "2016", "boundarySource-1": "https//datacatalog.worldbank.org/dataset/cote-divoire-administrative-boundaries-2016", "boundarySource-2": "", "boundaryCanonical": "districts de C\u00c3\u00b4te d\u00e2\u0080\u0099Ivoire", "boundaryLicense": "Creative Commons Attribution 4.0 International (CC BY 4.0)", "licenseDetail": "", "licenseSource": "https//datacatalog.worldbank.org/public-licenses#cc-by", "boundarySourceURL": "https//datacatalog.worldbank.org/dataset/cote-divoire-administrative-boundaries-2016", "downloadURL": "https://github.com/wmgeolab/gbRelease/raw/master/releaseData/gbOpen/CIV_ADM1.zip", "updateDate": "Mar 08, 2021"}