<metadata xml:lang="en"><Esri><CreaDate>20210416</CreaDate><CreaTime>17483700</CreaTime><ArcGISFormat>1.0</ArcGISFormat><SyncOnce>FALSE</SyncOnce><DataProperties><lineage><Process ToolSource="c:\program files\arcgis\pro\Resources\ArcToolbox\toolboxes\Conversion Tools.tbx\JSONToFeatures" Date="20210416" Time="174837">JSONToFeatures "C:\Users\Owner\Documents\Sidonie Documents\College\Junior Year\GeoLab\URYADM2\OSMB-0b67a38984815a7878fbc95e8b4ea6da77eec6ad.geojson" "C:\Users\Owner\Documents\Sidonie Documents\College\Junior Year\GeoLab\URYADM2\URYADM3.gdb\URY1" Polygon</Process><Process ToolSource="c:\program files\arcgis\pro\Resources\ArcToolbox\toolboxes\Data Management Tools.tbx\Merge" Date="20210416" Time="181739">Merge 'C:\Users\Owner\Documents\Sidonie Documents\College\Junior Year\GeoLab\URYADM2\URYADM3.gdb\URY1';'C:\Users\Owner\Documents\Sidonie Documents\College\Junior Year\GeoLab\URYADM2\URYADM3.gdb\URY2';'C:\Users\Owner\Documents\Sidonie Documents\College\Junior Year\GeoLab\URYADM2\URYADM3.gdb\URY3';'C:\Users\Owner\Documents\Sidonie Documents\College\Junior Year\GeoLab\URYADM2\URYADM3.gdb\URY4';'C:\Users\Owner\Documents\Sidonie Documents\College\Junior Year\GeoLab\URYADM2\URYADM3.gdb\URY5';'C:\Users\Owner\Documents\Sidonie Documents\College\Junior Year\GeoLab\URYADM2\URYADM3.gdb\URY6';'C:\Users\Owner\Documents\Sidonie Documents\College\Junior Year\GeoLab\URYADM2\URYADM3.gdb\URY7';'C:\Users\Owner\Documents\Sidonie Documents\College\Junior Year\GeoLab\URYADM2\URYADM3.gdb\URY8';'C:\Users\Owner\Documents\Sidonie Documents\College\Junior Year\GeoLab\URYADM2\URYADM3.gdb\URY9';'C:\Users\Owner\Documents\Sidonie Documents\College\Junior Year\GeoLab\URYADM2\URYADM3.gdb\URY10' "C:\Users\Owner\Documents\Sidonie Documents\College\Junior Year\GeoLab\URYADM2\URYADM3.gdb\URY_ADM2_Merge" "osm_id "osm_id" true true false 4 Long 0 0,First,#,C:\Users\Owner\Documents\Sidonie Documents\College\Junior Year\GeoLab\URYADM2\URYADM3.gdb\URY1,osm_id,-1,-1,C:\Users\Owner\Documents\Sidonie Documents\College\Junior Year\GeoLab\URYADM2\URYADM3.gdb\URY2,osm_id,-1,-1,C:\Users\Owner\Documents\Sidonie Documents\College\Junior Year\GeoLab\URYADM2\URYADM3.gdb\URY3,osm_id,-1,-1,C:\Users\Owner\Documents\Sidonie Documents\College\Junior Year\GeoLab\URYADM2\URYADM3.gdb\URY4,osm_id,-1,-1,C:\Users\Owner\Documents\Sidonie Documents\College\Junior Year\GeoLab\URYADM2\URYADM3.gdb\URY5,osm_id,-1,-1,C:\Users\Owner\Documents\Sidonie Documents\College\Junior Year\GeoLab\URYADM2\URYADM3.gdb\URY6,osm_id,-1,-1,C:\Users\Owner\Documents\Sidonie Documents\College\Junior Year\GeoLab\URYADM2\URYADM3.gdb\URY7,osm_id,-1,-1,C:\Users\Owner\Documents\Sidonie Documents\College\Junior Year\GeoLab\URYADM2\URYADM3.gdb\URY8,osm_id,-1,-1,C:\Users\Owner\Documents\Sidonie Documents\College\Junior Year\GeoLab\URYADM2\URYADM3.gdb\URY9,osm_id,-1,-1,C:\Users\Owner\Documents\Sidonie Documents\College\Junior Year\GeoLab\URYADM2\URYADM3.gdb\URY10,osm_id,-1,-1;boundary "boundary" true true false 8000 Text 0 0,First,#,C:\Users\Owner\Documents\Sidonie Documents\College\Junior Year\GeoLab\URYADM2\URYADM3.gdb\URY1,boundary,0,8000,C:\Users\Owner\Documents\Sidonie Documents\College\Junior Year\GeoLab\URYADM2\URYADM3.gdb\URY2,boundary,0,8000,C:\Users\Owner\Documents\Sidonie Documents\College\Junior Year\GeoLab\URYADM2\URYADM3.gdb\URY3,boundary,0,8000,C:\Users\Owner\Documents\Sidonie Documents\College\Junior Year\GeoLab\URYADM2\URYADM3.gdb\URY4,boundary,0,8000,C:\Users\Owner\Documents\Sidonie Documents\College\Junior Year\GeoLab\URYADM2\URYADM3.gdb\URY5,boundary,0,8000,C:\Users\Owner\Documents\Sidonie Documents\College\Junior Year\GeoLab\URYADM2\URYADM3.gdb\URY6,boundary,0,8000,C:\Users\Owner\Documents\Sidonie Documents\College\Junior Year\GeoLab\URYADM2\URYADM3.gdb\URY7,boundary,0,8000,C:\Users\Owner\Documents\Sidonie Documents\College\Junior Year\GeoLab\URYADM2\URYADM3.gdb\URY8,boundary,0,8000,C:\Users\Owner\Documents\Sidonie Documents\College\Junior Year\GeoLab\URYADM2\URYADM3.gdb\URY9,boundary,0,8000,C:\Users\Owner\Documents\Sidonie Documents\College\Junior Year\GeoLab\URYADM2\URYADM3.gdb\URY10,boundary,0,8000;admin_level "admin_level" true true false 4 Long 0 0,First,#,C:\Users\Owner\Documents\Sidonie Documents\College\Junior Year\GeoLab\URYADM2\URYADM3.gdb\URY1,admin_level,-1,-1,C:\Users\Owner\Documents\Sidonie Documents\College\Junior Year\GeoLab\URYADM2\URYADM3.gdb\URY2,admin_level,-1,-1,C:\Users\Owner\Documents\Sidonie Documents\College\Junior Year\GeoLab\URYADM2\URYADM3.gdb\URY3,admin_level,-1,-1,C:\Users\Owner\Documents\Sidonie Documents\College\Junior Year\GeoLab\URYADM2\URYADM3.gdb\URY4,admin_level,-1,-1,C:\Users\Owner\Documents\Sidonie Documents\College\Junior Year\GeoLab\URYADM2\URYADM3.gdb\URY5,admin_level,0,8000,C:\Users\Owner\Documents\Sidonie Documents\College\Junior Year\GeoLab\URYADM2\URYADM3.gdb\URY6,admin_level,0,8000,C:\Users\Owner\Documents\Sidonie Documents\College\Junior Year\GeoLab\URYADM2\URYADM3.gdb\URY7,admin_level,0,8000,C:\Users\Owner\Documents\Sidonie Documents\College\Junior Year\GeoLab\URYADM2\URYADM3.gdb\URY8,admin_level,-1,-1,C:\Users\Owner\Documents\Sidonie Documents\College\Junior Year\GeoLab\URYADM2\URYADM3.gdb\URY9,admin_level,0,8000,C:\Users\Owner\Documents\Sidonie Documents\College\Junior Year\GeoLab\URYADM2\URYADM3.gdb\URY10,admin_level,0,8000;parents "parents" true true false 8000 Text 0 0,First,#,C:\Users\Owner\Documents\Sidonie Documents\College\Junior Year\GeoLab\URYADM2\URYADM3.gdb\URY1,parents,0,8000,C:\Users\Owner\Documents\Sidonie Documents\College\Junior Year\GeoLab\URYADM2\URYADM3.gdb\URY2,parents,0,8000,C:\Users\Owner\Documents\Sidonie Documents\College\Junior Year\GeoLab\URYADM2\URYADM3.gdb\URY3,parents,0,8000,C:\Users\Owner\Documents\Sidonie Documents\College\Junior Year\GeoLab\URYADM2\URYADM3.gdb\URY4,parents,0,8000,C:\Users\Owner\Documents\Sidonie Documents\College\Junior Year\GeoLab\URYADM2\URYADM3.gdb\URY5,parents,0,8000,C:\Users\Owner\Documents\Sidonie Documents\College\Junior Year\GeoLab\URYADM2\URYADM3.gdb\URY6,parents,0,8000,C:\Users\Owner\Documents\Sidonie Documents\College\Junior Year\GeoLab\URYADM2\URYADM3.gdb\URY7,parents,0,8000,C:\Users\Owner\Documents\Sidonie Documents\College\Junior Year\GeoLab\URYADM2\URYADM3.gdb\URY8,parents,0,8000,C:\Users\Owner\Documents\Sidonie Documents\College\Junior Year\GeoLab\URYADM2\URYADM3.gdb\URY9,parents,0,8000,C:\Users\Owner\Documents\Sidonie Documents\College\Junior Year\GeoLab\URYADM2\URYADM3.gdb\URY10,parents,0,8000;name "name" true true false 8000 Text 0 0,First,#,C:\Users\Owner\Documents\Sidonie Documents\College\Junior Year\GeoLab\URYADM2\URYADM3.gdb\URY1,name,0,8000,C:\Users\Owner\Documents\Sidonie Documents\College\Junior Year\GeoLab\URYADM2\URYADM3.gdb\URY2,name,0,8000,C:\Users\Owner\Documents\Sidonie Documents\College\Junior Year\GeoLab\URYADM2\URYADM3.gdb\URY3,name,0,8000,C:\Users\Owner\Documents\Sidonie Documents\College\Junior Year\GeoLab\URYADM2\URYADM3.gdb\URY4,name,0,8000,C:\Users\Owner\Documents\Sidonie Documents\College\Junior Year\GeoLab\URYADM2\URYADM3.gdb\URY5,name,0,8000,C:\Users\Owner\Documents\Sidonie Documents\College\Junior Year\GeoLab\URYADM2\URYADM3.gdb\URY6,name,0,8000,C:\Users\Owner\Documents\Sidonie Documents\College\Junior Year\GeoLab\URYADM2\URYADM3.gdb\URY7,name,0,8000,C:\Users\Owner\Documents\Sidonie Documents\College\Junior Year\GeoLab\URYADM2\URYADM3.gdb\URY8,name,0,8000,C:\Users\Owner\Documents\Sidonie Documents\College\Junior Year\GeoLab\URYADM2\URYADM3.gdb\URY9,name,0,8000,C:\Users\Owner\Documents\Sidonie Documents\College\Junior Year\GeoLab\URYADM2\URYADM3.gdb\URY10,name,0,8000;local_name "local_name" true true false 8000 Text 0 0,First,#,C:\Users\Owner\Documents\Sidonie Documents\College\Junior Year\GeoLab\URYADM2\URYADM3.gdb\URY1,local_name,0,8000,C:\Users\Owner\Documents\Sidonie Documents\College\Junior Year\GeoLab\URYADM2\URYADM3.gdb\URY2,local_name,0,8000,C:\Users\Owner\Documents\Sidonie Documents\College\Junior Year\GeoLab\URYADM2\URYADM3.gdb\URY3,local_name,0,8000,C:\Users\Owner\Documents\Sidonie Documents\College\Junior Year\GeoLab\URYADM2\URYADM3.gdb\URY4,local_name,0,8000,C:\Users\Owner\Documents\Sidonie Documents\College\Junior Year\GeoLab\URYADM2\URYADM3.gdb\URY5,local_name,0,8000,C:\Users\Owner\Documents\Sidonie Documents\College\Junior Year\GeoLab\URYADM2\URYADM3.gdb\URY6,local_name,0,8000,C:\Users\Owner\Documents\Sidonie Documents\College\Junior Year\GeoLab\URYADM2\URYADM3.gdb\URY7,local_name,0,8000,C:\Users\Owner\Documents\Sidonie Documents\College\Junior Year\GeoLab\URYADM2\URYADM3.gdb\URY8,local_name,0,8000,C:\Users\Owner\Documents\Sidonie Documents\College\Junior Year\GeoLab\URYADM2\URYADM3.gdb\URY9,local_name,0,8000,C:\Users\Owner\Documents\Sidonie Documents\College\Junior Year\GeoLab\URYADM2\URYADM3.gdb\URY10,local_name,0,8000;name_en "name_en" true true false 8000 Text 0 0,First,#,C:\Users\Owner\Documents\Sidonie Documents\College\Junior Year\GeoLab\URYADM2\URYADM3.gdb\URY1,name_en,0,8000,C:\Users\Owner\Documents\Sidonie Documents\College\Junior Year\GeoLab\URYADM2\URYADM3.gdb\URY2,name_en,0,8000,C:\Users\Owner\Documents\Sidonie Documents\College\Junior Year\GeoLab\URYADM2\URYADM3.gdb\URY3,name_en,0,8000,C:\Users\Owner\Documents\Sidonie Documents\College\Junior Year\GeoLab\URYADM2\URYADM3.gdb\URY4,name_en,0,8000,C:\Users\Owner\Documents\Sidonie Documents\College\Junior Year\GeoLab\URYADM2\URYADM3.gdb\URY5,name_en,0,8000,C:\Users\Owner\Documents\Sidonie Documents\College\Junior Year\GeoLab\URYADM2\URYADM3.gdb\URY6,name_en,0,8000,C:\Users\Owner\Documents\Sidonie Documents\College\Junior Year\GeoLab\URYADM2\URYADM3.gdb\URY7,name_en,0,8000,C:\Users\Owner\Documents\Sidonie Documents\College\Junior Year\GeoLab\URYADM2\URYADM3.gdb\URY8,name_en,0,8000,C:\Users\Owner\Documents\Sidonie Documents\College\Junior Year\GeoLab\URYADM2\URYADM3.gdb\URY9,name_en,0,8000,C:\Users\Owner\Documents\Sidonie Documents\College\Junior Year\GeoLab\URYADM2\URYADM3.gdb\URY10,name_en,0,8000;Shape_Length "Shape_Length" false true true 8 Double 0 0,First,#,C:\Users\Owner\Documents\Sidonie Documents\College\Junior Year\GeoLab\URYADM2\URYADM3.gdb\URY1,Shape_Length,-1,-1,C:\Users\Owner\Documents\Sidonie Documents\College\Junior Year\GeoLab\URYADM2\URYADM3.gdb\URY2,Shape_Length,-1,-1,C:\Users\Owner\Documents\Sidonie Documents\College\Junior Year\GeoLab\URYADM2\URYADM3.gdb\URY3,Shape_Length,-1,-1,C:\Users\Owner\Documents\Sidonie Documents\College\Junior Year\GeoLab\URYADM2\URYADM3.gdb\URY4,Shape_Length,-1,-1,C:\Users\Owner\Documents\Sidonie Documents\College\Junior Year\GeoLab\URYADM2\URYADM3.gdb\URY5,Shape_Length,-1,-1,C:\Users\Owner\Documents\Sidonie Documents\College\Junior Year\GeoLab\URYADM2\URYADM3.gdb\URY6,Shape_Length,-1,-1,C:\Users\Owner\Documents\Sidonie Documents\College\Junior Year\GeoLab\URYADM2\URYADM3.gdb\URY7,Shape_Length,-1,-1,C:\Users\Owner\Documents\Sidonie Documents\College\Junior Year\GeoLab\URYADM2\URYADM3.gdb\URY8,Shape_Length,-1,-1,C:\Users\Owner\Documents\Sidonie Documents\College\Junior Year\GeoLab\URYADM2\URYADM3.gdb\URY9,Shape_Length,-1,-1,C:\Users\Owner\Documents\Sidonie Documents\College\Junior Year\GeoLab\URYADM2\URYADM3.gdb\URY10,Shape_Length,-1,-1;Shape_Area "Shape_Area" false true true 8 Double 0 0,First,#,C:\Users\Owner\Documents\Sidonie Documents\College\Junior Year\GeoLab\URYADM2\URYADM3.gdb\URY1,Shape_Area,-1,-1,C:\Users\Owner\Documents\Sidonie Documents\College\Junior Year\GeoLab\URYADM2\URYADM3.gdb\URY2,Shape_Area,-1,-1,C:\Users\Owner\Documents\Sidonie Documents\College\Junior Year\GeoLab\URYADM2\URYADM3.gdb\URY3,Shape_Area,-1,-1,C:\Users\Owner\Documents\Sidonie Documents\College\Junior Year\GeoLab\URYADM2\URYADM3.gdb\URY4,Shape_Area,-1,-1,C:\Users\Owner\Documents\Sidonie Documents\College\Junior Year\GeoLab\URYADM2\URYADM3.gdb\URY5,Shape_Area,-1,-1,C:\Users\Owner\Documents\Sidonie Documents\College\Junior Year\GeoLab\URYADM2\URYADM3.gdb\URY6,Shape_Area,-1,-1,C:\Users\Owner\Documents\Sidonie Documents\College\Junior Year\GeoLab\URYADM2\URYADM3.gdb\URY7,Shape_Area,-1,-1,C:\Users\Owner\Documents\Sidonie Documents\College\Junior Year\GeoLab\URYADM2\URYADM3.gdb\URY8,Shape_Area,-1,-1,C:\Users\Owner\Documents\Sidonie Documents\College\Junior Year\GeoLab\URYADM2\URYADM3.gdb\URY9,Shape_Area,-1,-1,C:\Users\Owner\Documents\Sidonie Documents\College\Junior Year\GeoLab\URYADM2\URYADM3.gdb\URY10,Shape_Area,-1,-1" NO_SOURCE_INFO</Process><Process ToolSource="c:\program files\arcgis\pro\Resources\ArcToolbox\toolboxes\Conversion Tools.tbx\FeatureClassToFeatureClass" Date="20210416" Time="183035">FeatureClassToFeatureClass URY_ADM2_Merge "C:\Users\Owner\Documents\Sidonie Documents\College\Junior Year\GeoLab\URYADM2" URY_ADM2.shp # "osm_id "osm_id" true true false 4 Long 0 0,First,#,URY_ADM2_Merge,osm_id,-1,-1;boundary "boundary" true true false 8000 Text 0 0,First,#,URY_ADM2_Merge,boundary,0,8000;admin_level "admin_level" true true false 4 Long 0 0,First,#,URY_ADM2_Merge,admin_level,-1,-1;parents "parents" true true false 8000 Text 0 0,First,#,URY_ADM2_Merge,parents,0,8000;name "name" true true false 8000 Text 0 0,First,#,URY_ADM2_Merge,name,0,8000;local_name "local_name" true true false 8000 Text 0 0,First,#,URY_ADM2_Merge,local_name,0,8000;name_en "name_en" true true false 8000 Text 0 0,First,#,URY_ADM2_Merge,name_en,0,8000;Shape_Length "Shape_Length" false true true 8 Double 0 0,First,#,URY_ADM2_Merge,Shape_Length,-1,-1;Shape_Area "Shape_Area" false true true 8 Double 0 0,First,#,URY_ADM2_Merge,Shape_Area,-1,-1" #</Process></lineage><itemProps><itemName Sync="TRUE">URY_ADM2</itemName><imsContentType Sync="TRUE">002</imsContentType><itemLocation><linkage Sync="TRUE">file://\\DESKTOP-AS9V1IT\C$\Users\Owner\Documents\Sidonie Documents\College\Junior Year\GeoLab\URYADM2\URY_ADM2.shp</linkage><protocol Sync="TRUE">Local Area Network</protocol></itemLocation><itemSize Sync="TRUE">0.000</itemSize></itemProps><coordRef><type Sync="TRUE">Geographic</type><geogcsn Sync="TRUE">GCS_WGS_1984</geogcsn><csUnits Sync="TRUE">Angular Unit: Degree (0.017453)</csUnits><peXml Sync="TRUE">&lt;GeographicCoordinateSystem xsi:type='typens:GeographicCoordinateSystem' xmlns:xsi='http://www.w3.org/2001/XMLSchema-instance' xmlns:xs='http://www.w3.org/2001/XMLSchema' xmlns:typens='http://www.esri.com/schemas/ArcGIS/2.7.0'&gt;&lt;WKT&gt;GEOGCS[&amp;quot;GCS_WGS_1984&amp;quot;,DATUM[&amp;quot;D_WGS_1984&amp;quot;,SPHEROID[&amp;quot;WGS_1984&amp;quot;,6378137.0,298.257223563]],PRIMEM[&amp;quot;Greenwich&amp;quot;,0.0],UNIT[&amp;quot;Degree&amp;quot;,0.0174532925199433],AUTHORITY[&amp;quot;EPSG&amp;quot;,4326]]&lt;/WKT&gt;&lt;XOrigin&gt;-400&lt;/XOrigin&gt;&lt;YOrigin&gt;-400&lt;/YOrigin&gt;&lt;XYScale&gt;11258999068426.238&lt;/XYScale&gt;&lt;ZOrigin&gt;-100000&lt;/ZOrigin&gt;&lt;ZScale&gt;10000&lt;/ZScale&gt;&lt;MOrigin&gt;-100000&lt;/MOrigin&gt;&lt;MScale&gt;10000&lt;/MScale&gt;&lt;XYTolerance&gt;8.983152841195215e-09&lt;/XYTolerance&gt;&lt;ZTolerance&gt;0.001&lt;/ZTolerance&gt;&lt;MTolerance&gt;0.001&lt;/MTolerance&gt;&lt;HighPrecision&gt;true&lt;/HighPrecision&gt;&lt;LeftLongitude&gt;-180&lt;/LeftLongitude&gt;&lt;WKID&gt;4326&lt;/WKID&gt;&lt;LatestWKID&gt;4326&lt;/LatestWKID&gt;&lt;/GeographicCoordinateSystem&gt;</peXml></coordRef><LayerFile>{"type":"CIMLayerDocument","version":"2.7.0","build":26828,"layers":["CIMPATH=map/ury_adm2.xml"],"layerDefinitions":[{"type":"CIMFeatureLayer","name":"URY_ADM2","uRI":"CIMPATH=map/ury_adm2.xml","sourceModifiedTime":{"type":"TimeInstant"},"useSourceMetadata":true,"description":"URY_ADM2","layerElevation":{"type":"CIMLayerElevationSurface"},"expanded":true,"layer3DProperties":{"type":"CIM3DLayerProperties","castShadows":true,"isLayerLit":true,"layerFaceCulling":"None","maxDistance":-1,"minDistance":-1,"preloadTextureCutoffHigh":0,"preloadTextureCutoffLow":0.25,"textureCutoffHigh":0.25,"textureCutoffLow":1,"useCompressedTextures":true,"verticalExaggeration":1,"exaggerationMode":"ScaleZ","verticalUnit":{"uwkid":9001},"lighting":"OneSideDataNormal"},"layerType":"Operational","showLegends":true,"visibility":true,"displayCacheType":"Permanent","maxDisplayCacheAge":5,"showPopups":true,"serviceLayerID":-1,"refreshRate":-1,"refreshRateUnit":"esriTimeUnitsSeconds","blendingMode":"Alpha","autoGenerateFeatureTemplates":true,"featureElevationExpression":"Shape.Z","featureTable":{"type":"CIMFeatureTable","displayField":"name","editable":true,"dataConnection":{"type":"CIMStandardDataConnection","workspaceConnectionString":"DATABASE=..\\..\\..\\..\\Documents\\Sidonie Documents\\College\\Junior Year\\GeoLab\\URYADM2","workspaceFactory":"Shapefile","dataset":"URY_ADM2","datasetType":"esriDTFeatureClass"},"studyAreaSpatialRel":"esriSpatialRelUndefined","searchOrder":"esriSearchOrderSpatial"},"htmlPopupEnabled":true,"selectable":true,"featureCacheType":"Session","displayFiltersType":"ByScale","featureBlendingMode":"Alpha","labelClasses":[{"type":"CIMLabelClass","expressionTitle":"Custom","expression":"$feature.name","expressionEngine":"Arcade","featuresToLabel":"AllVisibleFeatures","maplexLabelPlacementProperties":{"type":"CIMMaplexLabelPlacementProperties","featureType":"Polygon","avoidPolygonHoles":true,"canOverrunFeature":true,"canPlaceLabelOutsidePolygon":true,"canRemoveOverlappingLabel":true,"canStackLabel":true,"connectionType":"Unambiguous","constrainOffset":"NoConstraint","contourAlignmentType":"Page","contourLadderType":"Straight","contourMaximumAngle":90,"enableConnection":true,"featureWeight":0,"fontHeightReductionLimit":4,"fontHeightReductionStep":0.5,"fontWidthReductionLimit":90,"fontWidthReductionStep":5,"graticuleAlignmentType":"Straight","keyNumberGroupName":"Default","labelBuffer":15,"labelLargestPolygon":true,"labelPriority":-1,"labelStackingProperties":{"type":"CIMMaplexLabelStackingProperties","stackAlignment":"ChooseBest","maximumNumberOfLines":3,"minimumNumberOfCharsPerLine":3,"maximumNumberOfCharsPerLine":24,"separators":[{"type":"CIMMaplexStackingSeparator","separator":" ","splitAfter":true},{"type":"CIMMaplexStackingSeparator","separator":",","visible":true,"splitAfter":true}]},"lineFeatureType":"General","linePlacementMethod":"OffsetCurvedFromLine","maximumLabelOverrun":80,"maximumLabelOverrunUnit":"Point","minimumFeatureSizeUnit":"Map","multiPartOption":"OneLabelPerPart","offsetAlongLineProperties":{"type":"CIMMaplexOffsetAlongLineProperties","placementMethod":"BestPositionAlongLine","labelAnchorPoint":"CenterOfLabel","distanceUnit":"Percentage","useLineDirection":true},"pointExternalZonePriorities":{"type":"CIMMaplexExternalZonePriorities","aboveLeft":4,"aboveCenter":2,"aboveRight":1,"centerRight":3,"belowRight":5,"belowCenter":7,"belowLeft":8,"centerLeft":6},"pointPlacementMethod":"AroundPoint","polygonAnchorPointType":"GeometricCenter","polygonBoundaryWeight":0,"polygonExternalZones":{"type":"CIMMaplexExternalZonePriorities","aboveLeft":4,"aboveCenter":2,"aboveRight":1,"centerRight":3,"belowRight":5,"belowCenter":7,"belowLeft":8,"centerLeft":6},"polygonFeatureType":"General","polygonInternalZones":{"type":"CIMMaplexInternalZonePriorities","center":1},"polygonPlacementMethod":"HorizontalInPolygon","primaryOffset":1,"primaryOffsetUnit":"Point","removeExtraWhiteSpace":true,"repetitionIntervalUnit":"Point","rotationProperties":{"type":"CIMMaplexRotationProperties","rotationType":"Arithmetic","alignmentType":"Straight"},"secondaryOffset":100,"strategyPriorities":{"type":"CIMMaplexStrategyPriorities","stacking":1,"overrun":2,"fontCompression":3,"fontReduction":4,"abbreviation":5},"thinningDistanceUnit":"Point","truncationMarkerCharacter":".","truncationMinimumLength":1,"truncationPreferredCharacters":"aeiou","truncationExcludedCharacters":"0123456789","polygonAnchorPointPerimeterInsetUnit":"Point"},"name":"Class 1","priority":-1,"standardLabelPlacementProperties":{"type":"CIMStandardLabelPlacementProperties","featureType":"Line","featureWeight":"None","labelWeight":"High","numLabelsOption":"OneLabelPerName","lineLabelPosition":{"type":"CIMStandardLineLabelPosition","above":true,"inLine":true,"parallel":true},"lineLabelPriorities":{"type":"CIMStandardLineLabelPriorities","aboveStart":3,"aboveAlong":3,"aboveEnd":3,"centerStart":3,"centerAlong":3,"centerEnd":3,"belowStart":3,"belowAlong":3,"belowEnd":3},"pointPlacementMethod":"AroundPoint","pointPlacementPriorities":{"type":"CIMStandardPointPlacementPriorities","aboveLeft":2,"aboveCenter":2,"aboveRight":1,"centerLeft":3,"centerRight":2,"belowLeft":3,"belowCenter":3,"belowRight":2},"rotationType":"Arithmetic","polygonPlacementMethod":"AlwaysHorizontal"},"textSymbol":{"type":"CIMSymbolReference","symbol":{"type":"CIMTextSymbol","blockProgression":"TTB","depth3D":1,"extrapolateBaselines":true,"fontEffects":"Normal","fontEncoding":"Unicode","fontFamilyName":"Tahoma","fontStyleName":"Regular","fontType":"Unspecified","haloSize":1,"height":10,"hinting":"Default","horizontalAlignment":"Left","kerning":true,"letterWidth":100,"ligatures":true,"lineGapType":"ExtraLeading","symbol":{"type":"CIMPolygonSymbol","symbolLayers":[{"type":"CIMSolidFill","enable":true,"color":{"type":"CIMRGBColor","values":[0,0,0,100]}}]},"textCase":"Normal","textDirection":"LTR","verticalAlignment":"Bottom","verticalGlyphOrientation":"Right","wordSpacing":100,"billboardMode3D":"FaceNearPlane"}},"useCodedValue":true,"visibility":true,"iD":-1}],"renderer":{"type":"CIMSimpleRenderer","patch":"Default","symbol":{"type":"CIMSymbolReference","symbol":{"type":"CIMPolygonSymbol","symbolLayers":[{"type":"CIMSolidStroke","enable":true,"capStyle":"Round","joinStyle":"Round","lineStyle3D":"Strip","miterLimit":10,"width":0.69999999999999996,"color":{"type":"CIMRGBColor","values":[110,110,110,100]}},{"type":"CIMSolidFill","enable":true,"color":{"type":"CIMRGBColor","values":[184.289999999999992,224.050000000000011,252.449999999999989,100]}}]}}},"scaleSymbols":true,"snappable":true}]}</LayerFile></DataProperties><SyncDate>20210416</SyncDate><SyncTime>18303500</SyncTime><ModDate>20210416</ModDate><ModTime>18303500</ModTime></Esri><dataIdInfo><envirDesc Sync="TRUE">Microsoft Windows 10 Version 10.0 (Build 19041) ; Esri ArcGIS 12.7.0.26828</envirDesc><dataLang><languageCode value="eng" Sync="TRUE"></languageCode><countryCode value="USA" Sync="TRUE"></countryCode></dataLang><idCitation><resTitle Sync="TRUE">URY_ADM2</resTitle><presForm><PresFormCd value="005" Sync="TRUE"></PresFormCd></presForm></idCitation><spatRpType><SpatRepTypCd value="001" Sync="TRUE"></SpatRepTypCd></spatRpType></dataIdInfo><mdLang><languageCode value="eng" Sync="TRUE"></languageCode><countryCode value="USA" Sync="TRUE"></countryCode></mdLang><distInfo><distFormat><formatName Sync="TRUE">Shapefile</formatName></distFormat><distTranOps><transSize Sync="TRUE">0.000</transSize></distTranOps></distInfo><mdHrLv><ScopeCd value="005" Sync="TRUE"></ScopeCd></mdHrLv><mdHrLvName Sync="TRUE">dataset</mdHrLvName><refSysInfo><RefSystem><refSysID><identCode code="4326" Sync="TRUE"></identCode><idCodeSpace Sync="TRUE">EPSG</idCodeSpace><idVersion Sync="TRUE">6.2(3.0.1)</idVersion></refSysID></RefSystem></refSysInfo><spatRepInfo><VectSpatRep><geometObjs Name="URY_ADM2"><geoObjTyp><GeoObjTypCd value="002" Sync="TRUE"></GeoObjTypCd></geoObjTyp><geoObjCnt Sync="TRUE">0</geoObjCnt></geometObjs><topLvl><TopoLevCd value="001" Sync="TRUE"></TopoLevCd></topLvl></VectSpatRep></spatRepInfo><spdoinfo><ptvctinf><esriterm Name="URY_ADM2"><efeatyp Sync="TRUE">Simple</efeatyp><efeageom code="4" Sync="TRUE"></efeageom><esritopo Sync="TRUE">FALSE</esritopo><efeacnt Sync="TRUE">0</efeacnt><spindex Sync="TRUE">FALSE</spindex><linrefer Sync="TRUE">TRUE</linrefer></esriterm></ptvctinf></spdoinfo><eainfo><detailed Name="URY_ADM2"><enttyp><enttypl Sync="TRUE">URY_ADM2</enttypl><enttypt Sync="TRUE">Feature Class</enttypt><enttypc Sync="TRUE">0</enttypc></enttyp><attr><attrlabl Sync="TRUE">FID</attrlabl><attalias Sync="TRUE">FID</attalias><attrtype Sync="TRUE">OID</attrtype><attwidth Sync="TRUE">4</attwidth><atprecis Sync="TRUE">0</atprecis><attscale Sync="TRUE">0</attscale><attrdef Sync="TRUE">Internal feature number.</attrdef><attrdefs Sync="TRUE">Esri</attrdefs><attrdomv><udom Sync="TRUE">Sequential unique whole numbers that are automatically generated.</udom></attrdomv></attr><attr><attrlabl Sync="TRUE">Shape</attrlabl><attalias Sync="TRUE">Shape</attalias><attrtype Sync="TRUE">Geometry</attrtype><attwidth Sync="TRUE">0</attwidth><atprecis Sync="TRUE">0</atprecis><attscale Sync="TRUE">0</attscale><attrdef Sync="TRUE">Feature geometry.</attrdef><attrdefs Sync="TRUE">Esri</attrdefs><attrdomv><udom Sync="TRUE">Coordinates defining the features.</udom></attrdomv></attr><attr><attrlabl Sync="TRUE">osm_id</attrlabl><attalias Sync="TRUE">osm_id</attalias><attrtype Sync="TRUE">Integer</attrtype><attwidth Sync="TRUE">10</attwidth><atprecis Sync="TRUE">10</atprecis><attscale Sync="TRUE">0</attscale></attr><attr><attrlabl Sync="TRUE">boundary</attrlabl><attalias Sync="TRUE">boundary</attalias><attrtype Sync="TRUE">String</attrtype><attwidth Sync="TRUE">254</attwidth><atprecis Sync="TRUE">0</atprecis><attscale Sync="TRUE">0</attscale></attr><attr><attrlabl Sync="TRUE">admin_leve</attrlabl><attalias Sync="TRUE">admin_leve</attalias><attrtype Sync="TRUE">Integer</attrtype><attwidth Sync="TRUE">10</attwidth><atprecis Sync="TRUE">10</atprecis><attscale Sync="TRUE">0</attscale></attr><attr><attrlabl Sync="TRUE">parents</attrlabl><attalias Sync="TRUE">parents</attalias><attrtype Sync="TRUE">String</attrtype><attwidth Sync="TRUE">254</attwidth><atprecis Sync="TRUE">0</atprecis><attscale Sync="TRUE">0</attscale></attr><attr><attrlabl Sync="TRUE">name</attrlabl><attalias Sync="TRUE">name</attalias><attrtype Sync="TRUE">String</attrtype><attwidth Sync="TRUE">254</attwidth><atprecis Sync="TRUE">0</atprecis><attscale Sync="TRUE">0</attscale></attr><attr><attrlabl Sync="TRUE">local_name</attrlabl><attalias Sync="TRUE">local_name</attalias><attrtype Sync="TRUE">String</attrtype><attwidth Sync="TRUE">254</attwidth><atprecis Sync="TRUE">0</atprecis><attscale Sync="TRUE">0</attscale></attr><attr><attrlabl Sync="TRUE">name_en</attrlabl><attalias Sync="TRUE">name_en</attalias><attrtype Sync="TRUE">String</attrtype><attwidth Sync="TRUE">254</attwidth><atprecis Sync="TRUE">0</atprecis><attscale Sync="TRUE">0</attscale></attr><attr><attrlabl Sync="TRUE">Shape_Leng</attrlabl><attalias Sync="TRUE">Shape_Leng</attalias><attrtype Sync="TRUE">Double</attrtype><attwidth Sync="TRUE">19</attwidth><atprecis Sync="TRUE">0</atprecis><attscale Sync="TRUE">0</attscale></attr><attr><attrlabl Sync="TRUE">Shape_Area</attrlabl><attalias Sync="TRUE">Shape_Area</attalias><attrtype Sync="TRUE">Double</attrtype><attwidth Sync="TRUE">19</attwidth><atprecis Sync="TRUE">0</atprecis><attscale Sync="TRUE">0</attscale><attrdef Sync="TRUE">Area of feature in internal units squared.</attrdef><attrdefs Sync="TRUE">Esri</attrdefs><attrdomv><udom Sync="TRUE">Positive real numbers that are automatically generated.</udom></attrdomv></attr></detailed></eainfo><mdDateSt Sync="TRUE">20210416</mdDateSt></metadata>
