<?xml version="1.0" encoding="UTF-8"?>
<metadata xml:lang="es"><Esri><CreaDate>20190223</CreaDate><CreaTime>17152500</CreaTime><SyncOnce>FALSE</SyncOnce><SyncDate>20150916</SyncDate><SyncTime>10510900</SyncTime><ModDate>20150916</ModDate><ModTime>10510900</ModTime><DataProperties><lineage><Process ToolSource="C:\Program Files\ArcGIS\Desktop10.0\ArcToolbox\Toolboxes\Data Management Tools.tbx\CalculateField" Date="20110928" Time="121701" Name="" export="">CalculateField MUNICIPIOS-URUGUAY REDEFINIDO NO VB #</Process><Process ToolSource="C:\Program Files\ArcGIS\Desktop10.0\ArcToolbox\Toolboxes\Data Management Tools.tbx\CalculateField" Date="20110928" Time="121716" Name="" export="">CalculateField MUNICIPIOS-URUGUAY REDEFINIDO "NO" VB #</Process><Process ToolSource="C:\Program Files\ArcGIS\Desktop10.0\ArcToolbox\Toolboxes\Data Management Tools.tbx\CopyFeatures" Date="20110930" Time="093443" Name="" export="">CopyFeatures "\\DINOTINT\Produccion_IG\TAREAS_2011\municipios\MUNICIPIOS URUGUAY\municipios con metadatos\MUNICIPIOS-URUGUAY.shp" "Database Connections\gdbIDE.sde\gdbIDE.SDE.OT\gdbIDE.SDE.MUNICIPIOS_URUGUAY" # 0 0 0</Process><Process ToolSource="c:\program files (x86)\arcgis\desktop10.1\ArcToolbox\Toolboxes\Conversion Tools.tbx\FeatureClassToFeatureClass" Date="20140716" Time="110920" Name="" export="">FeatureClassToFeatureClass gdbIDE.SDE.MUNICIPIOS_URUGUAY "Database Connections\SIT.sde\SIT.MIT.OT" OT_Municipios2010 # "DEPARTAMEN "DEPARTAMEN" true true false 254 Text 0 0 ,First,#,Database Connections\gdbIDE.sde\gdbIDE.SDE.OT\gdbIDE.SDE.MUNICIPIOS_URUGUAY,DEPARTAMEN,-1,-1;MUNICIPIO "MUNICIPIO" true true false 254 Text 0 0 ,First,#,Database Connections\gdbIDE.sde\gdbIDE.SDE.OT\gdbIDE.SDE.MUNICIPIOS_URUGUAY,MUNICIPIO,-1,-1;CODIGO "CODIGO" true true false 254 Text 0 0 ,First,#,Database Connections\gdbIDE.sde\gdbIDE.SDE.OT\gdbIDE.SDE.MUNICIPIOS_URUGUAY,CODIGO,-1,-1;REDEFINIDO "REDEFINIDO" true true false 10 Text 0 0 ,First,#,Database Connections\gdbIDE.sde\gdbIDE.SDE.OT\gdbIDE.SDE.MUNICIPIOS_URUGUAY,REDEFINIDO,-1,-1;FUENTE "FUENTE" true true false 100 Text 0 0 ,First,#,Database Connections\gdbIDE.sde\gdbIDE.SDE.OT\gdbIDE.SDE.MUNICIPIOS_URUGUAY,FUENTE,-1,-1;Shape_area "Shape_area" false false true 0 Double 0 0 ,First,#,Database Connections\gdbIDE.sde\gdbIDE.SDE.OT\gdbIDE.SDE.MUNICIPIOS_URUGUAY,Shape.area,-1,-1;Shape_len "Shape_len" false false true 0 Double 0 0 ,First,#,Database Connections\gdbIDE.sde\gdbIDE.SDE.OT\gdbIDE.SDE.MUNICIPIOS_URUGUAY,Shape.len,-1,-1" #</Process><Process ToolSource="c:\program files (x86)\arcgis\desktop10.1\ArcToolbox\Toolboxes\Conversion Tools.tbx\FeatureClassToFeatureClass" Date="20150916" Time="105113">FeatureClassToFeatureClass MUNICIPIOS2015_08.2015 "Database Connections\SIT_mit.sde\SIT.MIT.OT" OT_Municipios2015 # "OBJECTID "OBJECTID" true true false 10 Double 0 10 ,First,#,\\tsclient\Y\TAREAS_2015\Datos\Municipios\MUNICIPIOS2015_08.shp,OBJECTID,-1,-1;DEPARTAMEN "DEPARTAMEN" true true false 254 Text 0 0 ,First,#,\\tsclient\Y\TAREAS_2015\Datos\Municipios\MUNICIPIOS2015_08.shp,DEPARTAMEN,-1,-1;MUNICIPIO "MUNICIPIO" true true false 254 Text 0 0 ,First,#,\\tsclient\Y\TAREAS_2015\Datos\Municipios\MUNICIPIOS2015_08.shp,MUNICIPIO,-1,-1;CODIGO "CODIGO" true true false 254 Text 0 0 ,First,#,\\tsclient\Y\TAREAS_2015\Datos\Municipios\MUNICIPIOS2015_08.shp,CODIGO,-1,-1;REDEFINIDO "REDEFINIDO" true true false 10 Text 0 0 ,First,#,\\tsclient\Y\TAREAS_2015\Datos\Municipios\MUNICIPIOS2015_08.shp,REDEFINIDO,-1,-1;FUENTE "FUENTE" true true false 100 Text 0 0 ,First,#,\\tsclient\Y\TAREAS_2015\Datos\Municipios\MUNICIPIOS2015_08.shp,FUENTE,-1,-1;Shape_STAr "Shape_STAr" true true false 19 Double 0 0 ,First,#,\\tsclient\Y\TAREAS_2015\Datos\Municipios\MUNICIPIOS2015_08.shp,Shape_STAr,-1,-1;Shape_STLe "Shape_STLe" true true false 19 Double 0 0 ,First,#,\\tsclient\Y\TAREAS_2015\Datos\Municipios\MUNICIPIOS2015_08.shp,Shape_STLe,-1,-1" #</Process><Process ToolSource="c:\program files (x86)\arcgis\desktop10.3\ArcToolbox\Toolboxes\Data Management Tools.tbx\CalculateField" Date="20160303" Time="111015">CalculateField SIT.MIT.OT_Municipios2015 FUENTE "PDF INTENDENCIA (DIBUJADO EN DINOT)" VB #</Process><Process ToolSource="c:\program files (x86)\arcgis\desktop10.3\ArcToolbox\Toolboxes\Data Management Tools.tbx\CalculateField" Date="20160303" Time="113434">CalculateField SIT.MIT.OT_Municipios2015 FUENTE "SHP INTENDENCIA" VB #</Process><Process ToolSource="c:\program files (x86)\arcgis\desktop10.3\ArcToolbox\Toolboxes\Data Management Tools.tbx\CalculateField" Date="20160303" Time="115956">CalculateField SIT.MIT.OT_Municipios2015 FUENTE "DIBUJADO EN DINOT EN BASE A SGM E INTENDENCIA" VB #</Process><Process ToolSource="c:\program files (x86)\arcgis\desktop10.3\ArcToolbox\Toolboxes\Data Management Tools.tbx\CalculateField" Date="20160303" Time="121445">CalculateField SIT.MIT.OT_Municipios2015 REDEFINIDO "SI" VB #</Process><Process ToolSource="c:\program files (x86)\arcgis\desktop10.3\ArcToolbox\Toolboxes\Data Management Tools.tbx\CalculateField" Date="20160303" Time="121543">CalculateField SIT.MIT.OT_Municipios2015 REDEFINIDO "" VB #</Process><Process ToolSource="c:\program files (x86)\arcgis\desktop10.3\ArcToolbox\Toolboxes\Data Management Tools.tbx\CalculateField" Date="20160303" Time="121607">CalculateField SIT.MIT.OT_Municipios2015 REDEFINIDO "SI" VB #</Process><Process ToolSource="c:\program files (x86)\arcgis\desktop10.3\ArcToolbox\Toolboxes\Data Management Tools.tbx\CalculateField" Date="20160303" Time="121725">CalculateField SIT.MIT.OT_Municipios2015 REDEFINIDO "SI" VB #</Process><Process ToolSource="c:\program files (x86)\arcgis\desktop10.3\ArcToolbox\Toolboxes\Data Management Tools.tbx\CalculateField" Date="20160303" Time="121809">CalculateField SIT.MIT.OT_Municipios2015 REDEFINIDO "SI" VB #</Process><Process ToolSource="c:\program files (x86)\arcgis\desktop10.3\ArcToolbox\Toolboxes\Data Management Tools.tbx\CalculateField" Date="20160303" Time="121823">CalculateField SIT.MIT.OT_Municipios2015 REDEFINIDO "SI" VB #</Process><Process ToolSource="c:\program files (x86)\arcgis\desktop10.4\ArcToolbox\Toolboxes\Data Management Tools.tbx\CalculateField" Date="20190207" Time="161412">CalculateField Municipios2015 Level "ADM2"
 VB #</Process><Process ToolSource="c:\program files (x86)\arcgis\desktop10.4\ArcToolbox\Toolboxes\Data Management Tools.tbx\CalculateField" Date="20190223" Time="172359">CalculateField URY_ADM2 Name [MUNICIPIO] VB #</Process><Process ToolSource="c:\program files (x86)\arcgis\desktop10.4\ArcToolbox\Toolboxes\Data Management Tools.tbx\CalculateField" Date="20190223" Time="172555">CalculateField URY_ADM2 Level "ADM2" VB #</Process></lineage><itemProps><itemName Sync="TRUE">SIT.MIT.OT_Municipios2015</itemName><itemLocation><linkage Sync="TRUE">file://\\DESKTOP-GMBG9GF\C$\Users\datalab\Documents\ArcGIS\Default.gdb</linkage><protocol Sync="TRUE">Local Area Network</protocol></itemLocation><nativeExtBox><westBL Sync="TRUE">368501.988000</westBL><eastBL Sync="TRUE">858251.998400</eastBL><southBL Sync="TRUE">6127914.331500</southBL><northBL Sync="TRUE">6660337.785600</northBL><exTypeCode Sync="TRUE">1</exTypeCode></nativeExtBox><imsContentType Sync="TRUE">002</imsContentType></itemProps><coordRef><type Sync="TRUE">Projected</type><geogcsn Sync="TRUE">GCS_WGS_1984</geogcsn><projcsn Sync="TRUE">WGS_1984_UTM_Zone_21S</projcsn><peXml Sync="TRUE">&lt;ProjectedCoordinateSystem xsi:type='typens:ProjectedCoordinateSystem' xmlns:xsi='http://www.w3.org/2001/XMLSchema-instance' xmlns:xs='http://www.w3.org/2001/XMLSchema' xmlns:typens='http://www.esri.com/schemas/ArcGIS/10.1'&gt;&lt;WKT&gt;PROJCS[&amp;quot;WGS_1984_UTM_Zone_21S&amp;quot;,GEOGCS[&amp;quot;GCS_WGS_1984&amp;quot;,DATUM[&amp;quot;D_WGS_1984&amp;quot;,SPHEROID[&amp;quot;WGS_1984&amp;quot;,6378137.0,298.257223563]],PRIMEM[&amp;quot;Greenwich&amp;quot;,0.0],UNIT[&amp;quot;Degree&amp;quot;,0.0174532925199433]],PROJECTION[&amp;quot;Transverse_Mercator&amp;quot;],PARAMETER[&amp;quot;False_Easting&amp;quot;,500000.0],PARAMETER[&amp;quot;False_Northing&amp;quot;,10000000.0],PARAMETER[&amp;quot;Central_Meridian&amp;quot;,-57.0],PARAMETER[&amp;quot;Scale_Factor&amp;quot;,0.9996],PARAMETER[&amp;quot;Latitude_Of_Origin&amp;quot;,0.0],UNIT[&amp;quot;Meter&amp;quot;,1.0],AUTHORITY[&amp;quot;EPSG&amp;quot;,32721]]&lt;/WKT&gt;&lt;XOrigin&gt;-5120900&lt;/XOrigin&gt;&lt;YOrigin&gt;1900&lt;/YOrigin&gt;&lt;XYScale&gt;10000&lt;/XYScale&gt;&lt;ZOrigin&gt;0&lt;/ZOrigin&gt;&lt;ZScale&gt;1&lt;/ZScale&gt;&lt;MOrigin&gt;0&lt;/MOrigin&gt;&lt;MScale&gt;1&lt;/MScale&gt;&lt;XYTolerance&gt;0.001&lt;/XYTolerance&gt;&lt;ZTolerance&gt;0.001&lt;/ZTolerance&gt;&lt;MTolerance&gt;0.001&lt;/MTolerance&gt;&lt;HighPrecision&gt;true&lt;/HighPrecision&gt;&lt;WKID&gt;32721&lt;/WKID&gt;&lt;LatestWKID&gt;32721&lt;/LatestWKID&gt;&lt;/ProjectedCoordinateSystem&gt;</peXml><csUnits Sync="TRUE">Linear Unit: Meter (1.000000)</csUnits></coordRef></DataProperties><ArcGISFormat>1.0</ArcGISFormat><scaleRange><minScale>500000</minScale><maxScale>5000</maxScale></scaleRange><ArcGISProfile>ItemDescription</ArcGISProfile></Esri><eainfo><detailed Name="SIT.MIT.OT_Municipios2015"><enttyp><enttypl Sync="TRUE">SIT.MIT.OT_Municipios2015</enttypl><enttypt Sync="TRUE">Feature Class</enttypt><enttypc Sync="TRUE">0</enttypc></enttyp><attr><attrlabl Sync="TRUE">OBJECTID_1</attrlabl><attalias Sync="TRUE">OBJECTID_1</attalias><attrtype Sync="TRUE">OID</attrtype><attwidth Sync="TRUE">4</attwidth><atprecis Sync="TRUE">10</atprecis><attscale Sync="TRUE">0</attscale><attrdef Sync="TRUE">Internal feature number.</attrdef><attrdefs Sync="TRUE">Esri</attrdefs><attrdomv><udom Sync="TRUE">Sequential unique whole numbers that are automatically generated.</udom></attrdomv></attr><attr><attrlabl Sync="TRUE">OBJECTID</attrlabl><attalias Sync="TRUE">OBJECTID</attalias><attrtype Sync="TRUE">Double</attrtype><attwidth Sync="TRUE">8</attwidth><atprecis Sync="TRUE">10</atprecis><attscale Sync="TRUE">0</attscale><attrdef Sync="TRUE">Internal feature number.</attrdef><attrdefs Sync="TRUE">ESRI</attrdefs><attrdomv><udom Sync="TRUE">Sequential unique whole numbers that are automatically generated.</udom></attrdomv></attr><attr><attrlabl Sync="TRUE">Shape</attrlabl><attalias Sync="TRUE">Shape</attalias><attrtype Sync="TRUE">Geometry</attrtype><attwidth Sync="TRUE">4</attwidth><atprecis Sync="TRUE">0</atprecis><attscale Sync="TRUE">0</attscale><attrdef Sync="TRUE">Feature geometry.</attrdef><attrdefs Sync="TRUE">ESRI</attrdefs><attrdomv><udom Sync="TRUE">Coordinates defining the features.</udom></attrdomv></attr><attr><attrlabl Sync="TRUE">DEPARTAMEN</attrlabl><attalias Sync="TRUE">DEPARTAMEN</attalias><attrtype Sync="TRUE">String</attrtype><attwidth Sync="TRUE">254</attwidth><atprecis Sync="TRUE">0</atprecis><attscale Sync="TRUE">0</attscale></attr><attr><attrlabl Sync="TRUE">MUNICIPIO</attrlabl><attalias Sync="TRUE">MUNICIPIO</attalias><attrtype Sync="TRUE">String</attrtype><attwidth Sync="TRUE">254</attwidth><atprecis Sync="TRUE">0</atprecis><attscale Sync="TRUE">0</attscale></attr><attr><attrlabl Sync="TRUE">REDEFINIDO</attrlabl><attalias Sync="TRUE">REDEFINIDO</attalias><attrtype Sync="TRUE">String</attrtype><attwidth Sync="TRUE">10</attwidth><atprecis Sync="TRUE">0</atprecis><attscale Sync="TRUE">0</attscale></attr><attr><attrlabl Sync="TRUE">FUENTE</attrlabl><attalias Sync="TRUE">FUENTE</attalias><attrtype Sync="TRUE">String</attrtype><attwidth Sync="TRUE">100</attwidth><atprecis Sync="TRUE">0</atprecis><attscale Sync="TRUE">0</attscale></attr><attr><attrlabl Sync="TRUE">Shape_STAr</attrlabl><attalias Sync="TRUE">Shape_STAr</attalias><attrtype Sync="TRUE">Double</attrtype><attwidth Sync="TRUE">8</attwidth><atprecis Sync="TRUE">38</atprecis><attscale Sync="TRUE">8</attscale></attr><attr><attrlabl Sync="TRUE">Shape_STLe</attrlabl><attalias Sync="TRUE">Shape_STLe</attalias><attrtype Sync="TRUE">Double</attrtype><attwidth Sync="TRUE">8</attwidth><atprecis Sync="TRUE">38</atprecis><attscale Sync="TRUE">8</attscale></attr><attr><attrlabl Sync="TRUE">CODIGO</attrlabl><attalias Sync="TRUE">CODIGO</attalias><attrtype Sync="TRUE">String</attrtype><attwidth Sync="TRUE">254</attwidth><atprecis Sync="TRUE">0</atprecis><attscale Sync="TRUE">0</attscale></attr><attr><attrlabl Sync="TRUE">Shape.STArea()</attrlabl><attalias Sync="TRUE">Shape.STArea()</attalias><attrtype Sync="TRUE">Double</attrtype><attwidth Sync="TRUE">0</attwidth><atprecis Sync="TRUE">0</atprecis><attscale Sync="TRUE">0</attscale></attr><attr><attrlabl Sync="TRUE">Shape.STLength()</attrlabl><attalias Sync="TRUE">Shape.STLength()</attalias><attrtype Sync="TRUE">Double</attrtype><attwidth Sync="TRUE">0</attwidth><atprecis Sync="TRUE">0</atprecis><attscale Sync="TRUE">0</attscale></attr></detailed></eainfo><mdFileID>f84a5c3e-cfad-419a-b3f6-bc15b61dd61c</mdFileID><mdLang><languageCode value="spa"/><countryCode value="URY" Sync="TRUE"/></mdLang><mdChar><CharSetCd value="004"/></mdChar><mdHrLv><ScopeCd value="005"/></mdHrLv><mdContact><rpOrgName>Ministerio de Vivienda, Ordenamiento Territorial y Medio Ambiente. Dirección Nacional de Ordenamiento Territorial</rpOrgName><rpPosName>Departamento de Monitoreo e Información Territorial</rpPosName><rpCntInfo><cntPhone><voiceNum>29170710 int 3304</voiceNum></cntPhone><cntAddress><delPoint>Galicia 1133</delPoint><city>Montevideo</city><adminArea>Montevideo</adminArea><postCode>11100</postCode><country>UY</country><country>UY</country><eMailAdd>sit@mvotma.gub.uy</eMailAdd></cntAddress></rpCntInfo></mdContact><mdDateSt Sync="TRUE">20150916</mdDateSt><mdStanName>ArcGIS Metadata</mdStanName><mdStanVer>1.0</mdStanVer><distInfo><distFormat><formatName Sync="TRUE">SDE Feature Class</formatName><formatVer>10</formatVer></distFormat><distTranOps><onLineSrc><linkage>http://www.dinama.gub.uy/sia/dinot/ArcGIS/services/Municipios/MapServer/KmlServer?Composite=false</linkage><protocol>OGC:KML</protocol><orName>KML Municipios</orName></onLineSrc><onLineSrc><linkage>http://www.dinama.gub.uy/sia/dinot/ArcGIS/services/Municipios/MapServer/WMSServer?</linkage><protocol>OGC:WMS-1.3.0-http-get-capabilities</protocol><orName>WMS Municipios</orName></onLineSrc></distTranOps><distTranOps><onLineSrc><linkage>http://www.dinama.gub.uy/sia/dinot/ags/Visor_SIT/</linkage><protocol>WWW:LINK-1.0-http--link</protocol><orName>Sistema de Información Territorial - MVOTMA</orName><orDesc>Visualizador del Sistema de Información Territorial de la DINOT - MVOTMA. Contiene capas de Cartografía Base, Producción, Ambiente, Ordenamiento Territorial y Hábitat.</orDesc></onLineSrc></distTranOps></distInfo><dataIdInfo><idCitation><resTitle Sync="TRUE">SIT.MIT.OT_Municipios2015</resTitle><resAltTitle>MUNICIPIOS, URUGUAY</resAltTitle><date><createDate>2011-12-12T11:56:00</createDate></date><resEd>1</resEd><presForm><PresFormCd value="005" Sync="TRUE"/></presForm></idCitation><idAbs>&lt;DIV STYLE="text-align:Left;"&gt;&lt;DIV&gt;&lt;DIV&gt;&lt;P&gt;&lt;SPAN&gt;Capa de polígonos con la georreferenciación de los nuevos límites administrativos del tercer nivel de Gobierno y de Administración del territorio nacional, creados en base a la Ley de Descentralización, Nº18.567 del año 2010.&lt;/SPAN&gt;&lt;SPAN /&gt;&lt;/P&gt;&lt;P&gt;&lt;SPAN /&gt;&lt;/P&gt;&lt;P&gt;&lt;SPAN&gt;La capa representa los Municipios definidos por cada Gobierno Departamental en el 2010. No siempre coinciden con los límites de las series electorales. &lt;/SPAN&gt;&lt;/P&gt;&lt;/DIV&gt;&lt;/DIV&gt;&lt;/DIV&gt;</idAbs><idPoC><rpOrgName>Ministerio de Vivienda, Ordenamiento Territorial y Medio Ambiente. Dirección Nacional de Ordenamiento Territorial</rpOrgName><rpPosName>Dirección de Monitoreo e Información Territorial</rpPosName><rpCntInfo><cntPhone><voiceNum>2917 0710 int 3304</voiceNum></cntPhone><cntAddress><delPoint>Galicia 1133</delPoint><city>Montevideo</city><adminArea>Montevideo</adminArea><postCode>11100</postCode><country>UY</country><country>UY</country><eMailAdd>sit@mvotma.gub.uy</eMailAdd></cntAddress><cntOnlineRes><linkage>http://www.mvotma.gub.uy/sisnia.html</linkage></cntOnlineRes></rpCntInfo></idPoC><graphOver><bgFileName>Municipios_s.png</bgFileName><bgFileDesc>thumbnail</bgFileDesc><bgFileType>png</bgFileType></graphOver><graphOver><bgFileName>Municipios.png</bgFileName><bgFileDesc>large_thumbnail</bgFileDesc><bgFileType>png</bgFileType></graphOver><placeKeys><keyword>URUGUAY</keyword></placeKeys><themeKeys><keyword>GOBIERNO</keyword><keyword>MUNICIPIOS</keyword><keyword>DESCENTRALIZACIÓN</keyword><keyword>GOBIERNO MUNICIPAL</keyword></themeKeys><searchKeys><keyword>GOBIERNO</keyword><keyword>MUNICIPIOS</keyword><keyword>DESCENTRALIZACIÓN</keyword><keyword>URUGUAY</keyword><keyword>GOBIERNO MUNICIPAL</keyword></searchKeys><resConst><LegConsts><othConsts>Ver Resolución 902/2011 del MVOTMA.</othConsts></LegConsts></resConst><dataScale><equScale><rfDenom>50000</rfDenom></equScale></dataScale><dataLang><languageCode value="spa"/><countryCode value="URY" Sync="TRUE"/></dataLang><dataExt><geoEle><GeoBndBox><westBL>-58.4386</westBL><eastBL>-53.0983</eastBL><southBL>-34.9438</southBL><northBL>-30.0967</northBL></GeoBndBox></geoEle></dataExt><suppInfo>Este material no está libre de errores. Errores u omisiones podrán ser remitidos al Departamento de Monitoreo e Información Territorial de la Dirección Nacional de Ordenamiento Territorial.</suppInfo><envirDesc Sync="TRUE">Microsoft Windows Server 2008 R2 Version 6.1 (Build 7601) Service Pack 1; Esri ArcGIS 10.1.1.3143</envirDesc><spatRpType><SpatRepTypCd value="001" Sync="TRUE"/></spatRpType><dataExt><geoEle xmlns=""><GeoBndBox esriExtentType="search"><exTypeCode Sync="TRUE">1</exTypeCode><westBL Sync="TRUE">-58.440694</westBL><eastBL Sync="TRUE">-53.078517</eastBL><northBL Sync="TRUE">-30.135689</northBL><southBL Sync="TRUE">-34.991367</southBL></GeoBndBox></geoEle></dataExt><idCredit>Esta capa de polígonos fue generada por la DINOT georreferenciando el ámbito de aplicación de los Municipios y finalizada en el 2011. La información fue brindada por los Gobiernos Departamentales y Municipios. Las capas de los municipios de Canelones, Maldonado y Montevideo fueron realizadas por sus respectivas intendencias. Se utilizó como cartografía base el conjunto de datos provisorios de la IDE-UY.</idCredit><tpCat><TopicCatCd value="010"/></tpCat></dataIdInfo><dqInfo><dataLineage><statement>Esta capa de polígonos fue generada por la DINOT georreferenciando el ámbito de aplicación de los Municipios y finalizada en el 2011. La información fue brindada por los Gobiernos Departamentales y Municipios. Las capas de los municipios de Canelones, Maldonado y Montevideo fueron realizadas por sus respectivas intendencias. Se utilizó como cartografía base el conjunto de datos provisorios de la IDE-UY. El mecanismo de control utilizado fue la inspección visual y se verificó con las Intendencias.</statement></dataLineage></dqInfo><refSysInfo><RefSystem><refSysID><identCode code="SIRGAS 2000 / UTM zone 21S (EPSG:31981)"/><idCodeSpace Sync="TRUE">EPSG</idCodeSpace><idVersion Sync="TRUE">7.11.2</idVersion></refSysID></RefSystem></refSysInfo><mdHrLvName Sync="TRUE">dataset</mdHrLvName><spatRepInfo><VectSpatRep><geometObjs Name="SIT.MIT.OT_Municipios2015"><geoObjTyp><GeoObjTypCd value="002" Sync="TRUE"/></geoObjTyp><geoObjCnt Sync="TRUE">0</geoObjCnt></geometObjs><topLvl><TopoLevCd value="001" Sync="TRUE"/></topLvl></VectSpatRep></spatRepInfo><spdoinfo><ptvctinf><esriterm Name="SIT.MIT.OT_Municipios2015"><efeatyp Sync="TRUE">Simple</efeatyp><efeageom code="4" Sync="TRUE"/><esritopo Sync="TRUE">FALSE</esritopo><efeacnt Sync="TRUE">0</efeacnt><spindex Sync="TRUE">TRUE</spindex><linrefer Sync="TRUE">FALSE</linrefer></esriterm></ptvctinf></spdoinfo></metadata>
