{"boundaryID": "VNM-ADM0-46766057", "boundaryISO": "VNM", "boundaryType": "ADM0", "boundaryYear": "2016", "boundarySource-1": "geoBoundaries", "boundarySource-2": "Wikipedia", "boundaryCanonical": "Vi\u1ec7t Nam", "boundaryLicense": "Creative Commons Attribution 4.0 International (CC BY 4.0)", "licenseDetail": "N/A", "licenseSource": "https//commons.wikimedia.org/wiki/File", "boundarySourceURL": "https//en.wikipedia.org/wiki/Vietnam#/media/File", "downloadURL": "https://github.com/wmgeolab/geoBoundaries/raw/main/releaseData/gbOpen/VNM_ADM0.zip", "sourceDataUpdateDate": "Nov 16, 2021", "buildUpdateDate": "Nov 22, 2021"}