{"boundaryID": "CHL-ADM0-13215721", "boundaryISO": "CHL", "boundaryType": "ADM0", "boundaryYear": "2017.0", "boundarySource-1": "OpenStreetMap", "boundarySource-2": "Wambacher", "boundaryCanonical": "pa\u00edses", "boundaryLicense": "Open Data Commons Open Database License 1.0", "licenseDetail": "Open Data Commons Open Database License 1.0", "licenseSource": "https//www.openstreetmap.org/copyright", "boundarySourceURL": "https//wambachers-osm.website/boundaries/", "downloadURL": "https://github.com/wmgeolab/geoBoundaries/raw/main/releaseData/gbOpen/CHL_ADM0.zip", "sourceDataUpdateDate": "Jun 03, 2021", "buildUpdateDate": "Jul 12, 2021"}