{"boundaryID": "CIV-ADM0-57012117", "boundaryISO": "CIV", "boundaryType": "ADM0", "boundaryYear": "2016", "boundarySource-1": "Comit\u00c3\u0083\u00c2\u00a9 National de T\u00c3\u0083\u00c2\u00a9l\u00c3\u0083\u00c2\u00a9d\u00c3\u0083\u00c2\u00a9tection et d'Information G\u00c3\u0083\u00c2\u00a9ographique (CNTIG)", "boundarySource-2": "United Nations Office for the Coordination of Humanitarian Affairs Cote d'Ivoire", "boundaryCanonical": "C\u00f4te d'Ivoire", "boundaryLicense": "Other - Humanitarian", "licenseDetail": "Humanitarian use only - Noted in metadata tab", "licenseSource": "https//data.humdata.org/dataset/cote-d-ivoire-administrative-level-0-3-boundaries-and-points", "boundarySourceURL": "https//data.humdata.org/dataset/cote-d-ivoire-administrative-level-0-3-boundaries-and-points", "downloadURL": "https://github.com/wmgeolab/geoBoundaries/raw/main/releaseData/gbHumanitarian/CIV_ADM0.zip", "sourceDataUpdateDate": "Oct 23, 2020", "buildUpdateDate": "Mar 22, 2021"}