{"boundaryID": "PSE-ADM0-14998155", "boundaryISO": "PSE", "boundaryType": "ADM0", "boundaryYear": "2017.0", "boundarySource-1": "OpenStreetMap", "boundarySource-2": "Wambacher", "boundaryCanonical": "State of Palestine", "boundaryLicense": "Open Data Commons Open Database License 1.0", "licenseDetail": "Open Data Commons Open Database License 1.0", "licenseSource": "https//www.openstreetmap.org/copyright", "boundarySourceURL": "https//wambachers-osm.website/boundaries/", "downloadURL": "https://github.com/wmgeolab/geoBoundaries/raw/main/releaseData/gbOpen/PSE_ADM0.zip", "sourceDataUpdateDate": "Dec 02, 2020", "buildUpdateDate": "Jul 09, 2021"}