{"boundaryID": "JPN-ADM0-39117424", "boundaryISO": "JPN", "boundaryType": "ADM0", "boundaryYear": "2017.0", "boundarySource-1": "OpenStreetMap", "boundarySource-2": "Wambacher", "boundaryCanonical": "Nippon-koku", "boundaryLicense": "Open Data Commons Open Database License 1.0", "licenseDetail": "Open Data Commons Open Database License 1.0", "licenseSource": "https//www.openstreetmap.org/copyright", "boundarySourceURL": "https//wambachers-osm.website/boundaries/", "downloadURL": "https://github.com/wmgeolab/geoBoundaries/raw/main/releaseData/gbOpen/JPN_ADM0.zip", "sourceDataUpdateDate": "Jul 27, 2021", "buildUpdateDate": "Jul 28, 2021"}