{"boundaryID": "ROU-ADM1-40362267", "boundaryISO": "ROU", "boundaryType": "ADM1", "boundaryYear": "2016", "boundarySource-1": "Agen\u021bia Na\u021bional\u0103 de Cadastru \u0219i Publicitate Imobiliar\u0103", "boundarySource-2": "", "boundaryCanonical": "County", "boundaryLicense": "Open Data Commons Open Database License 1.0", "licenseDetail": "License on source page. Additional information in linked PDF.", "licenseSource": "http//data.gov.ro/dataset/unitati-administrative", "boundarySourceURL": "http//data.gov.ro/dataset/unitati-administrative", "downloadURL": "https://github.com/wmgeolab/geoBoundaries/raw/main/releaseData/gbOpen/ROU_ADM1.zip", "sourceDataUpdateDate": "Jun 04, 2021", "buildUpdateDate": "Jul 09, 2021"}