<PAMDataset>
  <SRS>PROJCS["WGS_1984_Web_Mercator_Auxiliary_Sphere",GEOGCS["GCS_WGS_1984",DATUM["D_WGS_1984",SPHEROID["WGS_1984",6378137,298.257223563,AUTHORITY["EPSG","7030"]],AUTHORITY["EPSG","6326"]],PRIMEM["Greenwich",0,AUTHORITY["EPSG","8901"]],UNIT["degree",0.0174532925199433,AUTHORITY["EPSG","9122"]],AUTHORITY["EPSG","4326"]],PROJECTION["Mercator_1SP"],PARAMETER["central_meridian",0],PARAMETER["scale_factor",1],PARAMETER["false_easting",0],PARAMETER["false_northing",0],UNIT["metre",1,AUTHORITY["EPSG","9001"]],AXIS["X",EAST],AXIS["Y",NORTH],EXTENSION["PROJ4","+proj=merc +a=6378137 +b=6378137 +lat_ts=0.0 +lon_0=0.0 +x_0=0.0 +y_0=0 +k=1.0 +units=m +nadgrids=@null +wktext +no_defs"],AUTHORITY["EPSG","3857"]]</SRS>
  <Metadata domain="IMAGE_STRUCTURE">
    <MDI key="COMPRESSION">JPEG</MDI>
    <MDI key="INTERLEAVE">PIXEL</MDI>
    <MDI key="SOURCE_COLOR_SPACE">YCbCr</MDI>
  </Metadata>
  <Metadata domain="xml:ESRI" format="xml">
    <GeodataXform xsi:type="typens:PolynomialXform" xmlns:xsi="http://www.w3.org/2001/XMLSchema-instance" xmlns:xs="http://www.w3.org/2001/XMLSchema" xmlns:typens="http://www.esri.com/schemas/ArcGIS/2.7.0">
      <PolynomialOrder>1</PolynomialOrder>
      <SpatialReference xsi:type="typens:ProjectedCoordinateSystem">
        <WKT>PROJCS["WGS_1984_Web_Mercator_Auxiliary_Sphere",GEOGCS["GCS_WGS_1984",DATUM["D_WGS_1984",SPHEROID["WGS_1984",6378137.0,298.257223563]],PRIMEM["Greenwich",0.0],UNIT["Degree",0.0174532925199433]],PROJECTION["Mercator_Auxiliary_Sphere"],PARAMETER["False_Easting",0.0],PARAMETER["False_Northing",0.0],PARAMETER["Central_Meridian",0.0],PARAMETER["Standard_Parallel_1",0.0],PARAMETER["Auxiliary_Sphere_Type",0.0],UNIT["Meter",1.0],AUTHORITY["EPSG",3857]]</WKT>
        <XOrigin>-20037700</XOrigin>
        <YOrigin>-30241100</YOrigin>
        <XYScale>148923141.92838538</XYScale>
        <ZOrigin>-100000</ZOrigin>
        <ZScale>10000</ZScale>
        <MOrigin>-100000</MOrigin>
        <MScale>10000</MScale>
        <XYTolerance>0.001</XYTolerance>
        <ZTolerance>0.001</ZTolerance>
        <MTolerance>0.001</MTolerance>
        <HighPrecision>true</HighPrecision>
        <WKID>102100</WKID>
        <LatestWKID>3857</LatestWKID>
      </SpatialReference>
      <SourceGCPs xsi:type="typens:ArrayOfDouble">
        <Double>545.34151436031334</Double>
        <Double>-656.6612271540472</Double>
        <Double>626.21086137462407</Double>
        <Double>-851.38103983178735</Double>
        <Double>1140.8881402566196</Double>
        <Double>-378.40583941303726</Double>
        <Double>817.30777450211474</Double>
        <Double>-266.26245556006688</Double>
        <Double>877.24816116474494</Double>
        <Double>-131.99208393033496</Double>
        <Double>1021.7958379001492</Double>
        <Double>-551.28432155504152</Double>
        <Double>778.36198518783158</Double>
        <Double>-584.38417843109369</Double>
        <Double>842.13072701201952</Double>
        <Double>-706.92833063724765</Double>
        <Double>853.27744622067235</Double>
        <Double>-706.62194854393147</Double>
        <Double>873.57655643886562</Double>
        <Double>-79.835297930463867</Double>
        <Double>838.60218265520018</Double>
        <Double>-698.58418493274144</Double>
        <Double>599.51342497790677</Double>
        <Double>-799.90991130585553</Double>
        <Double>614.15872130371145</Double>
        <Double>-826.2618299744347</Double>
        <Double>1081.5920045456533</Double>
        <Double>-326.41356561162024</Double>
      </SourceGCPs>
      <TargetGCPs xsi:type="typens:ArrayOfDouble">
        <Double>5788436.6285619605</Double>
        <Double>2155129.2247726754</Double>
        <Double>5911839.7523275185</Double>
        <Double>1880945.8644962246</Double>
        <Double>6655527.2591481423</Double>
        <Double>2574557.5848253062</Double>
        <Double>6176056.7766100997</Double>
        <Double>2746925.8912197356</Double>
        <Double>6262784.1072434317</Double>
        <Double>2951574.4566748273</Double>
        <Double>6479227.3827399258</Double>
        <Double>2322937.1039422075</Double>
        <Double>6122323.5953820534</Double>
        <Double>2273324.8288628231</Double>
        <Double>6216846.8155032704</Double>
        <Double>2095733.7420921691</Double>
        <Double>6233400.7945087375</Double>
        <Double>2096561.4410424423</Double>
        <Double>6257813.8611277435</Double>
        <Double>3030291.1960233725</Double>
        <Double>6207874.5588823073</Double>
        <Double>2106990.4478158872</Double>
        <Double>5871497.7054912122</Double>
        <Double>1956812.7502782873</Double>
        <Double>5894466.6824408779</Double>
        <Double>1918714.7608359442</Double>
        <Double>6566584.7164292606</Double>
        <Double>2656773.252635547</Double>
      </TargetGCPs>
      <Name />
    </GeodataXform>
  </Metadata>
</PAMDataset>
