{"boundaryID": "HTI-ADM0-61731892", "boundaryISO": "HTI", "boundaryType": "ADM0", "boundaryYear": "2014", "boundarySource-1": "From SALB Data, United Nations", "boundarySource-2": "Centre National de l'information Geo-Spatiale, Haiti", "boundaryCanonical": "R\u00e9publique d'Ha\u00efti", "boundaryLicense": "UN SALB Data License", "licenseDetail": "", "licenseSource": "https//www.unsalb.org/sites/default/files/wysiwyg_uploads/docs_uploads/SALB_DataSpecifications_v2.0_20210601.pdf", "boundarySourceURL": "https//www.unsalb.org/data/hti", "downloadURL": "https://github.com/wmgeolab/geoBoundaries/raw/main/releaseData/gbAuthoritative/HTI_ADM0.zip", "sourceDataUpdateDate": "Jun 11, 2021", "buildUpdateDate": "Jul 02, 2021"}