{"boundaryID": "KHM-ADM0-29009607", "boundaryISO": "KHM", "boundaryType": "ADM0", "boundaryYear": "01-01-1998 to 01-01-2006", "boundarySource-1": "From SALB Data, United Nations", "boundarySource-2": "Geographic Department, Ministry of Land Management, Urban Planning and Construction", "boundaryCanonical": "Kingdom of Cambodia", "boundaryLicense": "UN SALB Data License", "licenseDetail": "", "licenseSource": "https//www.unsalb.org/sites/default/files/wysiwyg_uploads/docs_uploads/SALB_DataSpecifications_v2.0_20210601.pdf", "boundarySourceURL": "https//www.unsalb.org/data/khm", "downloadURL": "https://github.com/wmgeolab/geoBoundaries/raw/main/releaseData/gbAuthoritative/KHM_ADM0.zip", "sourceDataUpdateDate": "Feb 17, 2022", "buildUpdateDate": "Mar 11, 2022"}