{"boundaryID": "CAN-ADM0-53974064", "boundaryISO": "CAN", "boundaryType": "ADM0", "boundaryYear": "2016", "boundarySource-1": "From SALB Data, United Nations", "boundarySource-2": "Canada Centre for Mapping and Earth Observation, Strategic Policy and Results Sector, Natural Resources Canada", "boundaryCanonical": "Canada", "boundaryLicense": "UN SALB Data License", "licenseDetail": "", "licenseSource": "https//www.unsalb.org/sites/default/files/wysiwyg_uploads/docs_uploads/SALB_DataSpecifications_v2.0_20210601.pdf", "boundarySourceURL": "https//www.unsalb.org/data/can", "downloadURL": "https://github.com/wmgeolab/geoBoundaries/raw/main/releaseData/gbAuthoritative/CAN_ADM0.zip", "sourceDataUpdateDate": "Jun 11, 2021", "buildUpdateDate": "Jul 08, 2021"}