<?xml version="1.0" encoding="UTF-8"?>
<metadata xml:lang="es"><Esri><CreaDate>20170920</CreaDate><CreaTime>14114000</CreaTime><ArcGISFormat>1.0</ArcGISFormat><ArcGISstyle>North American Profile of ISO19115 2003</ArcGISstyle><SyncOnce>FALSE</SyncOnce><DataProperties><itemProps><itemName Sync="TRUE">dptoA</itemName><imsContentType Sync="TRUE">002</imsContentType><nativeExtBox><westBL Sync="TRUE">377578.711200</westBL><eastBL Sync="TRUE">642687.105000</eastBL><southBL Sync="TRUE">226505.648300</southBL><northBL Sync="TRUE">369608.674400</northBL><exTypeCode Sync="TRUE">1</exTypeCode></nativeExtBox><itemLocation><linkage Sync="TRUE">file://\\IG-W7FBENITEZ\GDB_SLV\DESCARGAS\2013-07-05\Shapefiles\GCS_WGS_1984\Límites\dptoA_WGS_1984</linkage><protocol Sync="TRUE">Local Area Network</protocol></itemLocation><itemSize Sync="TRUE">0.000</itemSize></itemProps><coordRef><type Sync="TRUE">Geographic</type><geogcsn Sync="TRUE">GCS_WGS_1984</geogcsn><peXml Sync="TRUE">&lt;GeographicCoordinateSystem xsi:type='typens:GeographicCoordinateSystem' xmlns:xsi='http://www.w3.org/2001/XMLSchema-instance' xmlns:xs='http://www.w3.org/2001/XMLSchema' xmlns:typens='http://www.esri.com/schemas/ArcGIS/10.1'&gt;&lt;WKT&gt;GEOGCS[&amp;quot;GCS_WGS_1984&amp;quot;,DATUM[&amp;quot;D_WGS_1984&amp;quot;,SPHEROID[&amp;quot;WGS_1984&amp;quot;,6378137.0,298.257223563]],PRIMEM[&amp;quot;Greenwich&amp;quot;,0.0],UNIT[&amp;quot;Degree&amp;quot;,0.0174532925199433],METADATA[&amp;quot;World&amp;quot;,-180.0,-90.0,180.0,90.0,0.0,0.0174532925199433,0.0,1262],AUTHORITY[&amp;quot;EPSG&amp;quot;,4326]]&lt;/WKT&gt;&lt;XOrigin&gt;-400&lt;/XOrigin&gt;&lt;YOrigin&gt;-400&lt;/YOrigin&gt;&lt;XYScale&gt;11258999068426.238&lt;/XYScale&gt;&lt;ZOrigin&gt;-100000&lt;/ZOrigin&gt;&lt;ZScale&gt;10000&lt;/ZScale&gt;&lt;MOrigin&gt;-100000&lt;/MOrigin&gt;&lt;MScale&gt;10000&lt;/MScale&gt;&lt;XYTolerance&gt;8.983152841195215e-009&lt;/XYTolerance&gt;&lt;ZTolerance&gt;0.001&lt;/ZTolerance&gt;&lt;MTolerance&gt;0.001&lt;/MTolerance&gt;&lt;HighPrecision&gt;true&lt;/HighPrecision&gt;&lt;LeftLongitude&gt;-180&lt;/LeftLongitude&gt;&lt;WKID&gt;4326&lt;/WKID&gt;&lt;LatestWKID&gt;4326&lt;/LatestWKID&gt;&lt;/GeographicCoordinateSystem&gt;</peXml><csUnits Sync="TRUE">Angular Unit: Degree (0.017453)</csUnits></coordRef><lineage><Process ToolSource="c:\program files (x86)\arcgis\desktop10.0\ArcToolbox\Toolboxes\Conversion Tools.tbx\FeatureClassToFeatureClass" Date="20130221" Time="082336">FeatureClassToFeatureClass dptoA T:\edwin-jimenez\Geodata\Procesos.mdb\Idges_rev deptoA # "ID "ID" true true false 8 Double 0 0 ,First,#,U:\LIM.gdb\LIM_NAC\dptoA,ID,-1,-1;F_CODE "F_CODE" true true false 255 Text 0 0 ,First,#,U:\LIM.gdb\LIM_NAC\dptoA,F_CODE,-1,-1;TIPO_ADM "TIPO_ADM" true true false 255 Text 0 0 ,First,#,U:\LIM.gdb\LIM_NAC\dptoA,TIPO_ADM,-1,-1;NOM_DPTO "NOM_DPTO" true true false 255 Text 0 0 ,First,#,U:\LIM.gdb\LIM_NAC\dptoA,NOM_DPTO,-1,-1;COD_DPTO "COD_DPTO" true true false 255 Text 0 0 ,First,#,U:\LIM.gdb\LIM_NAC\dptoA,COD_DPTO,-1,-1;Shape_Length "Shape_Length" false true true 8 Double 0 0 ,First,#,U:\LIM.gdb\LIM_NAC\dptoA,Shape_Length,-1,-1;Shape_Area "Shape_Area" false true true 8 Double 0 0 ,First,#,U:\LIM.gdb\LIM_NAC\dptoA,Shape_Area,-1,-1" #</Process><Process ToolSource="c:\program files (x86)\arcgis\desktop10.1\ArcToolbox\Toolboxes\Conversion Tools.tbx\FeatureClassToFeatureClass" Date="20130725" Time="141132">FeatureClassToFeatureClass C:\GDB_SLV\GDB_SLV_WGS84.gdb\LIM_NAC\dptoA C:\GDB_SLV\DESCARGAS\2013-07-05\Shapefiles\GCS_WGS_1984 dptoA.shp # "ID "ID" true true false 8 Double 0 0 ,First,#,C:\GDB_SLV\GDB_SLV_WGS84.gdb\LIM_NAC\dptoA,ID,-1,-1;F_CODE "F_CODE" true true false 255 Text 0 0 ,First,#,C:\GDB_SLV\GDB_SLV_WGS84.gdb\LIM_NAC\dptoA,F_CODE,-1,-1;TIPO_ADM "TIPO_ADM" true true false 255 Text 0 0 ,First,#,C:\GDB_SLV\GDB_SLV_WGS84.gdb\LIM_NAC\dptoA,TIPO_ADM,-1,-1;NOM_DPTO "NOM_DPTO" true true false 255 Text 0 0 ,First,#,C:\GDB_SLV\GDB_SLV_WGS84.gdb\LIM_NAC\dptoA,NOM_DPTO,-1,-1;COD_DPTO "COD_DPTO" true true false 255 Text 0 0 ,First,#,C:\GDB_SLV\GDB_SLV_WGS84.gdb\LIM_NAC\dptoA,COD_DPTO,-1,-1;Shape_Leng "Shape_Length" false true true 8 Double 0 0 ,First,#,C:\GDB_SLV\GDB_SLV_WGS84.gdb\LIM_NAC\dptoA,Shape_Length,-1,-1;Shape_Area "Shape_Area" false true true 8 Double 0 0 ,First,#,C:\GDB_SLV\GDB_SLV_WGS84.gdb\LIM_NAC\dptoA,Shape_Area,-1,-1" #</Process><Process ToolSource="c:\program files (x86)\arcgis\desktop10.3\ArcToolbox\Toolboxes\Data Management Tools.tbx\CalculateField" Date="20170920" Time="141250">CalculateField SLV_ADM1 Name [NOM_DPTO] VB #</Process><Process ToolSource="c:\program files (x86)\arcgis\desktop10.3\ArcToolbox\Toolboxes\Data Management Tools.tbx\CalculateField" Date="20170920" Time="141258">CalculateField SLV_ADM1 Level "ADM1" VB #</Process></lineage><copyHistory><copy source="C:\GDB_SLV\DESCARGAS\2013-07-05\Shapefiles\GCS_WGS_1984\dptoA_WGS_1984" dest="\\IG-W7FBENITEZ\GDB_SLV\DESCARGAS\2013-07-05\Shapefiles\GCS_WGS_1984\Límites\dptoA_WGS_1984" date="20130726" time="08584700"></copy></copyHistory></DataProperties><SyncDate>20130725</SyncDate><SyncTime>14113100</SyncTime><ModDate>20130725</ModDate><ModTime>14113100</ModTime></Esri><dataIdInfo><envirDesc Sync="TRUE">Microsoft Windows 7 Version 6.1 (Build 7601) Service Pack 1; Esri ArcGIS 10.1.1.3143</envirDesc><dataLang><languageCode value="spa" country="SLV"></languageCode><countryCode value="SLV" Sync="TRUE"></countryCode></dataLang><idCitation><resTitle Sync="TRUE">dptoA</resTitle><presForm><PresFormCd value="005"></PresFormCd></presForm></idCitation><descKeys><thesaName uuidref="723f6998-058e-11dc-8314-0800200c9a66"></thesaName><keyword Sync="TRUE">002</keyword></descKeys><spatRpType><SpatRepTypCd value="001"></SpatRepTypCd></spatRpType><dataExt><geoEle><GeoBndBox esriExtentType="search"><westBL Sync="TRUE">-90.135395</westBL><eastBL Sync="TRUE">-87.676653</eastBL><northBL Sync="TRUE">14.450422</northBL><southBL Sync="TRUE">13.153320</southBL><exTypeCode Sync="TRUE">1</exTypeCode></GeoBndBox></geoEle></dataExt></dataIdInfo><mdLang><languageCode value="spa"></languageCode><countryCode value="SLV" Sync="TRUE"></countryCode></mdLang><mdChar><CharSetCd value="004"></CharSetCd></mdChar><distInfo><distFormat><formatName Sync="TRUE">Shapefile</formatName></distFormat><distTranOps><transSize Sync="TRUE">0.000</transSize></distTranOps></distInfo><mdHrLv><ScopeCd value="005"></ScopeCd></mdHrLv><mdHrLvName Sync="TRUE">dataset</mdHrLvName><refSysInfo><RefSystem><refSysID><identCode code="0"></identCode><idCodeSpace Sync="TRUE">EPSG</idCodeSpace><idVersion Sync="TRUE">7.11.2</idVersion></refSysID></RefSystem></refSysInfo><spdoinfo><ptvctinf><esriterm Name="dptoA"><efeatyp Sync="TRUE">Simple</efeatyp><efeageom code="4" Sync="TRUE"></efeageom><esritopo Sync="TRUE">FALSE</esritopo><efeacnt Sync="TRUE">0</efeacnt><spindex Sync="TRUE">FALSE</spindex><linrefer Sync="TRUE">FALSE</linrefer></esriterm></ptvctinf></spdoinfo><spatRepInfo><VectSpatRep><geometObjs Name="dptoA"><geoObjTyp><GeoObjTypCd value="002" Sync="TRUE"></GeoObjTypCd></geoObjTyp><geoObjCnt Sync="TRUE">0</geoObjCnt></geometObjs><topLvl><TopoLevCd value="001" Sync="TRUE"></TopoLevCd></topLvl></VectSpatRep></spatRepInfo><eainfo><detailed Name="dptoA"><enttyp><enttypl Sync="TRUE">dptoA</enttypl><enttypt Sync="TRUE">Feature Class</enttypt><enttypc Sync="TRUE">0</enttypc></enttyp><attr><attrlabl Sync="TRUE">FID</attrlabl><attalias Sync="TRUE">FID</attalias><attrtype Sync="TRUE">OID</attrtype><attwidth Sync="TRUE">4</attwidth><atprecis Sync="TRUE">0</atprecis><attscale Sync="TRUE">0</attscale><attrdef Sync="TRUE">Internal feature number.</attrdef><attrdefs Sync="TRUE">Esri</attrdefs><attrdomv><udom Sync="TRUE">Sequential unique whole numbers that are automatically generated.</udom></attrdomv></attr><attr><attrlabl Sync="TRUE">Shape</attrlabl><attalias Sync="TRUE">Shape</attalias><attrtype Sync="TRUE">Geometry</attrtype><attwidth Sync="TRUE">0</attwidth><atprecis Sync="TRUE">0</atprecis><attscale Sync="TRUE">0</attscale><attrdef Sync="TRUE">Feature geometry.</attrdef><attrdefs Sync="TRUE">ESRI</attrdefs><attrdomv><udom Sync="TRUE">Coordinates defining the features.</udom></attrdomv></attr><attr><attrlabl Sync="TRUE">ID</attrlabl><attalias Sync="TRUE">ID</attalias><attrtype Sync="TRUE">Double</attrtype><attwidth Sync="TRUE">19</attwidth><atprecis Sync="TRUE">0</atprecis><attscale Sync="TRUE">0</attscale></attr><attr><attrlabl Sync="TRUE">F_CODE</attrlabl><attalias Sync="TRUE">F_CODE</attalias><attrtype Sync="TRUE">String</attrtype><attwidth Sync="TRUE">254</attwidth><atprecis Sync="TRUE">0</atprecis><attscale Sync="TRUE">0</attscale></attr><attr><attrlabl Sync="TRUE">TIPO_ADM</attrlabl><attalias Sync="TRUE">TIPO_ADM</attalias><attrtype Sync="TRUE">String</attrtype><attwidth Sync="TRUE">254</attwidth><atprecis Sync="TRUE">0</atprecis><attscale Sync="TRUE">0</attscale></attr><attr><attrlabl Sync="TRUE">NOM_DPTO</attrlabl><attalias Sync="TRUE">NOM_DPTO</attalias><attrtype Sync="TRUE">String</attrtype><attwidth Sync="TRUE">254</attwidth><atprecis Sync="TRUE">0</atprecis><attscale Sync="TRUE">0</attscale></attr><attr><attrlabl Sync="TRUE">COD_DPTO</attrlabl><attalias Sync="TRUE">COD_DPTO</attalias><attrtype Sync="TRUE">String</attrtype><attwidth Sync="TRUE">254</attwidth><atprecis Sync="TRUE">0</atprecis><attscale Sync="TRUE">0</attscale></attr><attr><attrlabl Sync="TRUE">Shape_Leng</attrlabl><attalias Sync="TRUE">Shape_Leng</attalias><attrtype Sync="TRUE">Double</attrtype><attwidth Sync="TRUE">19</attwidth><atprecis Sync="TRUE">0</atprecis><attscale Sync="TRUE">0</attscale></attr><attr><attrlabl Sync="TRUE">Shape_Area</attrlabl><attalias Sync="TRUE">Shape_Area</attalias><attrtype Sync="TRUE">Double</attrtype><attwidth Sync="TRUE">19</attwidth><atprecis Sync="TRUE">0</atprecis><attscale Sync="TRUE">0</attscale><attrdef Sync="TRUE">Area of feature in internal units squared.</attrdef><attrdefs Sync="TRUE">ESRI</attrdefs><attrdomv><udom Sync="TRUE">Positive real numbers that are automatically generated.</udom></attrdomv></attr></detailed></eainfo><mdDateSt Sync="TRUE">20130725</mdDateSt></metadata>
