<metadata xml:lang="en"><Esri><CreaDate>20180207</CreaDate><CreaTime>17551200</CreaTime><ArcGISFormat>1.0</ArcGISFormat><SyncOnce>FALSE</SyncOnce><DataProperties><lineage><Process ToolSource="c:\program files (x86)\arcgis\desktop10.5\ArcToolbox\Toolboxes\Data Management Tools.tbx\CalculateField" Date="20180207" Time="175512">CalculateField IRN_ADM3 Level "ADM3" VB #</Process><Process ToolSource="c:\program files\arcgis\pro\Resources\ArcToolbox\toolboxes\Data Management Tools.tbx\Merge" Date="20210303" Time="171541">Merge IRN_ADM3\IRN_ADM3;IRN_ADM3\Tehran U:\GIS410\Students\larogers\UDriveFall2020\GeoLabStuff\IRN_ADM1\IRN_ADM1.gdb\IRN_ADM3_Merge "NAME "NAME" true true false 40 Text 0 0,First,#,IRN_ADM3\IRN_ADM3,NAME,0,40;Level "Level" true true false 10 Text 0 0,First,#,IRN_ADM3\IRN_ADM3,Level,0,10;FID_IRN_ADM0 "FID_IRN_ADM0" true true false 4 Long 0 0,First,#,IRN_ADM3\Tehran,FID_IRN_ADM0,-1,-1;Shape_Length "Shape_Length" false true true 8 Double 0 0,First,#,IRN_ADM3\Tehran,Shape_Length,-1,-1;Shape_Area "Shape_Area" false true true 8 Double 0 0,First,#,IRN_ADM3\Tehran,Shape_Area,-1,-1" NO_SOURCE_INFO</Process><Process ToolSource="c:\program files\arcgis\pro\Resources\ArcToolbox\toolboxes\Data Management Tools.tbx\Merge" Date="20210304" Time="182935">Merge IRN_ADM3\IRN_ADM3_Merge;IRN_ADM3\Isfahan U:\GIS410\Students\larogers\UDriveFall2020\GeoLabStuff\IRN_ADM1\IRN_ADM1.gdb\IRN_ADM3_T_I "NAME "NAME" true true false 40 Text 0 0,First,#,IRN_ADM3\IRN_ADM3_Merge,NAME,0,40,IRN_ADM3\Isfahan,Name,0,35;Level "Level" true true false 10 Text 0 0,First,#,IRN_ADM3\IRN_ADM3_Merge,Level,0,10,IRN_ADM3\Isfahan,Level,0,20;FID_IRN_ADM0 "FID_IRN_ADM0" true true false 4 Long 0 0,First,#,IRN_ADM3\IRN_ADM3_Merge,FID_IRN_ADM0,-1,-1;Shape_Length "Shape_Length" false true true 8 Double 0 0,First,#,IRN_ADM3\IRN_ADM3_Merge,Shape_Length,-1,-1,IRN_ADM3\Isfahan,Shape_Length,-1,-1;Shape_Area "Shape_Area" false true true 8 Double 0 0,First,#,IRN_ADM3\IRN_ADM3_Merge,Shape_Area,-1,-1,IRN_ADM3\Isfahan,Shape_Area,-1,-1;ISO_Code "ISO_Code" true true false 10 Text 0 0,First,#,IRN_ADM3\Isfahan,ISO_Code,0,10" NO_SOURCE_INFO</Process><Process ToolSource="c:\program files\arcgis\pro\Resources\ArcToolbox\toolboxes\Analysis Tools.tbx\Union" Date="20210314" Time="105151">Union "IRN_ADM3\IRN_ADM3_T_I #;IRN_ADM3\Mashhad #" U:\GIS410\Students\larogers\UDriveFall2020\GeoLabStuff\IRN_ADM1\IRN_ADM1.gdb\IRN_ADM3_T_I_M "All attributes" # GAPS</Process><Process ToolSource="c:\program files\arcgis\pro\Resources\ArcToolbox\toolboxes\Analysis Tools.tbx\Union" Date="20210314" Time="105735">Union "IRN_ADM3\IRN_ADM3_T_I_M #;IRN_ADM3\Rasht2 #" U:\GIS410\Students\larogers\UDriveFall2020\GeoLabStuff\IRN_ADM1\IRN_ADM1.gdb\IRN_ADM3_T_I_M_R "All attributes" # GAPS</Process><Process ToolSource="c:\program files\arcgis\pro\Resources\ArcToolbox\toolboxes\Analysis Tools.tbx\Union" Date="20210314" Time="110638">Union "IRN_ADM3\IRN_ADM3_T_I_M_R #;IRN_ADM3\Central #" U:\GIS410\Students\larogers\UDriveFall2020\GeoLabStuff\IRN_ADM1\IRN_ADM1.gdb\IRN_ADM3_T_I_M_R_C "All attributes" # GAPS</Process><Process ToolSource="c:\program files\arcgis\pro\Resources\ArcToolbox\toolboxes\Data Management Tools.tbx\DeleteIdentical" Date="20210314" Time="111019">DeleteIdentical IRN_ADM3\IRN_ADM3_T_I_M_R_C NAME # 0</Process><Process ToolSource="c:\program files\arcgis\pro\Resources\ArcToolbox\toolboxes\Data Management Tools.tbx\UpdateSchema" Date="20210314" Time="111736">UpdateSchema "CIMDATA=&lt;CIMStandardDataConnection xsi:type='typens:CIMStandardDataConnection' xmlns:xsi='http://www.w3.org/2001/XMLSchema-instance' xmlns:xs='http://www.w3.org/2001/XMLSchema' xmlns:typens='http://www.esri.com/schemas/ArcGIS/2.5.0'&gt;&lt;WorkspaceConnectionString&gt;DATABASE=U:\GIS410\Students\larogers\UDriveFall2020\GeoLabStuff\IRN_ADM1\IRN_ADM1.gdb&lt;/WorkspaceConnectionString&gt;&lt;WorkspaceFactory&gt;FileGDB&lt;/WorkspaceFactory&gt;&lt;Dataset&gt;IRN_ADM3_T_I_M_R_C&lt;/Dataset&gt;&lt;DatasetType&gt;esriDTFeatureClass&lt;/DatasetType&gt;&lt;/CIMStandardDataConnection&gt;" &lt;operationSequence&gt;&lt;workflow&gt;&lt;DeleteField&gt;&lt;field_name&gt;FID_IRN_ADM3_T_I_M_R&lt;/field_name&gt;&lt;field_name&gt;FID_IRN_ADM3_T_I_M&lt;/field_name&gt;&lt;field_name&gt;FID_IRN_ADM3_T_I&lt;/field_name&gt;&lt;field_name&gt;Level&lt;/field_name&gt;&lt;field_name&gt;FID_IRN_ADM0&lt;/field_name&gt;&lt;field_name&gt;ISO_Code&lt;/field_name&gt;&lt;field_name&gt;FID_Holes&lt;/field_name&gt;&lt;field_name&gt;Level_1&lt;/field_name&gt;&lt;field_name&gt;Name_1&lt;/field_name&gt;&lt;field_name&gt;ISO_Code_1&lt;/field_name&gt;&lt;field_name&gt;FID_IRN_ADM1_Erase&lt;/field_name&gt;&lt;field_name&gt;Level_12&lt;/field_name&gt;&lt;field_name&gt;Name_12&lt;/field_name&gt;&lt;field_name&gt;ISO_Code_12&lt;/field_name&gt;&lt;field_name&gt;Shape_Leng&lt;/field_name&gt;&lt;field_name&gt;FID_Central&lt;/field_name&gt;&lt;field_name&gt;Level_12_13&lt;/field_name&gt;&lt;field_name&gt;Name_12_13&lt;/field_name&gt;&lt;field_name&gt;ISO_Code_12_13&lt;/field_name&gt;&lt;field_name&gt;Shape_Leng_1&lt;/field_name&gt;&lt;/DeleteField&gt;&lt;/workflow&gt;&lt;/operationSequence&gt;</Process><Process ToolSource="c:\program files\arcgis\pro\Resources\ArcToolbox\toolboxes\Data Management Tools.tbx\UpdateSchema" Date="20210314" Time="111800">UpdateSchema "CIMDATA=&lt;CIMStandardDataConnection xsi:type='typens:CIMStandardDataConnection' xmlns:xsi='http://www.w3.org/2001/XMLSchema-instance' xmlns:xs='http://www.w3.org/2001/XMLSchema' xmlns:typens='http://www.esri.com/schemas/ArcGIS/2.5.0'&gt;&lt;WorkspaceConnectionString&gt;DATABASE=U:\GIS410\Students\larogers\UDriveFall2020\GeoLabStuff\IRN_ADM1\IRN_ADM1.gdb&lt;/WorkspaceConnectionString&gt;&lt;WorkspaceFactory&gt;FileGDB&lt;/WorkspaceFactory&gt;&lt;Dataset&gt;IRN_ADM3_T_I_M_R_C&lt;/Dataset&gt;&lt;DatasetType&gt;esriDTFeatureClass&lt;/DatasetType&gt;&lt;/CIMStandardDataConnection&gt;" &lt;operationSequence&gt;&lt;workflow&gt;&lt;AddField&gt;&lt;field_name&gt;Level&lt;/field_name&gt;&lt;field_type&gt;TEXT&lt;/field_type&gt;&lt;field_length&gt;255&lt;/field_length&gt;&lt;field_alias&gt;Level&lt;/field_alias&gt;&lt;field_is_nullable&gt;True&lt;/field_is_nullable&gt;&lt;field_is_required&gt;False&lt;/field_is_required&gt;&lt;/AddField&gt;&lt;/workflow&gt;&lt;/operationSequence&gt;</Process><Process ToolSource="c:\program files\arcgis\pro\Resources\ArcToolbox\toolboxes\Data Management Tools.tbx\CalculateField" Date="20210314" Time="111832">CalculateField IRN_ADM3\IRN_ADM3_T_I_M_R_C Level 'ADM3' "Python 3" # Text</Process><Process ToolSource="c:\program files\arcgis\pro\Resources\ArcToolbox\toolboxes\Conversion Tools.tbx\FeatureClassToFeatureClass" Date="20210314" Time="111939">FeatureClassToFeatureClass IRN_ADM3\IRN_ADM3_T_I_M_R_C U:\GIS410\Students\larogers\UDriveFall2020\GeoLabStuff\Completed_Iran IRN_ADM3.shp # "NAME "NAME" true true false 40 Text 0 0,First,#,IRN_ADM3\IRN_ADM3_T_I_M_R_C,NAME,0,40;Shape_Leng "Shape_Length" false true true 8 Double 0 0,First,#,IRN_ADM3\IRN_ADM3_T_I_M_R_C,Shape_Length,-1,-1;Shape_Area "Shape_Area" false true true 8 Double 0 0,First,#,IRN_ADM3\IRN_ADM3_T_I_M_R_C,Shape_Area,-1,-1;Level "Level" true true false 255 Text 0 0,First,#,IRN_ADM3\IRN_ADM3_T_I_M_R_C,Level,0,255" #</Process></lineage><itemProps><itemName Sync="TRUE">IRN_ADM3</itemName><imsContentType Sync="TRUE">002</imsContentType><itemLocation><linkage Sync="TRUE">file://\\gis-data\acstore-classes\Geospatial\GIS410\Students\larogers\UDriveFall2020\GeoLabStuff\Completed_Iran\IRN_ADM3.shp</linkage><protocol Sync="TRUE">Local Area Network</protocol></itemLocation><itemSize Sync="TRUE">0.000</itemSize></itemProps><coordRef><type Sync="TRUE">Geographic</type><geogcsn Sync="TRUE">GCS_WGS_1984</geogcsn><csUnits Sync="TRUE">Angular Unit: Degree (0.017453)</csUnits><peXml Sync="TRUE">&lt;GeographicCoordinateSystem xsi:type='typens:GeographicCoordinateSystem' xmlns:xsi='http://www.w3.org/2001/XMLSchema-instance' xmlns:xs='http://www.w3.org/2001/XMLSchema' xmlns:typens='http://www.esri.com/schemas/ArcGIS/2.5.0'&gt;&lt;WKT&gt;GEOGCS[&amp;quot;GCS_WGS_1984&amp;quot;,DATUM[&amp;quot;D_WGS_1984&amp;quot;,SPHEROID[&amp;quot;WGS_1984&amp;quot;,6378137.0,298.257223563]],PRIMEM[&amp;quot;Greenwich&amp;quot;,0.0],UNIT[&amp;quot;Degree&amp;quot;,0.0174532925199433],AUTHORITY[&amp;quot;EPSG&amp;quot;,4326]]&lt;/WKT&gt;&lt;XOrigin&gt;-400&lt;/XOrigin&gt;&lt;YOrigin&gt;-400&lt;/YOrigin&gt;&lt;XYScale&gt;11258999068426.238&lt;/XYScale&gt;&lt;ZOrigin&gt;-100000&lt;/ZOrigin&gt;&lt;ZScale&gt;10000&lt;/ZScale&gt;&lt;MOrigin&gt;-100000&lt;/MOrigin&gt;&lt;MScale&gt;10000&lt;/MScale&gt;&lt;XYTolerance&gt;8.983152841195215e-09&lt;/XYTolerance&gt;&lt;ZTolerance&gt;0.001&lt;/ZTolerance&gt;&lt;MTolerance&gt;0.001&lt;/MTolerance&gt;&lt;HighPrecision&gt;true&lt;/HighPrecision&gt;&lt;LeftLongitude&gt;-180&lt;/LeftLongitude&gt;&lt;WKID&gt;4326&lt;/WKID&gt;&lt;LatestWKID&gt;4326&lt;/LatestWKID&gt;&lt;/GeographicCoordinateSystem&gt;</peXml></coordRef></DataProperties><SyncDate>20210314</SyncDate><SyncTime>11193900</SyncTime><ModDate>20210314</ModDate><ModTime>11193900</ModTime></Esri><dataIdInfo><envirDesc Sync="TRUE">Microsoft Windows 10 Version 10.0 (Build 19042) ; Esri ArcGIS 12.5.1.22081</envirDesc><dataLang><languageCode value="eng" Sync="TRUE"></languageCode><countryCode value="USA" Sync="TRUE"></countryCode></dataLang><idCitation><resTitle Sync="TRUE">IRN_ADM3</resTitle><presForm><PresFormCd value="005" Sync="TRUE"></PresFormCd></presForm></idCitation><spatRpType><SpatRepTypCd value="001" Sync="TRUE"></SpatRepTypCd></spatRpType></dataIdInfo><mdLang><languageCode value="eng" Sync="TRUE"></languageCode><countryCode value="USA" Sync="TRUE"></countryCode></mdLang><distInfo><distFormat><formatName Sync="TRUE">Shapefile</formatName></distFormat><distTranOps><transSize Sync="TRUE">0.000</transSize></distTranOps></distInfo><mdHrLv><ScopeCd value="005" Sync="TRUE"></ScopeCd></mdHrLv><mdHrLvName Sync="TRUE">dataset</mdHrLvName><refSysInfo><RefSystem><refSysID><identCode code="4326" Sync="TRUE"></identCode><idCodeSpace Sync="TRUE">EPSG</idCodeSpace><idVersion Sync="TRUE">6.14(3.0.1)</idVersion></refSysID></RefSystem></refSysInfo><spatRepInfo><VectSpatRep><geometObjs Name="IRN_ADM3"><geoObjTyp><GeoObjTypCd value="002" Sync="TRUE"></GeoObjTypCd></geoObjTyp><geoObjCnt Sync="TRUE">0</geoObjCnt></geometObjs><topLvl><TopoLevCd value="001" Sync="TRUE"></TopoLevCd></topLvl></VectSpatRep></spatRepInfo><spdoinfo><ptvctinf><esriterm Name="IRN_ADM3"><efeatyp Sync="TRUE">Simple</efeatyp><efeageom code="4" Sync="TRUE"></efeageom><esritopo Sync="TRUE">FALSE</esritopo><efeacnt Sync="TRUE">0</efeacnt><spindex Sync="TRUE">FALSE</spindex><linrefer Sync="TRUE">FALSE</linrefer></esriterm></ptvctinf></spdoinfo><eainfo><detailed Name="IRN_ADM3"><enttyp><enttypl Sync="TRUE">IRN_ADM3</enttypl><enttypt Sync="TRUE">Feature Class</enttypt><enttypc Sync="TRUE">0</enttypc></enttyp><attr><attrlabl Sync="TRUE">FID</attrlabl><attalias Sync="TRUE">FID</attalias><attrtype Sync="TRUE">OID</attrtype><attwidth Sync="TRUE">4</attwidth><atprecis Sync="TRUE">0</atprecis><attscale Sync="TRUE">0</attscale><attrdef Sync="TRUE">Internal feature number.</attrdef><attrdefs Sync="TRUE">Esri</attrdefs><attrdomv><udom Sync="TRUE">Sequential unique whole numbers that are automatically generated.</udom></attrdomv></attr><attr><attrlabl Sync="TRUE">Shape</attrlabl><attalias Sync="TRUE">Shape</attalias><attrtype Sync="TRUE">Geometry</attrtype><attwidth Sync="TRUE">0</attwidth><atprecis Sync="TRUE">0</atprecis><attscale Sync="TRUE">0</attscale><attrdef Sync="TRUE">Feature geometry.</attrdef><attrdefs Sync="TRUE">Esri</attrdefs><attrdomv><udom Sync="TRUE">Coordinates defining the features.</udom></attrdomv></attr><attr><attrlabl Sync="TRUE">NAME</attrlabl><attalias Sync="TRUE">NAME</attalias><attrtype Sync="TRUE">String</attrtype><attwidth Sync="TRUE">40</attwidth><atprecis Sync="TRUE">0</atprecis><attscale Sync="TRUE">0</attscale></attr><attr><attrlabl Sync="TRUE">Level</attrlabl><attalias Sync="TRUE">Level</attalias><attrtype Sync="TRUE">String</attrtype><attwidth Sync="TRUE">254</attwidth><atprecis Sync="TRUE">0</atprecis><attscale Sync="TRUE">0</attscale></attr><attr><attrlabl Sync="TRUE">Shape_Leng</attrlabl><attalias Sync="TRUE">Shape_Leng</attalias><attrtype Sync="TRUE">Double</attrtype><attwidth Sync="TRUE">19</attwidth><atprecis Sync="TRUE">0</atprecis><attscale Sync="TRUE">0</attscale></attr><attr><attrlabl Sync="TRUE">Shape_Area</attrlabl><attalias Sync="TRUE">Shape_Area</attalias><attrtype Sync="TRUE">Double</attrtype><attwidth Sync="TRUE">19</attwidth><atprecis Sync="TRUE">0</atprecis><attscale Sync="TRUE">0</attscale><attrdef Sync="TRUE">Area of feature in internal units squared.</attrdef><attrdefs Sync="TRUE">Esri</attrdefs><attrdomv><udom Sync="TRUE">Positive real numbers that are automatically generated.</udom></attrdomv></attr></detailed></eainfo><mdDateSt Sync="TRUE">20210314</mdDateSt></metadata>
