<MD_Metadata xmlns="http://www.isotc211.org/2005/gmd" xmlns:gco="http://www.isotc211.org/2005/gco" xmlns:gts="http://www.isotc211.org/2005/gts" xmlns:srv="http://www.isotc211.org/2005/srv" xmlns:gml="http://www.opengis.net/gml" xmlns:xlink="http://www.w3.org/1999/xlink" xmlns:xsi="http://www.w3.org/2001/XMLSchema-instance">
	<language>
		<LanguageCode codeList="http://www.loc.gov/standards/iso639-2/php/code_list.php" codeListValue="eng" codeSpace="ISO639-2">eng</LanguageCode>
	</language>
	<characterSet>
		<MD_CharacterSetCode codeList="http://www.isotc211.org/2005/resources/Codelist/gmxCodelists.xml#MD_CharacterSetCode" codeListValue="utf8" codeSpace="ISOTC211/19115">utf8</MD_CharacterSetCode>
	</characterSet>
	<hierarchyLevel>
		<MD_ScopeCode codeList="http://www.isotc211.org/2005/resources/Codelist/gmxCodelists.xml#MD_ScopeCode" codeListValue="dataset" codeSpace="ISOTC211/19115">dataset</MD_ScopeCode>
	</hierarchyLevel>
	<hierarchyLevelName>
		<gco:CharacterString>dataset</gco:CharacterString>
	</hierarchyLevelName>
	<contact>
		<CI_ResponsibleParty>
			<individualName>
				<gco:CharacterString>SALB programme</gco:CharacterString>
			</individualName>
			<organisationName>
				<gco:CharacterString>United Nations</gco:CharacterString>
			</organisationName>
			<positionName>
				<gco:CharacterString>Manager</gco:CharacterString>
			</positionName>
			<role>
				<CI_RoleCode codeList="http://www.isotc211.org/2005/resources/Codelist/gmxCodelists.xml#CI_RoleCode" codeListValue="distributor" codeSpace="ISOTC211/19115">distributor</CI_RoleCode>
			</role>
		</CI_ResponsibleParty>
	</contact>
	<dateStamp>
		<gco:Date>2021-07-15</gco:Date>
	</dateStamp>
	<metadataStandardName>
		<gco:CharacterString>ISO 19139 Geographic Information - Metadata - Implementation Specification</gco:CharacterString>
	</metadataStandardName>
	<metadataStandardVersion>
		<gco:CharacterString>2007</gco:CharacterString>
	</metadataStandardVersion>
	<spatialRepresentationInfo>
		<MD_VectorSpatialRepresentation>
			<topologyLevel>
				<MD_TopologyLevelCode codeList="http://www.isotc211.org/2005/resources/Codelist/gmxCodelists.xml#MD_TopologyLevelCode" codeListValue="geometryOnly" codeSpace="ISOTC211/19115">geometryOnly</MD_TopologyLevelCode>
			</topologyLevel>
			<geometricObjects>
				<MD_GeometricObjects>
					<geometricObjectType>
						<MD_GeometricObjectTypeCode codeList="http://www.isotc211.org/2005/resources/Codelist/gmxCodelists.xml#MD_GeometricObjectTypeCode" codeListValue="composite" codeSpace="ISOTC211/19115">composite</MD_GeometricObjectTypeCode>
					</geometricObjectType>
					<geometricObjectCount>
						<gco:Integer>58</gco:Integer>
					</geometricObjectCount>
				</MD_GeometricObjects>
			</geometricObjects>
		</MD_VectorSpatialRepresentation>
	</spatialRepresentationInfo>
	<referenceSystemInfo>
		<MD_ReferenceSystem>
			<referenceSystemIdentifier>
				<RS_Identifier>
					<code>
						<gco:CharacterString>4326</gco:CharacterString>
					</code>
					<codeSpace>
						<gco:CharacterString>EPSG</gco:CharacterString>
					</codeSpace>
					<version>
						<gco:CharacterString>9.6.3(10.8.0)</gco:CharacterString>
					</version>
				</RS_Identifier>
			</referenceSystemIdentifier>
		</MD_ReferenceSystem>
	</referenceSystemInfo>
	<identificationInfo>
		<MD_DataIdentification>
			<citation>
				<CI_Citation>
					<title>
						<gco:CharacterString>Niger, SALB, United Nations</gco:CharacterString>
					</title>
					<date>
						<CI_Date>
							<date>
								<gco:Date>2022-01-24</gco:Date>
							</date>
							<dateType>
								<CI_DateTypeCode codeList="http://www.isotc211.org/2005/resources/Codelist/gmxCodelists.xml#CI_DateTypeCode" codeListValue="creation" codeSpace="ISOTC211/19115">creation</CI_DateTypeCode>
							</dateType>
						</CI_Date>
					</date>
					<presentationForm>
						<CI_PresentationFormCode codeList="http://www.isotc211.org/2005/resources/Codelist/gmxCodelists.xml#CI_PresentationFormCode" codeListValue="mapDigital" codeSpace="ISOTC211/19115">mapDigital</CI_PresentationFormCode>
					</presentationForm>
				</CI_Citation>
			</citation>
			<abstract>
				<gco:CharacterString>Administrative units and boundaries of Niger at first and second level below national level. Period of validity of the geospatial data is from 2011-08-08 to last update (see Historical table for last verification date). The dataset is suitable at the scale of 1:1 million.</gco:CharacterString>
			</abstract>
			<purpose>
				<gco:CharacterString>Administrative units and boundaries of Niger (current).</gco:CharacterString>
			</purpose>
			<credit>
				<gco:CharacterString>Institut Géographique National du Niger,Niger.SALB programme, United Nations.
                </gco:CharacterString>
			</credit>
			<pointOfContact>
				<CI_ResponsibleParty>
					<individualName>
						<gco:CharacterString>SALB programme</gco:CharacterString>
					</individualName>
					<organisationName>
						<gco:CharacterString>United Nations</gco:CharacterString>
					</organisationName>
					<positionName>
						<gco:CharacterString>Manager</gco:CharacterString>
					</positionName>
					<role>
						<CI_RoleCode codeList="http://www.isotc211.org/2005/resources/Codelist/gmxCodelists.xml#CI_RoleCode" codeListValue="distributor" codeSpace="ISOTC211/19115">distributor</CI_RoleCode>
					</role>
				</CI_ResponsibleParty>
			</pointOfContact>
			<resourceMaintenance>
				<MD_MaintenanceInformation>
					<maintenanceAndUpdateFrequency>
						<MD_MaintenanceFrequencyCode codeList="http://www.isotc211.org/2005/resources/Codelist/gmxCodelists.xml#MD_MaintenanceFrequencyCode" codeListValue="asNeeded" codeSpace="ISOTC211/19115">asNeeded</MD_MaintenanceFrequencyCode>
					</maintenanceAndUpdateFrequency>
				</MD_MaintenanceInformation>
			</resourceMaintenance>
			<descriptiveKeywords>
				<MD_Keywords>
					<keyword>
						<gco:CharacterString>United Nations, Niger</gco:CharacterString>
					</keyword>
					<type>
						<MD_KeywordTypeCode codeList="http://www.isotc211.org/2005/resources/Codelist/gmxCodelists.xml#MD_KeywordTypeCode" codeListValue="theme" codeSpace="ISOTC211/19115">theme</MD_KeywordTypeCode>
					</type>
				</MD_Keywords>
			</descriptiveKeywords>
			<descriptiveKeywords>
				<MD_Keywords>
					<keyword>
						<gco:CharacterString>Administrative units</gco:CharacterString>
					</keyword>
					<keyword>
						<gco:CharacterString>Boundaries</gco:CharacterString>
					</keyword>
					<keyword>
						<gco:CharacterString>SALB programme</gco:CharacterString>
					</keyword>
					<keyword>
						<gco:CharacterString>Geospatial data</gco:CharacterString>
					</keyword>
				</MD_Keywords>
			</descriptiveKeywords>
			<descriptiveKeywords>
				<MD_Keywords>
					<keyword>
						<gco:CharacterString>Downloadable Data</gco:CharacterString>
					</keyword>
					<thesaurusName uuidref="723f6998-058e-11dc-8314-0800200c9a66"/>
				</MD_Keywords>
			</descriptiveKeywords>
			<resourceConstraints>
				<MD_Constraints>
					<useLimitation>
						<gco:CharacterString>The designations employed and the presentation of material on this geospatial data and related tables do not imply the expression of any opinion whatsoever on the part of the Secretariat of the United Nations concerning the legal status of any country, territory, city or area or of its authorities, or concerning the delimitation of its frontiers or boundaries.</gco:CharacterString>
					</useLimitation>
				</MD_Constraints>
			</resourceConstraints>
			<spatialRepresentationType>
				<MD_SpatialRepresentationTypeCode codeList="http://www.isotc211.org/2005/resources/Codelist/gmxCodelists.xml#MD_SpatialRepresentationTypeCode" codeListValue="vector" codeSpace="ISOTC211/19115">vector</MD_SpatialRepresentationTypeCode>
			</spatialRepresentationType>
			<spatialResolution>
				<MD_Resolution>
					<equivalentScale>
						<MD_RepresentativeFraction>
							<denominator>
								<gco:Integer>1000000</gco:Integer>
							</denominator>
						</MD_RepresentativeFraction>
					</equivalentScale>
				</MD_Resolution>
			</spatialResolution>
			<language>
				<LanguageCode codeList="http://www.loc.gov/standards/iso639-2/php/code_list.php" codeListValue="eng" codeSpace="ISO639-2">eng</LanguageCode>
			</language>
			<characterSet>
				<MD_CharacterSetCode codeList="http://www.isotc211.org/2005/resources/Codelist/gmxCodelists.xml#MD_CharacterSetCode" codeListValue="utf8" codeSpace="ISOTC211/19115">utf8</MD_CharacterSetCode>
			</characterSet>
			<topicCategory>
				<MD_TopicCategoryCode>boundaries</MD_TopicCategoryCode>
			</topicCategory>
			<environmentDescription>
				<gco:CharacterString>Version 6.2 (Build 9200) ; Esri ArcGIS 10.8.1.14362</gco:CharacterString>
			</environmentDescription>
			<extent>
				<EX_Extent>
					<geographicElement>
						<EX_GeographicBoundingBox>
							<extentTypeCode>
								<gco:Boolean>true</gco:Boolean>
							</extentTypeCode>
							<westBoundLongitude>
								<gco:Decimal>-17.529295</gco:Decimal>
							</westBoundLongitude>
							<eastBoundLongitude>
								<gco:Decimal>-11.346077</gco:Decimal>
							</eastBoundLongitude>
							<southBoundLatitude>
								<gco:Decimal>12.307280</gco:Decimal>
							</southBoundLatitude>
							<northBoundLatitude>
								<gco:Decimal>16.692705</gco:Decimal>
							</northBoundLatitude>
						</EX_GeographicBoundingBox>
					</geographicElement>
				</EX_Extent>
			</extent>
		</MD_DataIdentification>
	</identificationInfo>
	<distributionInfo>
		<MD_Distribution>
			<distributionFormat>
				<MD_Format>
					<name>
						<gco:CharacterString>Shapefile</gco:CharacterString>
					</name>
					<version>
						<gco:CharacterString>Shapefile</gco:CharacterString>
					</version>
				</MD_Format>
			</distributionFormat>
			<transferOptions>
				<MD_DigitalTransferOptions>
					<transferSize>
						<gco:Real>0.548</gco:Real>
					</transferSize>
				</MD_DigitalTransferOptions>
			</transferOptions>
		</MD_Distribution>
	</distributionInfo>
	<dataQualityInfo>
		<DQ_DataQuality>
			<scope>
				<DQ_Scope>
					<level>
						<MD_ScopeCode codeList="http://www.isotc211.org/2005/resources/Codelist/gmxCodelists.xml#MD_ScopeCode" codeListValue="dataset" codeSpace="ISOTC211/19115">dataset</MD_ScopeCode>
					</level>
				</DQ_Scope>
			</scope>
			<lineage>
				<LI_Lineage>
					<statement>
						<gco:CharacterString>Institut Géographique National du Niger, Niger
                        </gco:CharacterString>
					</statement>
				</LI_Lineage>
			</lineage>
		</DQ_DataQuality>
	</dataQualityInfo>
	<metadataConstraints>
		<MD_Constraints>
			<useLimitation>
				<gco:CharacterString>The designations employed and the presentation of material on this geospatial data and related tables do not imply the expression of any opinion whatsoever on the part of the Secretariat of the United Nations concerning the legal status of any country, territory, city or area or of its authorities, or concerning the delimitation of its frontiers or boundaries.</gco:CharacterString>
			</useLimitation>
		</MD_Constraints>
	</metadataConstraints>
	<metadataMaintenance>
		<MD_MaintenanceInformation>
			<maintenanceAndUpdateFrequency>
				<MD_MaintenanceFrequencyCode codeList="http://www.isotc211.org/2005/resources/Codelist/gmxCodelists.xml#MD_MaintenanceFrequencyCode" codeListValue="asNeeded" codeSpace="ISOTC211/19115">as Needed</MD_MaintenanceFrequencyCode>
			</maintenanceAndUpdateFrequency>
		</MD_MaintenanceInformation>
	</metadataMaintenance>
	<Esri xmlns=""><CreaDate>20210715</CreaDate><CreaTime>14322700</CreaTime><ArcGISstyle>ISO 19139 Metadata Implementation Specification</ArcGISstyle><SyncOnce>FALSE</SyncOnce><DataProperties><itemProps><itemLocation><protocol Sync="TRUE">Local Area Network</protocol><linkage Sync="TRUE">file://\\AC-FHHMK93-DSMI\C$\Users\dfornatora\Desktop\NERADM2\NER_ADM2.shp</linkage></itemLocation><itemName Sync="TRUE">NER_ADM2</itemName><imsContentType Sync="TRUE">002</imsContentType><nativeExtBox><westBL Sync="TRUE">0.161694</westBL><eastBL Sync="TRUE">15.995640</eastBL><southBL Sync="TRUE">11.697402</southBL><northBL Sync="TRUE">23.515000</northBL><exTypeCode Sync="TRUE">1</exTypeCode></nativeExtBox><itemSize Sync="TRUE">0.000</itemSize></itemProps><coordRef><type Sync="TRUE">Geographic</type><geogcsn Sync="TRUE">GCS_WGS_1984</geogcsn><csUnits Sync="TRUE">Angular Unit: Degree (0.017453)</csUnits><peXml Sync="TRUE">&lt;GeographicCoordinateSystem xsi:type='typens:GeographicCoordinateSystem' xmlns:xsi='http://www.w3.org/2001/XMLSchema-instance' xmlns:xs='http://www.w3.org/2001/XMLSchema' xmlns:typens='http://www.esri.com/schemas/ArcGIS/2.7.0'&gt;&lt;WKT&gt;GEOGCS[&amp;quot;GCS_WGS_1984&amp;quot;,DATUM[&amp;quot;D_WGS_1984&amp;quot;,SPHEROID[&amp;quot;WGS_1984&amp;quot;,6378137.0,298.257223563]],PRIMEM[&amp;quot;Greenwich&amp;quot;,0.0],UNIT[&amp;quot;Degree&amp;quot;,0.0174532925199433],AUTHORITY[&amp;quot;EPSG&amp;quot;,4326]]&lt;/WKT&gt;&lt;XOrigin&gt;-400&lt;/XOrigin&gt;&lt;YOrigin&gt;-400&lt;/YOrigin&gt;&lt;XYScale&gt;11258999068426.238&lt;/XYScale&gt;&lt;ZOrigin&gt;-100000&lt;/ZOrigin&gt;&lt;ZScale&gt;10000&lt;/ZScale&gt;&lt;MOrigin&gt;-100000&lt;/MOrigin&gt;&lt;MScale&gt;10000&lt;/MScale&gt;&lt;XYTolerance&gt;8.983152841195215e-09&lt;/XYTolerance&gt;&lt;ZTolerance&gt;0.001&lt;/ZTolerance&gt;&lt;MTolerance&gt;0.001&lt;/MTolerance&gt;&lt;HighPrecision&gt;true&lt;/HighPrecision&gt;&lt;LeftLongitude&gt;-180&lt;/LeftLongitude&gt;&lt;WKID&gt;4326&lt;/WKID&gt;&lt;LatestWKID&gt;4326&lt;/LatestWKID&gt;&lt;/GeographicCoordinateSystem&gt;</peXml></coordRef><lineage><Process ToolSource="c:\program files\arcgis\pro\Resources\ArcToolbox\toolboxes\Conversion Tools.tbx\FeatureClassToFeatureClass" Date="20220504" Time="142913">FeatureClassToFeatureClass 2011-08-08_tolastupdate C:\Users\dfornatora\Documents\ArcGIS\Projects\MyProject1\MyProject1.gdb adm2 # "ISO3CD "ISO3CD" true true false 3 Text 0 0,First,#,2011-08-08_tolastupdate,ISO3CD,0,3;ADM1NM "ADM1NM" true true false 254 Text 0 0,First,#,2011-08-08_tolastupdate,ADM1NM,0,254;ADM2NM "ADM2NM" true true false 254 Text 0 0,First,#,2011-08-08_tolastupdate,ADM2NM,0,254;ADM1CD "ADM1CD" true true false 7 Text 0 0,First,#,2011-08-08_tolastupdate,ADM1CD,0,7;ADM2CD "ADM2CD" true true false 11 Text 0 0,First,#,2011-08-08_tolastupdate,ADM2CD,0,11;CTY_NM "CTY_NM" true true false 254 Text 0 0,First,#,2011-08-08_tolastupdate,CTY_NM,0,254" #</Process><Process ToolSource="c:\program files\arcgis\pro\Resources\ArcToolbox\toolboxes\Data Management Tools.tbx\UpdateSchema" Date="20220504" Time="143003">UpdateSchema "CIMDATA=&lt;CIMStandardDataConnection xsi:type='typens:CIMStandardDataConnection' xmlns:xsi='http://www.w3.org/2001/XMLSchema-instance' xmlns:xs='http://www.w3.org/2001/XMLSchema' xmlns:typens='http://www.esri.com/schemas/ArcGIS/2.7.0'&gt;&lt;WorkspaceConnectionString&gt;DATABASE=C:\Users\dfornatora\Documents\ArcGIS\Projects\MyProject1\MyProject1.gdb&lt;/WorkspaceConnectionString&gt;&lt;WorkspaceFactory&gt;FileGDB&lt;/WorkspaceFactory&gt;&lt;Dataset&gt;adm2&lt;/Dataset&gt;&lt;DatasetType&gt;esriDTFeatureClass&lt;/DatasetType&gt;&lt;/CIMStandardDataConnection&gt;" &lt;operationSequence&gt;&lt;workflow&gt;&lt;AddField&gt;&lt;field_name&gt;Name&lt;/field_name&gt;&lt;field_type&gt;TEXT&lt;/field_type&gt;&lt;field_length&gt;50&lt;/field_length&gt;&lt;field_alias&gt;Name&lt;/field_alias&gt;&lt;field_is_nullable&gt;True&lt;/field_is_nullable&gt;&lt;field_is_required&gt;False&lt;/field_is_required&gt;&lt;/AddField&gt;&lt;/workflow&gt;&lt;workflow&gt;&lt;AddField&gt;&lt;field_name&gt;Level&lt;/field_name&gt;&lt;field_type&gt;TEXT&lt;/field_type&gt;&lt;field_length&gt;50&lt;/field_length&gt;&lt;field_alias&gt;Level&lt;/field_alias&gt;&lt;field_is_nullable&gt;True&lt;/field_is_nullable&gt;&lt;field_is_required&gt;False&lt;/field_is_required&gt;&lt;/AddField&gt;&lt;/workflow&gt;&lt;/operationSequence&gt;</Process><Process ToolSource="c:\program files\arcgis\pro\Resources\ArcToolbox\toolboxes\Data Management Tools.tbx\UpdateSchema" Date="20220504" Time="143021">UpdateSchema "CIMDATA=&lt;CIMStandardDataConnection xsi:type='typens:CIMStandardDataConnection' xmlns:xsi='http://www.w3.org/2001/XMLSchema-instance' xmlns:xs='http://www.w3.org/2001/XMLSchema' xmlns:typens='http://www.esri.com/schemas/ArcGIS/2.7.0'&gt;&lt;WorkspaceConnectionString&gt;DATABASE=C:\Users\dfornatora\Documents\ArcGIS\Projects\MyProject1\MyProject1.gdb&lt;/WorkspaceConnectionString&gt;&lt;WorkspaceFactory&gt;FileGDB&lt;/WorkspaceFactory&gt;&lt;Dataset&gt;adm2&lt;/Dataset&gt;&lt;DatasetType&gt;esriDTFeatureClass&lt;/DatasetType&gt;&lt;/CIMStandardDataConnection&gt;" &lt;operationSequence&gt;&lt;workflow&gt;&lt;DeleteField&gt;&lt;field_name&gt;ISO3CD&lt;/field_name&gt;&lt;field_name&gt;ADM1NM&lt;/field_name&gt;&lt;field_name&gt;ADM1CD&lt;/field_name&gt;&lt;field_name&gt;ADM2CD&lt;/field_name&gt;&lt;field_name&gt;CTY_NM&lt;/field_name&gt;&lt;/DeleteField&gt;&lt;/workflow&gt;&lt;/operationSequence&gt;</Process><Process ToolSource="c:\program files\arcgis\pro\Resources\ArcToolbox\toolboxes\Data Management Tools.tbx\CalculateField" Date="20220504" Time="143029">CalculateField adm2 Name !ADM2NM! "Python 3" # Text</Process><Process ToolSource="c:\program files\arcgis\pro\Resources\ArcToolbox\toolboxes\Data Management Tools.tbx\CalculateField" Date="20220504" Time="143038">CalculateField adm2 Level "ADM2" "Python 3" # Text</Process><Process ToolSource="c:\program files\arcgis\pro\Resources\ArcToolbox\toolboxes\Data Management Tools.tbx\DeleteField" Date="20220504" Time="143043">DeleteField adm2 ADM2NM</Process><Process ToolSource="c:\program files\arcgis\pro\Resources\ArcToolbox\toolboxes\Conversion Tools.tbx\FeatureClassToFeatureClass" Date="20220504" Time="143133">FeatureClassToFeatureClass adm2 C:\Users\dfornatora\Desktop\NERADM2 NER_ADM2.shp # "Shape_Length "Shape_Length" false true true 8 Double 0 0,First,#,adm2,Shape_Length,-1,-1;Shape_Area "Shape_Area" false true true 8 Double 0 0,First,#,adm2,Shape_Area,-1,-1;Name "Name" true true false 50 Text 0 0,First,#,adm2,Name,0,50;Level "Level" true true false 50 Text 0 0,First,#,adm2,Level,0,50" #</Process></lineage><LayerFile>{"type":"CIMLayerDocument","version":"2.7.0","build":26828,"layers":["CIMPATH=Map/65ab4ca5c389454590e9ad6deb701ec4.xml"],"layerDefinitions":[{"type":"CIMFeatureLayer","name":"NER_ADM2","uRI":"CIMPATH=Map/65ab4ca5c389454590e9ad6deb701ec4.xml","sourceModifiedTime":{"type":"TimeInstant"},"useSourceMetadata":true,"description":"adm2","layerElevation":{"type":"CIMLayerElevationSurface","mapElevationID":"{75D7797D-FE13-49B9-B85A-591E332D7AE0}"},"expanded":true,"layerType":"Operational","showLegends":true,"visibility":true,"displayCacheType":"Permanent","maxDisplayCacheAge":5,"showPopups":true,"serviceLayerID":-1,"refreshRate":-1,"refreshRateUnit":"esriTimeUnitsSeconds","blendingMode":"Alpha","autoGenerateFeatureTemplates":true,"featureElevationExpression":"0","featureTable":{"type":"CIMFeatureTable","displayField":"Name","editable":true,"dataConnection":{"type":"CIMStandardDataConnection","workspaceConnectionString":"DATABASE=..\\..\\..\\..\\..\\dfornatora\\Desktop\\NERADM2","workspaceFactory":"Shapefile","dataset":"NER_ADM2","datasetType":"esriDTFeatureClass"},"studyAreaSpatialRel":"esriSpatialRelUndefined","searchOrder":"esriSearchOrderSpatial"},"htmlPopupEnabled":true,"selectable":true,"featureCacheType":"Session","displayFiltersType":"ByScale","featureBlendingMode":"Alpha","labelClasses":[{"type":"CIMLabelClass","expressionTitle":"Custom","expression":"$feature.ISO3CD","expressionEngine":"Arcade","featuresToLabel":"AllVisibleFeatures","maplexLabelPlacementProperties":{"type":"CIMMaplexLabelPlacementProperties","featureType":"Polygon","avoidPolygonHoles":true,"canOverrunFeature":true,"canPlaceLabelOutsidePolygon":true,"canRemoveOverlappingLabel":true,"canStackLabel":true,"connectionType":"Unambiguous","constrainOffset":"NoConstraint","contourAlignmentType":"Page","contourLadderType":"Straight","contourMaximumAngle":90,"enableConnection":true,"featureWeight":0,"fontHeightReductionLimit":4,"fontHeightReductionStep":0.5,"fontWidthReductionLimit":90,"fontWidthReductionStep":5,"graticuleAlignmentType":"Straight","keyNumberGroupName":"Default","labelBuffer":15,"labelLargestPolygon":true,"labelPriority":-1,"labelStackingProperties":{"type":"CIMMaplexLabelStackingProperties","stackAlignment":"ChooseBest","maximumNumberOfLines":3,"minimumNumberOfCharsPerLine":3,"maximumNumberOfCharsPerLine":24,"separators":[{"type":"CIMMaplexStackingSeparator","separator":" ","splitAfter":true},{"type":"CIMMaplexStackingSeparator","separator":",","visible":true,"splitAfter":true}]},"lineFeatureType":"General","linePlacementMethod":"OffsetCurvedFromLine","maximumLabelOverrun":80,"maximumLabelOverrunUnit":"Point","minimumFeatureSizeUnit":"Map","multiPartOption":"OneLabelPerPart","offsetAlongLineProperties":{"type":"CIMMaplexOffsetAlongLineProperties","placementMethod":"BestPositionAlongLine","labelAnchorPoint":"CenterOfLabel","distanceUnit":"Percentage","useLineDirection":true},"pointExternalZonePriorities":{"type":"CIMMaplexExternalZonePriorities","aboveLeft":4,"aboveCenter":2,"aboveRight":1,"centerRight":3,"belowRight":5,"belowCenter":7,"belowLeft":8,"centerLeft":6},"pointPlacementMethod":"AroundPoint","polygonAnchorPointType":"GeometricCenter","polygonBoundaryWeight":0,"polygonExternalZones":{"type":"CIMMaplexExternalZonePriorities","aboveLeft":4,"aboveCenter":2,"aboveRight":1,"centerRight":3,"belowRight":5,"belowCenter":7,"belowLeft":8,"centerLeft":6},"polygonFeatureType":"General","polygonInternalZones":{"type":"CIMMaplexInternalZonePriorities","center":1},"polygonPlacementMethod":"HorizontalInPolygon","primaryOffset":1,"primaryOffsetUnit":"Point","removeExtraWhiteSpace":true,"repetitionIntervalUnit":"Point","rotationProperties":{"type":"CIMMaplexRotationProperties","rotationType":"Arithmetic","alignmentType":"Straight"},"secondaryOffset":100,"strategyPriorities":{"type":"CIMMaplexStrategyPriorities","stacking":1,"overrun":2,"fontCompression":3,"fontReduction":4,"abbreviation":5},"thinningDistanceUnit":"Point","truncationMarkerCharacter":".","truncationMinimumLength":1,"truncationPreferredCharacters":"aeiou","truncationExcludedCharacters":"0123456789","polygonAnchorPointPerimeterInsetUnit":"Point"},"name":"Class 1","priority":-1,"standardLabelPlacementProperties":{"type":"CIMStandardLabelPlacementProperties","featureType":"Line","featureWeight":"None","labelWeight":"High","numLabelsOption":"OneLabelPerName","lineLabelPosition":{"type":"CIMStandardLineLabelPosition","above":true,"inLine":true,"parallel":true},"lineLabelPriorities":{"type":"CIMStandardLineLabelPriorities","aboveStart":3,"aboveAlong":3,"aboveEnd":3,"centerStart":3,"centerAlong":3,"centerEnd":3,"belowStart":3,"belowAlong":3,"belowEnd":3},"pointPlacementMethod":"AroundPoint","pointPlacementPriorities":{"type":"CIMStandardPointPlacementPriorities","aboveLeft":2,"aboveCenter":2,"aboveRight":1,"centerLeft":3,"centerRight":2,"belowLeft":3,"belowCenter":3,"belowRight":2},"rotationType":"Arithmetic","polygonPlacementMethod":"AlwaysHorizontal"},"textSymbol":{"type":"CIMSymbolReference","symbol":{"type":"CIMTextSymbol","blockProgression":"TTB","depth3D":1,"extrapolateBaselines":true,"fontEffects":"Normal","fontEncoding":"Unicode","fontFamilyName":"Tahoma","fontStyleName":"Regular","fontType":"Unspecified","haloSize":1,"height":10,"hinting":"Default","horizontalAlignment":"Left","kerning":true,"letterWidth":100,"ligatures":true,"lineGapType":"ExtraLeading","symbol":{"type":"CIMPolygonSymbol","symbolLayers":[{"type":"CIMSolidFill","enable":true,"color":{"type":"CIMRGBColor","values":[0,0,0,100]}}]},"textCase":"Normal","textDirection":"LTR","verticalAlignment":"Bottom","verticalGlyphOrientation":"Right","wordSpacing":100,"billboardMode3D":"FaceNearPlane"}},"useCodedValue":true,"visibility":true,"iD":-1}],"renderer":{"type":"CIMSimpleRenderer","patch":"Default","symbol":{"type":"CIMSymbolReference","symbol":{"type":"CIMPolygonSymbol","symbolLayers":[{"type":"CIMSolidStroke","enable":true,"capStyle":"Round","joinStyle":"Round","lineStyle3D":"Strip","miterLimit":10,"width":0.69999999999999996,"color":{"type":"CIMRGBColor","values":[110,110,110,100]}},{"type":"CIMSolidFill","enable":true,"color":{"type":"CIMRGBColor","values":[191.860000000000014,252.449999999999989,209.03,100]}}]}}},"scaleSymbols":true,"snappable":true}]}</LayerFile></DataProperties><SyncDate>20220504</SyncDate><SyncTime>14313300</SyncTime><ModDate>20220504</ModDate><ModTime>14313300</ModTime></Esri><dataIdInfo xmlns=""><envirDesc Sync="TRUE">Microsoft Windows 10 Version 10.0 (Build 19044) ; Esri ArcGIS 12.7.0.26828</envirDesc><dataLang><languageCode value="eng" Sync="TRUE"></languageCode><countryCode value="USA" Sync="TRUE"></countryCode></dataLang><idCitation><resTitle Sync="TRUE">NER_ADM2</resTitle><presForm><PresFormCd value="005" Sync="TRUE"></PresFormCd></presForm></idCitation><spatRpType><SpatRepTypCd value="001" Sync="TRUE"></SpatRepTypCd></spatRpType><dataExt><geoEle><GeoBndBox esriExtentType="search"><exTypeCode Sync="TRUE">1</exTypeCode><westBL Sync="TRUE">0.161694</westBL><eastBL Sync="TRUE">15.995640</eastBL><northBL Sync="TRUE">23.515000</northBL><southBL Sync="TRUE">11.697402</southBL></GeoBndBox></geoEle></dataExt></dataIdInfo><mdLang xmlns=""><languageCode value="eng" Sync="TRUE"></languageCode><countryCode value="USA" Sync="TRUE"></countryCode></mdLang><mdChar xmlns=""><CharSetCd value="004" Sync="TRUE"></CharSetCd></mdChar><distInfo xmlns=""><distFormat><formatName Sync="TRUE">Shapefile</formatName></distFormat><distTranOps><transSize Sync="TRUE">0.000</transSize></distTranOps></distInfo><mdHrLv xmlns=""><ScopeCd value="005" Sync="TRUE"></ScopeCd></mdHrLv><mdHrLvName xmlns="" Sync="TRUE">dataset</mdHrLvName><refSysInfo xmlns=""><RefSystem><refSysID><identCode code="4326" Sync="TRUE"></identCode><idCodeSpace Sync="TRUE">EPSG</idCodeSpace><idVersion Sync="TRUE">6.2(3.0.1)</idVersion></refSysID></RefSystem></refSysInfo><spatRepInfo xmlns=""><VectSpatRep><geometObjs Name="NER_ADM2"><geoObjTyp><GeoObjTypCd value="002" Sync="TRUE"></GeoObjTypCd></geoObjTyp><geoObjCnt Sync="TRUE">0</geoObjCnt></geometObjs><topLvl><TopoLevCd value="001" Sync="TRUE"></TopoLevCd></topLvl></VectSpatRep></spatRepInfo><spdoinfo xmlns=""><ptvctinf><esriterm Name="NER_ADM2"><efeatyp Sync="TRUE">Simple</efeatyp><efeageom code="4" Sync="TRUE"></efeageom><esritopo Sync="TRUE">FALSE</esritopo><efeacnt Sync="TRUE">0</efeacnt><spindex Sync="TRUE">FALSE</spindex><linrefer Sync="TRUE">FALSE</linrefer></esriterm></ptvctinf></spdoinfo><eainfo xmlns=""><detailed Name="NER_ADM2"><enttyp><enttypl Sync="TRUE">NER_ADM2</enttypl><enttypt Sync="TRUE">Feature Class</enttypt><enttypc Sync="TRUE">0</enttypc></enttyp><attr><attrlabl Sync="TRUE">FID</attrlabl><attalias Sync="TRUE">FID</attalias><attrtype Sync="TRUE">OID</attrtype><attwidth Sync="TRUE">4</attwidth><atprecis Sync="TRUE">0</atprecis><attscale Sync="TRUE">0</attscale><attrdef Sync="TRUE">Internal feature number.</attrdef><attrdefs Sync="TRUE">Esri</attrdefs><attrdomv><udom Sync="TRUE">Sequential unique whole numbers that are automatically generated.</udom></attrdomv></attr><attr><attrlabl Sync="TRUE">Shape</attrlabl><attalias Sync="TRUE">Shape</attalias><attrtype Sync="TRUE">Geometry</attrtype><attwidth Sync="TRUE">0</attwidth><atprecis Sync="TRUE">0</atprecis><attscale Sync="TRUE">0</attscale><attrdef Sync="TRUE">Feature geometry.</attrdef><attrdefs Sync="TRUE">Esri</attrdefs><attrdomv><udom Sync="TRUE">Coordinates defining the features.</udom></attrdomv></attr><attr><attrlabl Sync="TRUE">Shape_Leng</attrlabl><attalias Sync="TRUE">Shape_Leng</attalias><attrtype Sync="TRUE">Double</attrtype><attwidth Sync="TRUE">19</attwidth><atprecis Sync="TRUE">0</atprecis><attscale Sync="TRUE">0</attscale></attr><attr><attrlabl Sync="TRUE">Shape_Area</attrlabl><attalias Sync="TRUE">Shape_Area</attalias><attrtype Sync="TRUE">Double</attrtype><attwidth Sync="TRUE">19</attwidth><atprecis Sync="TRUE">0</atprecis><attscale Sync="TRUE">0</attscale><attrdef Sync="TRUE">Area of feature in internal units squared.</attrdef><attrdefs Sync="TRUE">Esri</attrdefs><attrdomv><udom Sync="TRUE">Positive real numbers that are automatically generated.</udom></attrdomv></attr><attr><attrlabl Sync="TRUE">Name</attrlabl><attalias Sync="TRUE">Name</attalias><attrtype Sync="TRUE">String</attrtype><attwidth Sync="TRUE">50</attwidth><atprecis Sync="TRUE">0</atprecis><attscale Sync="TRUE">0</attscale></attr><attr><attrlabl Sync="TRUE">Level</attrlabl><attalias Sync="TRUE">Level</attalias><attrtype Sync="TRUE">String</attrtype><attwidth Sync="TRUE">50</attwidth><atprecis Sync="TRUE">0</atprecis><attscale Sync="TRUE">0</attscale></attr></detailed></eainfo><mdDateSt xmlns="" Sync="TRUE">20220504</mdDateSt></MD_Metadata>
